# Blender 4.5.3 LTS
# www.blender.org
o Circle.001
v -0.049807 1.251949 -0.065612
v -0.079863 1.282651 -0.072678
v -0.056749 1.251798 -0.059571
v -0.082873 1.252809 -0.006444
v -0.095162 1.286696 -0.057832
v -0.096828 1.280440 -0.043658
v -0.078480 1.250971 -0.022809
v -0.071613 1.250945 -0.039273
v -0.063865 1.251536 -0.051596
v -0.039337 1.251005 -0.071589
v -0.054432 1.275998 -0.086872
v -0.027736 1.251897 -0.077648
v -0.000867 1.252888 -0.083153
v -0.012986 1.251612 -0.081121
v -0.082569 1.252620 0.007351
v -0.120859 1.305505 0.039148
v -0.102904 1.294696 0.057805
v -0.080583 1.251554 0.015460
v -0.077493 1.251770 0.027720
v -0.072416 1.251033 0.037709
v -0.066330 1.252359 0.049334
v -0.095784 1.304429 0.082118
v -0.076031 1.292383 0.087690
v -0.059499 1.251928 0.056923
v -0.040189 1.251266 0.071351
v -0.027765 1.251057 0.076984
v -0.052163 1.251834 0.063601
v -0.059713 1.288411 0.095780
v -0.040068 1.283902 0.101407
v -0.016812 1.251262 0.080086
v -0.006364 1.252667 0.082752
v 0.027690 1.252199 -0.077891
v 0.012572 1.251891 -0.081362
v 0.038820 1.251625 -0.072380
v 0.042728 1.286881 -0.102975
v 0.052880 1.252213 -0.063563
v 0.062973 1.287520 -0.092744
v 0.065993 1.268587 -0.070088
v 0.064153 1.251571 -0.051261
v 0.098962 1.295914 -0.066183
v 0.071936 1.250726 -0.038415
v 0.078244 1.250907 -0.023448
v 0.082174 1.252500 -0.009967
v 0.083045 1.252755 -0.001366
v 0.100726 1.290890 -0.055170
v 0.112026 1.290105 -0.022258
v 0.056593 1.251601 0.059703
v 0.010114 1.252625 0.082304
v 0.022235 1.251207 0.078699
v 0.007822 1.328376 0.145901
v 0.036557 1.251520 0.073438
v 0.042283 1.282145 0.098999
v 0.044957 1.252797 0.069781
v 0.061328 1.299149 0.105172
v 0.082173 1.252504 0.009785
v 0.078798 1.251109 0.021689
v 0.071853 1.251074 0.038823
v 0.066492 1.252205 0.048898
v 0.076491 1.253021 0.032753
v 0.095074 1.291731 0.065674
v 0.111774 1.289843 0.022424
v 0.108183 1.290630 0.037845
v 0.066935 1.266072 0.066215
v 0.092783 1.299968 0.079846
v -0.073920 1.246920 -0.028785
v 0.018743 1.246920 -0.076953
v 0.068683 1.246920 -0.039512
v 0.044255 1.246920 0.065864
v 0.071574 1.246920 0.034067
v -0.058220 1.246920 -0.053786
v -0.053786 1.246920 -0.058220
v -0.060957 1.246920 0.050681
v 0.068682 1.246920 0.039512
v -0.003751 1.246920 -0.079396
v 0.003751 1.246920 -0.079305
v 0.056078 1.246920 0.056079
v 0.062979 1.246920 0.048178
v -0.071577 1.246920 -0.034068
v -0.011368 1.246920 0.078510
v 0.011369 1.246920 -0.078511
v 0.048180 1.246920 -0.062980
v 0.065864 1.246920 -0.044257
v 0.062980 1.246920 -0.048179
v 0.074978 1.246920 -0.026261
v 0.060956 1.246920 -0.050681
v 0.053782 1.246920 0.058220
v 0.074977 1.246920 0.026261
v 0.066845 1.246920 0.042785
v 0.065864 1.246920 0.044255
v -0.065864 1.246920 -0.044260
v -0.034068 1.246920 -0.071576
v -0.020675 1.246920 -0.076452
v -0.078511 1.246920 0.011369
v -0.003751 1.246920 0.079396
v 0.042785 1.246920 -0.066847
v 0.076451 1.246920 -0.020674
v 0.058220 1.246920 0.053782
v -0.044260 1.246920 -0.065864
v -0.028785 1.246920 -0.073921
v -0.050681 1.246920 -0.060958
v -0.076953 1.246920 0.018743
v 0.044259 1.246920 -0.065864
v 0.011368 1.246920 0.078511
v 0.020674 1.246920 0.076450
v 0.039511 1.246920 0.068682
v 0.078510 1.246920 0.011367
v -0.079395 1.246920 -0.003751
v -0.026261 1.246920 0.074977
v -0.050681 1.246920 0.060956
v 0.026261 1.246920 0.074977
v 0.028781 1.246920 0.073920
v 0.076952 1.246920 0.018741
v -0.048180 1.246920 -0.062981
v -0.020674 1.246920 0.076451
v 0.079394 1.246920 -0.003751
v -0.485304 0.031370 -0.048344
v -0.487090 0.031365 -0.024705
v -0.479356 0.002628 -0.024240
v -0.487719 0.031368 -0.001534
v -0.094592 0.031372 -0.478439
v -0.070612 0.031356 -0.482555
v -0.047107 0.002619 -0.477636
v -0.047950 0.031364 -0.485341
v -0.023751 0.002621 -0.479379
v -0.024934 0.031371 -0.487064
v -0.001376 0.031369 -0.487717
v -0.371319 0.002612 -0.304088
v -0.405522 0.031361 -0.270931
v -0.399858 0.002612 -0.265453
v -0.418109 0.031364 -0.251073
v -0.385229 0.002615 -0.286284
v -0.391728 0.031354 -0.290527
v -0.376933 0.031350 -0.309477
v -0.300919 0.071532 -0.210381
v -0.309663 0.031358 -0.376774
v -0.270909 0.031362 -0.405540
v -0.290562 0.031350 -0.391694
v -0.286477 0.002610 -0.385086
v -0.265667 0.002604 -0.399713
v -0.251438 0.031365 -0.417893
v -0.339429 0.002619 -0.339326
v -0.327462 0.031356 -0.361421
v -0.355114 0.002603 -0.322882
v -0.304730 0.002605 -0.370809
v -0.323271 0.002605 -0.354763
v -0.271160 0.038107 -0.256886
v -0.192656 0.072120 -0.310484
v -0.225623 0.062726 -0.322566
v -0.359139 0.031385 -0.329956
v -0.272002 0.063246 -0.282318
v -0.277588 0.071587 -0.240098
v -0.246831 0.064378 -0.300066
v -0.224709 0.048112 -0.259741
v -0.422985 0.002619 -0.226809
v -0.433939 0.002622 -0.205089
v -0.430471 0.031354 -0.229261
v -0.441221 0.031368 -0.207789
v -0.450935 0.031369 -0.185812
v -0.459483 0.031368 -0.163525
v -0.473415 0.031370 -0.117244
v -0.459707 0.002622 -0.137966
v -0.466883 0.031366 -0.141002
v -0.451972 0.002631 -0.161483
v -0.443545 0.002624 -0.183377
v -0.343005 0.040479 -0.128687
v -0.411574 0.002617 -0.246913
v -0.358535 0.031751 -0.160016
v -0.478515 0.031368 -0.094181
v -0.465627 0.002631 -0.116400
v -0.470700 0.002627 -0.093800
v -0.474865 0.002631 -0.069648
v -0.482554 0.031365 -0.070764
v -0.477666 0.002626 -0.046977
v -0.479969 0.002625 -0.002263
v -0.287554 0.066683 -0.004007
v -0.370775 0.034532 -0.100715
v -0.371489 0.063430 -0.123606
v -0.365025 0.060964 -0.160931
v -0.383296 0.062157 -0.096347
v -0.281108 0.066747 -0.059797
v -0.289389 0.095169 -0.062752
v -0.293819 0.095229 -0.035424
v -0.295263 0.095422 0.007354
v -0.318286 0.040644 -0.180445
v -0.302036 0.039739 -0.211290
v -0.329899 0.067736 -0.185741
v -0.299570 0.050751 -0.151125
v -0.270229 0.095191 -0.120983
v -0.228732 0.067647 -0.170100
v -0.260878 0.052298 -0.203456
v -0.261585 0.066944 -0.117726
v -0.250201 0.095551 -0.156297
v -0.263175 0.095740 -0.132195
v -0.249953 0.066992 -0.140513
v -0.280647 0.095405 -0.092352
v -0.273406 0.066773 -0.088450
v -0.284520 0.067225 -0.030580
v -0.294957 0.095312 -0.020872
v -0.268125 0.066763 -0.103399
v -0.220296 0.090193 -0.050239
v -0.210083 0.095817 -0.022400
v -0.231813 0.114254 -0.082840
v -0.207200 0.126934 -0.048302
v -0.217945 0.124317 -0.027546
v -0.130023 0.158500 -0.001823
v -0.229184 0.031346 -0.430500
v -0.205245 0.002615 -0.433856
v -0.207602 0.031357 -0.441318
v -0.181944 0.002594 -0.444157
v -0.185511 0.031357 -0.451052
v -0.227034 0.002614 -0.422858
v -0.161313 0.002623 -0.452035
v -0.163772 0.031363 -0.459384
v -0.138495 0.002618 -0.459538
v -0.140777 0.031354 -0.466940
v -0.116483 0.002622 -0.465606
v -0.120502 0.036787 -0.357702
v -0.246845 0.002603 -0.411602
v -0.170516 0.067560 -0.338593
v -0.146968 0.066216 -0.353713
v -0.116165 0.070798 -0.350627
v -0.179256 0.050141 -0.285751
v -0.219744 0.039301 -0.297439
v -0.202476 0.095673 -0.214068
v -0.186885 0.095513 -0.228299
v -0.171049 0.095800 -0.239461
v -0.163737 0.041546 -0.324167
v -0.121311 0.095514 -0.269036
v -0.163221 0.066786 -0.236569
v -0.146229 0.095612 -0.256061
v -0.092880 0.002618 -0.470871
v -0.117468 0.031362 -0.473350
v -0.068880 0.002620 -0.474977
v -0.002120 0.002629 -0.479976
v -0.010447 0.066936 -0.286763
v -0.072489 0.067014 -0.277298
v -0.081064 0.069650 -0.363913
v -0.028424 0.095278 -0.294367
v -0.008627 0.095186 -0.295901
v -0.049662 0.067050 -0.282253
v -0.090093 0.066892 -0.272529
v -0.108075 0.067321 -0.264508
v -0.070157 0.095599 -0.286465
v -0.067192 0.086522 -0.225882
v -0.103996 0.095678 -0.275648
v -0.068711 0.121463 -0.216474
v -0.048700 0.095302 -0.291689
v -0.028662 0.127671 -0.208990
v -0.213687 0.095635 -0.203095
v -0.232500 0.095592 -0.181392
v -0.188309 0.066901 -0.216572
v -0.208004 0.067043 -0.197196
v -0.174562 0.129673 -0.108924
v -0.137301 0.136413 -0.128350
v -0.138893 0.095048 -0.161795
v -0.119335 0.091649 -0.187379
v -0.128257 0.067211 -0.255754
v -0.090209 0.132374 -0.176858
v -0.111532 0.154495 -0.085699
v -0.130670 0.112139 -0.106288
v -0.124184 0.135020 -0.145939
v -0.128605 0.105899 -0.132659
v -0.192867 0.092197 -0.107432
v -0.169098 0.138165 -0.071072
v -0.155311 0.106128 -0.099122
v -0.160732 0.112048 -0.051146
v -0.116971 0.131702 -0.006718
v -0.121999 0.158587 -0.044441
v -0.162419 0.108780 -0.070843
v -0.087254 0.131830 -0.077673
v -0.111780 0.158500 -0.066625
v -0.115242 0.158693 -0.059555
v -0.105896 0.158436 -0.075602
v -0.128753 0.158633 -0.016182
v -0.125279 0.158619 -0.033785
v -0.077277 0.110693 -0.154010
v -0.108803 0.130691 -0.171305
v -0.051507 0.153235 -0.134430
v -0.070936 0.158662 -0.108580
v -0.058388 0.158653 -0.115833
v -0.025960 0.099078 -0.200973
v -0.039777 0.130272 -0.114256
v -0.029980 0.158676 -0.126151
v -0.040743 0.158656 -0.123190
v -0.003664 0.131715 -0.117131
v -0.014135 0.158639 -0.128986
v -0.093176 0.131854 -0.070425
v -0.095617 0.158479 -0.088314
v -0.082899 0.158556 -0.099977
v -0.075483 0.131445 -0.090249
v -0.055150 0.130311 -0.107543
v -0.072295 0.129881 -0.098354
v -0.065882 0.134582 -0.092432
v -0.076129 0.138038 -0.078847
v -0.109958 0.131451 -0.041686
v -0.101973 0.131759 -0.057330
v -0.073539 0.161701 -0.035549
v -0.114884 0.131752 -0.022403
v -0.064127 0.176396 -0.003631
v -0.103094 0.139185 -0.033051
v -0.062850 0.176348 -0.013962
v -0.052370 0.176450 -0.037216
v -0.058559 0.176413 -0.026605
v -0.055907 0.135889 -0.097116
v -0.041921 0.134896 -0.105269
v -0.024680 0.131677 -0.114514
v -0.006363 0.176334 -0.064057
v -0.021159 0.176425 -0.060689
v -0.061968 0.195396 -0.060278
v -0.072986 0.195525 -0.046135
v -0.050451 0.195457 -0.069970
v -0.081198 0.195337 -0.029742
v -0.086438 0.195391 -0.002865
v -0.070852 0.220152 -0.030359
v -0.063360 0.250571 -0.016625
v -0.085058 0.195381 -0.014905
v -0.056590 0.250558 -0.032984
v -0.060021 0.251020 -0.025553
v -0.065272 0.250848 -0.005723
v -0.059103 0.298055 -0.013179
v -0.058936 0.313714 -0.003776
v -0.038006 0.195555 -0.077482
v -0.025241 0.195471 -0.082569
v -0.029267 0.176453 -0.057178
v -0.042450 0.250939 -0.049739
v -0.040710 0.227704 -0.062050
v -0.032379 0.250681 -0.056985
v -0.014366 0.195459 -0.085149
v -0.025172 0.251294 -0.060155
v -0.003634 0.251002 -0.065319
v -0.047123 0.176500 -0.043634
v -0.038115 0.209629 -0.035067
v -0.040321 0.176394 -0.050050
v -0.030099 0.212595 -0.040762
v -0.052418 0.198791 -0.019209
v -0.053222 0.234291 -0.048158
v -0.038917 0.223136 -0.025904
v -0.047456 0.217789 -0.010849
v -0.038684 0.243839 -0.003471
v -0.034421 0.243235 -0.018638
v -0.011237 0.218470 -0.047113
v -0.019775 0.204297 -0.050029
v -0.003768 0.243844 -0.038675
v -0.015703 0.250723 -0.063554
v -0.014785 0.292570 -0.059293
v -0.003776 0.315586 -0.058762
v -0.051738 0.250660 -0.040234
v -0.028090 0.242110 -0.027548
v -0.037166 0.243675 -0.011572
v -0.051573 0.284317 -0.034074
v -0.052443 0.317235 -0.026418
v -0.029441 0.282572 -0.018677
v -0.029767 0.315648 -0.011261
v -0.018711 0.243275 -0.034330
v -0.011330 0.244335 -0.037075
v -0.018999 0.288849 -0.028606
v -0.026791 0.314663 -0.052537
v -0.024016 0.290764 -0.024104
v -0.046423 0.328773 -0.034439
v -0.034463 0.298212 -0.049781
v -0.043073 0.294142 -0.043090
v -0.054749 0.324177 -0.019722
v -0.030312 0.331804 -0.003861
v -0.035080 0.369238 -0.041989
v -0.039413 0.404549 -0.034307
v -0.051599 0.394572 -0.011115
v -0.051402 0.368342 -0.018669
v -0.018841 0.358634 -0.052105
v -0.003868 0.331713 -0.030318
v -0.011315 0.374644 -0.052976
v -0.024158 0.328245 -0.019187
v -0.019259 0.372018 -0.019864
v -0.022965 0.399605 -0.011214
v -0.011496 0.323374 -0.029014
v -0.003732 0.382661 -0.026536
v -0.044813 0.409113 -0.026189
v -0.026695 0.405727 -0.044760
v -0.052626 0.397033 -0.003646
v -0.031946 0.438686 -0.038670
v -0.046396 0.441702 -0.018812
v -0.049237 0.456472 -0.003654
v -0.003802 0.398498 -0.052520
v -0.026257 0.386727 -0.003789
v -0.011585 0.409900 -0.022102
v -0.018868 0.442221 -0.046314
v -0.011075 0.454428 -0.048052
v -0.003608 0.460957 -0.049022
v -0.016847 0.427431 -0.016880
v -0.020548 0.436063 -0.011609
v -0.038553 0.515934 -0.026173
v -0.033426 0.502783 -0.033428
v -0.043725 0.493022 -0.018740
v -0.045083 0.516622 -0.011585
v -0.026318 0.487457 -0.040016
v -0.018069 0.476125 -0.011896
v -0.022603 0.446884 -0.003529
v -0.003752 0.450426 -0.022414
v -0.010781 0.504689 -0.017057
v -0.018466 0.507755 -0.043181
v -0.020184 0.500306 -0.003529
v -0.013793 0.530550 -0.013176
v -0.045189 0.555653 -0.003467
v -0.031015 0.603599 -0.031191
v -0.043403 0.570779 -0.011378
v -0.026447 0.539302 -0.037341
v -0.003969 0.554700 -0.045170
v -0.016039 0.551362 -0.008930
v -0.003697 0.536216 -0.018844
v -0.011309 0.535239 -0.044484
v -0.017643 0.576209 -0.003861
v -0.009143 0.583682 -0.014893
v -0.034888 0.621522 -0.026475
v -0.043369 0.639515 -0.003784
v -0.039852 0.605271 -0.018912
v -0.041555 0.689786 -0.011250
v -0.026450 0.611362 -0.035236
v -0.018958 0.610058 -0.039643
v -0.011109 0.626279 -0.042289
v -0.003829 0.638565 -0.043388
v -0.003698 0.622318 -0.016695
v -0.012191 0.637816 -0.012248
v -0.034084 0.723553 -0.026471
v -0.038679 0.700922 -0.018797
v -0.016292 0.651950 -0.003409
v -0.003170 0.700767 -0.015946
v -0.018762 0.708237 -0.038729
v -0.026978 0.700843 -0.033616
v -0.011338 0.723273 -0.041643
v -0.003708 0.757620 -0.043113
v -0.015998 0.732815 -0.003295
v -0.011881 0.725886 -0.011881
v -0.030761 0.778469 -0.030570
v -0.043020 0.723988 -0.003748
v -0.043923 0.806909 -0.003919
v -0.003470 0.754143 -0.016203
v -0.035650 0.818137 -0.026296
v -0.042585 0.805208 -0.011313
v -0.039733 0.809997 -0.019068
v -0.011272 0.804569 -0.042583
v -0.017481 0.829794 -0.003991
v -0.012636 0.832415 -0.012913
v -0.003775 0.844959 -0.017840
v -0.026207 0.802426 -0.035367
v -0.018955 0.806806 -0.039731
v -0.032354 0.875932 -0.032442
v -0.045353 0.863747 0.003494
v -0.045220 0.898389 -0.011241
v -0.045469 0.867339 -0.004011
v -0.038840 0.908388 -0.026556
v -0.044941 0.945205 -0.018491
v -0.026296 0.897861 -0.038463
v -0.015663 0.854789 -0.009208
v -0.009238 0.856878 -0.015679
v -0.011187 0.894125 -0.045058
v -0.003623 0.853602 -0.045063
v -0.020445 0.919860 -0.003719
v -0.013828 0.897861 -0.013836
v -0.003662 0.961637 -0.022299
v -0.048738 0.947389 -0.003722
v -0.034886 0.950575 -0.034515
v -0.032869 0.978466 -0.038181
v -0.051586 1.018552 -0.011070
v -0.003708 0.952772 -0.048972
v -0.017854 0.929228 -0.011441
v -0.011535 0.959317 -0.019543
v -0.018510 0.937752 -0.044566
v -0.026134 1.003778 -0.044784
v -0.011228 0.981935 -0.049391
v -0.016525 0.972114 -0.015932
v -0.020908 0.984759 -0.011601
v -0.479360 0.002633 0.023993
v -0.487092 0.031369 0.024696
v -0.477577 0.002639 0.047659
v -0.485331 0.031369 0.048039
v -0.474818 0.002630 0.069993
v -0.482543 0.031369 0.070827
v -0.470664 0.002629 0.093977
v -0.478515 0.031372 0.094234
v -0.465688 0.002634 0.116159
v -0.473363 0.031371 0.117427
v -0.286006 0.066624 0.031711
v -0.279942 0.066806 0.064431
v -0.466969 0.031366 0.140736
v -0.460257 0.002637 0.135952
v -0.451993 0.002634 0.161436
v -0.451072 0.031372 0.185488
v -0.443878 0.002625 0.182576
v -0.433934 0.002619 0.205076
v -0.422997 0.002612 0.226785
v -0.430424 0.031359 0.229343
v -0.418155 0.031367 0.251007
v -0.411551 0.002620 0.246935
v -0.368096 0.068253 0.081663
v -0.294326 0.095268 0.029121
v -0.382196 0.059875 0.125204
v -0.459504 0.031364 0.163465
v -0.369572 0.060567 0.153026
v -0.441244 0.031371 0.207763
v -0.325444 0.061598 0.227399
v -0.324609 0.030773 0.226020
v -0.287187 0.066692 0.013570
v -0.282889 0.066864 0.048992
v -0.291567 0.095377 0.048186
v -0.273225 0.066641 0.090275
v -0.286927 0.095280 0.071530
v -0.280596 0.095399 0.092542
v -0.229327 0.085570 0.063980
v -0.214187 0.088758 0.082995
v -0.129020 0.158641 0.013759
v -0.273078 0.095192 0.114121
v -0.322910 0.047240 0.124409
v -0.313560 0.045526 0.158187
v -0.365599 0.058998 0.173575
v -0.263890 0.095232 0.133992
v -0.323079 0.070061 0.183589
v -0.289885 0.048414 0.182410
v -0.262094 0.067026 0.116049
v -0.247235 0.066766 0.146753
v -0.230785 0.067006 0.169957
v -0.217652 0.066787 0.187626
v -0.243752 0.095478 0.166636
v -0.399711 0.002634 0.265681
v -0.385268 0.002628 0.286221
v -0.371124 0.002621 0.304340
v -0.376996 0.031366 0.309398
v -0.353884 0.002646 0.324232
v -0.405488 0.031363 0.270980
v -0.392007 0.031361 0.290169
v -0.361590 0.031351 0.327279
v -0.323358 0.002620 0.354680
v -0.237163 0.042585 0.270886
v -0.304227 0.002612 0.371205
v -0.290261 0.031351 0.391928
v -0.286525 0.002612 0.385048
v -0.265905 0.002621 0.399557
v -0.270976 0.031351 0.405491
v -0.251081 0.031365 0.418105
v -0.246798 0.002616 0.411639
v -0.283007 0.070214 0.240078
v -0.345116 0.031365 0.344593
v -0.294887 0.026827 0.281092
v -0.267472 0.068013 0.266583
v -0.203968 0.067008 0.201391
v -0.247667 0.060325 0.315182
v -0.327478 0.031353 0.361404
v -0.309676 0.031360 0.376770
v -0.183803 0.098932 0.086289
v -0.114866 0.130152 0.038615
v -0.201468 0.128930 0.050378
v -0.172379 0.109750 0.028342
v -0.201347 0.124832 0.084650
v -0.207994 0.116802 0.118488
v -0.116786 0.131726 0.007475
v -0.125663 0.158649 0.032374
v -0.121743 0.158580 0.045205
v -0.114951 0.131688 0.022628
v -0.117634 0.167346 0.021157
v -0.115532 0.158472 0.060084
v -0.103221 0.131369 0.057206
v -0.115405 0.153369 0.085486
v -0.096381 0.130748 0.070891
v -0.181918 0.093602 0.118458
v -0.161282 0.095754 0.136608
v -0.213948 0.095490 0.203402
v -0.188019 0.066856 0.216968
v -0.226931 0.095578 0.188598
v -0.202832 0.112849 0.145622
v -0.194156 0.095483 0.222445
v -0.137696 0.094200 0.165743
v -0.122035 0.089607 0.192002
v -0.143490 0.133525 0.132861
v -0.118961 0.109034 0.130553
v -0.138799 0.127676 0.158696
v -0.113710 0.134379 0.156352
v -0.182206 0.095441 0.232428
v -0.159888 0.095497 0.248161
v -0.064056 0.176329 0.004697
v -0.063382 0.176294 0.010876
v -0.109854 0.133489 0.033605
v -0.100768 0.135336 0.050654
v -0.065355 0.162346 0.047684
v -0.102902 0.157589 0.083051
v -0.092804 0.132614 0.069211
v -0.084691 0.131231 0.082202
v -0.092391 0.128094 0.086651
v -0.078789 0.137148 0.077953
v -0.061902 0.153444 0.067294
v -0.071935 0.158555 0.108140
v -0.066238 0.132993 0.094450
v -0.035514 0.130466 0.115134
v -0.039131 0.176352 0.051036
v -0.030350 0.176348 0.056826
v -0.034390 0.154390 0.083488
v -0.054609 0.135247 0.098671
v -0.039150 0.134641 0.106521
v -0.025923 0.139581 0.104587
v -0.018194 0.131765 0.115677
v -0.001903 0.131696 0.117132
v -0.094462 0.098858 0.180013
v -0.076591 0.093727 0.202723
v -0.076099 0.067112 0.276077
v -0.070250 0.130184 0.098768
v -0.053190 0.130592 0.107772
v -0.102383 0.125348 0.191367
v -0.070614 0.135062 0.178097
v -0.100751 0.095551 0.277213
v -0.056133 0.127994 0.202367
v -0.031923 0.158737 0.125632
v -0.017324 0.158674 0.128535
v -0.028618 0.101433 0.194486
v -0.038541 0.121718 0.223178
v -0.029709 0.095325 0.294081
v -0.215461 0.037926 0.305759
v -0.227341 0.002622 0.422692
v -0.204985 0.002612 0.433968
v -0.136211 0.037441 0.349936
v -0.161428 0.002624 0.451991
v -0.113245 0.032635 0.373009
v -0.183676 0.002631 0.443413
v -0.163208 0.031354 0.459590
v -0.139109 0.002627 0.459352
v -0.116308 0.002626 0.465649
v -0.176743 0.042777 0.313015
v -0.191277 0.065021 0.336116
v -0.161511 0.066745 0.237921
v -0.103166 0.066885 0.267862
v -0.128381 0.066953 0.256539
v -0.119868 0.095341 0.270236
v -0.152012 0.069157 0.342069
v -0.147723 0.095672 0.255000
v -0.229439 0.031357 0.430368
v -0.206909 0.031365 0.441617
v -0.185551 0.031361 0.451042
v -0.063966 0.037107 0.371001
v -0.093656 0.002624 0.470725
v -0.070647 0.002633 0.474726
v -0.002152 0.002625 0.479974
v -0.023496 0.002625 0.479385
v -0.095458 0.031778 0.380610
v -0.081765 0.069623 0.363843
v -0.140054 0.031347 0.467162
v -0.078791 0.095498 0.284465
v -0.049993 0.066887 0.282635
v -0.011255 0.095188 0.295827
v -0.013053 0.066752 0.287140
v -0.049867 0.095392 0.291233
v -0.117461 0.031362 0.473350
v -0.094176 0.031364 0.478518
v -0.046529 0.002623 0.477697
v -0.047719 0.031367 0.485370
v -0.070996 0.031361 0.482509
v -0.001664 0.031369 0.487718
v -0.025003 0.031369 0.487068
v -0.085177 0.195434 0.014577
v -0.081387 0.195291 0.029172
v -0.111811 0.162305 0.057029
v -0.104297 0.161434 0.071551
v -0.061040 0.176399 0.019925
v -0.057857 0.176218 0.028285
v -0.075002 0.195441 0.042718
v -0.064250 0.195352 0.057786
v -0.069995 0.195331 0.050577
v -0.071176 0.219194 0.030498
v -0.063151 0.250657 0.017216
v -0.092797 0.161010 0.086719
v -0.059213 0.158575 0.115595
v -0.065020 0.250839 0.007266
v -0.059753 0.250976 0.026247
v -0.058313 0.319570 0.003633
v -0.059836 0.294052 0.011298
v -0.052691 0.198593 0.018689
v -0.052266 0.176467 0.037452
v -0.048000 0.176298 0.042861
v -0.048105 0.216044 0.010817
v -0.035086 0.242394 0.017949
v -0.038599 0.243528 0.003845
v -0.033148 0.243091 0.020735
v -0.030902 0.222133 0.035505
v -0.035900 0.216771 0.033578
v -0.041844 0.221244 0.064165
v -0.021306 0.176491 0.060654
v -0.027356 0.207402 0.044896
v -0.012176 0.205962 0.051722
v -0.003845 0.243525 0.038771
v -0.011439 0.243501 0.037253
v -0.083118 0.158591 0.099798
v -0.053050 0.195572 0.068072
v -0.037696 0.195472 0.077701
v -0.042469 0.158652 0.122548
v -0.033242 0.238022 0.061936
v -0.024601 0.195336 0.082902
v -0.010121 0.176303 0.063468
v -0.003482 0.176301 0.064254
v -0.001438 0.195395 0.086355
v -0.002777 0.158539 0.129948
v -0.014627 0.195335 0.085198
v -0.005913 0.250882 0.065261
v -0.058219 0.289932 0.018900
v -0.037181 0.243774 0.011373
v -0.058581 0.235092 0.040800
v -0.051736 0.236064 0.048670
v -0.050464 0.250417 0.041626
v -0.056451 0.250888 0.032966
v -0.042222 0.250101 0.050292
v -0.027322 0.241933 0.028301
v -0.034611 0.250728 0.055498
v -0.052391 0.318395 0.026399
v -0.029800 0.316035 0.011163
v -0.042279 0.319933 0.040569
v -0.042211 0.270987 0.047015
v -0.033930 0.284526 0.051641
v -0.029646 0.281537 0.018515
v -0.019375 0.243163 0.033939
v -0.022574 0.250745 0.061385
v -0.024182 0.286896 0.024465
v -0.012251 0.300670 0.030840
v -0.019412 0.342353 0.053149
v -0.011258 0.300124 0.059179
v -0.003685 0.323759 0.058005
v -0.053021 0.374448 0.011223
v -0.052672 0.350956 0.019022
v -0.029841 0.335609 0.004084
v -0.047639 0.327136 0.032949
v -0.044972 0.404089 0.026520
v -0.034643 0.384862 0.040829
v -0.034499 0.327237 0.046520
v -0.040630 0.392425 0.034139
v -0.024526 0.327981 0.018684
v -0.018879 0.323361 0.024895
v -0.026785 0.311631 0.052845
v -0.004034 0.332377 0.030219
v -0.021277 0.339042 0.021092
v -0.022581 0.405006 0.011126
v -0.011406 0.395648 0.023153
v -0.052425 0.398993 0.003889
v -0.046958 0.431185 0.018936
v -0.049274 0.433628 0.011171
v -0.048559 0.468364 0.003389
v -0.003531 0.437268 0.023151
v -0.026594 0.394565 0.045685
v -0.011477 0.390144 0.051871
v -0.003977 0.401643 0.052259
v -0.022584 0.444355 0.003784
v -0.015515 0.446627 0.016467
v -0.019173 0.437411 0.046514
v -0.036052 0.446552 0.034393
v -0.026685 0.473091 0.040540
v -0.045825 0.500940 0.011381
v -0.043231 0.504962 0.018603
v -0.038217 0.516486 0.026535
v -0.033197 0.511839 0.033070
v -0.018706 0.467130 0.011627
v -0.020308 0.491654 0.004242
v -0.011674 0.462077 0.018978
v -0.003653 0.488175 0.020696
v -0.018860 0.491398 0.043745
v -0.003728 0.496353 0.047360
v -0.045182 0.552235 0.003905
v -0.043684 0.562264 0.011294
v -0.031287 0.583666 0.031592
v -0.016251 0.536288 0.009587
v -0.008836 0.556683 0.015744
v -0.013368 0.541328 0.013363
v -0.011532 0.501833 0.045743
v -0.016965 0.595532 0.004482
v -0.003670 0.565392 0.017952
v -0.026428 0.536217 0.037520
v -0.019353 0.603571 0.039651
v -0.011541 0.563241 0.043560
v -0.003988 0.556303 0.045121
v -0.035145 0.624548 0.026053
v -0.043281 0.640421 0.003768
v -0.039668 0.604202 0.019303
v -0.041540 0.684323 0.011295
v -0.030829 0.651311 0.030259
v -0.026515 0.621449 0.034864
v -0.016087 0.651215 0.003832
v -0.012161 0.645157 0.012106
v -0.003344 0.657167 0.016176
v -0.011296 0.647201 0.041976
v -0.003669 0.682105 0.042920
v -0.038714 0.702476 0.018705
v -0.042914 0.725663 0.003744
v -0.034093 0.725459 0.026470
v -0.018727 0.704160 0.038692
v -0.011344 0.740934 0.041689
v -0.027010 0.722978 0.033701
v -0.015851 0.734405 0.003686
v -0.011900 0.727031 0.011888
v -0.003216 0.733082 0.016013
v -0.003896 0.805160 0.043895
v -0.043943 0.812896 0.003984
v -0.042617 0.804490 0.011127
v -0.039531 0.806976 0.019334
v -0.027268 0.789000 0.034334
v -0.035421 0.804668 0.026226
v -0.017849 0.853709 0.004145
v -0.012644 0.812967 0.012533
v -0.003974 0.823957 0.017260
v -0.019241 0.811139 0.039709
v -0.015643 0.860242 0.009452
v -0.027487 0.847907 0.035601
v -0.011344 0.848384 0.043549
v -0.037705 0.881579 0.026376
v -0.032895 0.894086 0.032822
v -0.045192 0.897775 0.011205
v -0.013194 0.877995 0.013623
v -0.009740 0.876597 0.016072
v -0.004083 0.877960 0.045774
v -0.003748 0.953480 0.021918
v -0.018539 0.942673 0.044784
v -0.011674 0.908084 0.045542
v -0.048626 0.946809 0.003472
v -0.043958 0.922957 0.018527
v -0.040758 0.944938 0.026734
v -0.046504 0.973854 0.018765
v -0.022711 0.972415 0.004174
v -0.018150 0.936640 0.011600
v -0.011964 0.952117 0.018944
v -0.026457 0.915070 0.039280
v -0.011052 1.019183 0.051625
v -0.003872 1.011912 0.052241
v -0.477563 1.715448 -0.169604
v -0.455741 1.672323 -0.114461
v -0.524170 1.773926 -0.187767
v -0.536505 1.757010 -0.079185
v -0.523762 1.747317 -0.104276
v -0.533210 1.749372 -0.052678
v -0.519166 1.785400 -0.103287
v -0.492894 1.900334 -0.446185
v -0.534055 1.900330 -0.395996
v -0.483130 1.826331 -0.358467
v -0.514176 1.900329 -0.421488
v -0.585985 1.900324 -0.314098
v -0.570078 1.900334 -0.342109
v -0.570195 1.860302 -0.269376
v -0.525527 1.839241 -0.314850
v -0.534314 1.831420 -0.285770
v -0.471385 1.776388 -0.223427
v -0.486053 1.829011 -0.291264
v -0.504937 1.876899 -0.337903
v -0.519000 1.852536 -0.346415
v -0.542377 1.868025 -0.256546
v -0.523048 1.859886 -0.279453
v -0.498761 1.921001 -0.409411
v -0.518324 1.920999 -0.384344
v -0.568546 1.921006 -0.305204
v -0.553582 1.920997 -0.331541
v -0.553123 1.900336 -0.368887
v -0.601146 1.900337 -0.283998
v -0.583423 1.921013 -0.275694
v -0.596250 1.921001 -0.246719
v -0.536379 1.920999 -0.358721
v -0.626217 1.900336 -0.223325
v -0.584150 1.848353 -0.209022
v -0.636283 1.900340 -0.192775
v -0.657716 1.900343 -0.097189
v -0.652226 1.900367 -0.129033
v -0.595739 1.850982 -0.181157
v -0.645140 1.900331 -0.160625
v -0.580330 1.814659 -0.114986
v -0.661676 1.900335 -0.064791
v -0.607724 1.836960 -0.059925
v -0.605775 1.839162 -0.090912
v -0.611517 1.838767 -0.029246
v -0.644537 1.920997 -0.030831
v -0.645265 1.921008 -0.001895
v -0.607897 1.921010 -0.216470
v -0.625896 1.921004 -0.156945
v -0.632994 1.921019 -0.125286
v -0.664013 1.900336 -0.033306
v -0.664867 1.900332 -0.001798
v -0.638359 1.921011 -0.094144
v -0.642106 1.920994 -0.063669
v -0.527485 1.767401 -0.160019
v -0.576208 1.817344 -0.143854
v -0.578918 1.856690 -0.115364
v -0.614495 1.900331 -0.253829
v -0.556499 1.846637 -0.169369
v -0.617578 1.921023 -0.186998
v -0.557838 1.859438 -0.200123
v -0.547536 1.859378 -0.226651
v -0.581591 1.867600 -0.146002
v -0.497073 1.751879 -0.205664
v -0.553389 1.823285 -0.229201
v -0.514294 1.805083 -0.183868
v -0.520360 1.750332 -0.131172
v -0.515115 1.787474 -0.129450
v -0.526775 1.789103 -0.078132
v -0.568913 1.834862 -0.055739
v -0.261713 1.456243 -0.123928
v -0.263815 1.467811 -0.141199
v -0.270437 1.487258 -0.162401
v -0.241676 1.481459 -0.128678
v -0.313867 1.485891 -0.016646
v -0.228272 1.392843 -0.062796
v -0.260059 1.437304 -0.085846
v -0.300460 1.491265 -0.106514
v -0.325428 1.511347 -0.081829
v -0.261553 1.448309 -0.107935
v -0.272485 1.445708 -0.067742
v -0.228974 1.438022 -0.063596
v -0.255314 1.484130 -0.104862
v -0.280571 1.504561 -0.084594
v -0.282475 1.451565 -0.042668
v -0.300827 1.471446 -0.029395
v -0.285473 1.495471 -0.003567
v -0.252328 1.460167 -0.043729
v -0.039544 1.006010 -0.033907
v -0.044858 1.005055 -0.026120
v -0.052576 1.016444 -0.003840
v -0.023082 0.974278 -0.003220
v -0.022689 1.004110 -0.010230
v -0.003822 1.017086 -0.025598
v -0.000605 1.019187 -0.053070
v -0.020769 1.054010 -0.019455
v -0.029959 1.078796 -0.003820
v -0.010091 1.004491 -0.022757
v -0.015357 1.032546 -0.021794
v -0.038949 1.049430 -0.038761
v -0.045130 1.070664 -0.034183
v -0.052097 1.054486 -0.018639
v -0.052665 1.098364 -0.026403
v -0.058424 1.104735 -0.010950
v -0.059633 1.107689 -0.003610
v -0.049443 1.112943 -0.034587
v -0.033861 1.063573 -0.044679
v -0.057111 1.111730 -0.018777
v -0.030238 1.103660 -0.011368
v -0.018903 1.050785 -0.051743
v -0.011332 1.041277 -0.053139
v -0.003814 1.102238 -0.059118
v -0.011242 1.096820 -0.029647
v -0.018347 1.121545 -0.058216
v -0.025997 1.088967 -0.051996
v -0.003765 1.078448 -0.030054
v -0.025637 1.108052 -0.020493
v -0.018655 1.114726 -0.027769
v -0.064245 1.162343 -0.011148
v -0.065363 1.162185 -0.000813
v -0.073392 1.234001 -0.074001
v -0.098924 1.233563 -0.031947
v -0.103032 1.233824 -0.014635
v -0.055954 1.162479 -0.033693
v -0.056081 1.188808 -0.052507
v -0.069298 1.188761 -0.033232
v -0.064110 1.188631 -0.042232
v -0.072250 1.188716 -0.026000
v -0.075079 1.188246 -0.015288
v -0.077354 1.189648 -0.001238
v -0.086497 1.233613 -0.057671
v -0.065846 1.199897 -0.051585
v -0.011409 1.119001 -0.059779
v -0.018387 1.162377 -0.062665
v -0.006758 1.162221 -0.065015
v -0.046899 1.138889 -0.041753
v -0.041780 1.120425 -0.044408
v -0.029379 1.129987 -0.018663
v -0.038737 1.170105 -0.003780
v -0.042805 1.162012 -0.049329
v -0.051020 1.162010 -0.040632
v -0.033605 1.126057 -0.051524
v -0.061763 1.162010 -0.021158
v -0.003712 1.169707 -0.038613
v -0.020798 1.170138 -0.032851
v -0.026465 1.162054 -0.059529
v -0.036616 1.188195 -0.067254
v -0.046471 1.219864 -0.083619
v -0.034666 1.239459 -0.066460
v -0.026081 1.188083 -0.071853
v -0.014361 1.187872 -0.075062
v -0.001368 1.189438 -0.077248
v -0.014841 1.223202 -0.063589
v -0.046933 1.188535 -0.060650
v -0.035134 1.161874 -0.054930
v -0.039133 1.191621 -0.027940
v -0.036037 1.201653 -0.037851
v -0.051085 1.202167 -0.012376
v -0.052712 1.202640 -0.003750
v -0.034552 1.171222 -0.018629
v -0.028598 1.170966 -0.026722
v -0.037282 1.170859 -0.011469
v -0.043601 1.205736 -0.032856
v -0.053945 1.238293 -0.051190
v -0.034081 1.207688 -0.044204
v -0.047840 1.202276 -0.021986
v -0.011044 1.170413 -0.037372
v -0.020203 1.200425 -0.047601
v -0.025565 1.201651 -0.045563
v -0.005496 1.202515 -0.052546
v -0.162197 1.486740 -0.270058
v -0.147702 1.483087 -0.274809
v -0.134666 1.487363 -0.285351
v -0.106655 1.443259 -0.257530
v -0.078122 1.430917 -0.256813
v -0.062462 1.497590 -0.318002
v -0.101347 1.469250 -0.282811
v -0.115023 1.431271 -0.242866
v -0.090650 1.405538 -0.230132
v -0.116653 1.519339 -0.282236
v -0.090218 1.476883 -0.254452
v -0.090660 1.486889 -0.301821
v -0.073153 1.454452 -0.240348
v -0.072104 1.462951 -0.286224
v -0.039289 1.427768 -0.262897
v -0.021488 1.369515 -0.216135
v -0.017092 1.488078 -0.315658
v -0.003071 1.373769 -0.220768
v -0.029489 1.470809 -0.300282
v -0.150870 1.359355 -0.144374
v -0.142283 1.370664 -0.165475
v -0.129431 1.324320 -0.124447
v -0.223005 1.376444 -0.003231
v -0.125543 1.275491 -0.059223
v -0.131463 1.301986 -0.092807
v -0.151210 1.298267 -0.045344
v -0.177086 1.325974 -0.036962
v -0.110748 1.246057 -0.028236
v -0.183690 1.331297 -0.025074
v -0.159949 1.317729 -0.068686
v -0.185863 1.365734 -0.106308
v -0.173057 1.358873 -0.116019
v -0.180203 1.350584 -0.090011
v -0.169160 1.379112 -0.083114
v -0.140151 1.302052 -0.079187
v -0.140177 1.322671 -0.109972
v -0.131363 1.327239 -0.061869
v -0.124873 1.332397 -0.082205
v -0.099557 1.304935 -0.078204
v -0.147413 1.357757 -0.085968
v -0.186200 1.343994 -0.061068
v -0.163765 1.351056 -0.020513
v -0.156455 1.340873 -0.005899
v -0.145930 1.334079 -0.038338
v -0.114307 1.298183 -0.039627
v -0.224529 1.422884 -0.134517
v -0.182102 1.398231 -0.158242
v -0.192956 1.435925 -0.192575
v -0.173241 1.371839 -0.134340
v -0.162642 1.391935 -0.114909
v -0.218113 1.462144 -0.197872
v -0.205420 1.475747 -0.226596
v -0.169448 1.457273 -0.188714
v -0.230649 1.441296 -0.153572
v -0.227877 1.462337 -0.186807
v -0.204365 1.455961 -0.148338
v -0.239330 1.487745 -0.143442
v -0.176454 1.437364 -0.158239
v -0.187015 1.414804 -0.112397
v -0.179109 1.429030 -0.144384
v -0.168309 1.409476 -0.185601
v -0.125579 1.369354 -0.177150
v -0.156458 1.445992 -0.233449
v -0.125948 1.403033 -0.210363
v -0.127361 1.353433 -0.108040
v -0.144708 1.392524 -0.137578
v -0.115769 1.344549 -0.109883
v -0.131745 1.388788 -0.145754
v -0.115215 1.395094 -0.165639
v -0.167619 1.433155 -0.212138
v -0.140576 1.420275 -0.172785
v -0.163730 1.483813 -0.221898
v -0.142127 1.455520 -0.208299
v -0.116815 1.452211 -0.220329
v -0.140722 1.480467 -0.233911
v -0.214107 1.384598 -0.083659
v -0.219483 1.403343 -0.110024
v -0.185000 1.384288 -0.054072
v -0.213328 1.427000 -0.081573
v -0.166377 1.366856 -0.063896
v -0.250071 1.414742 -0.049605
v -0.241761 1.401234 -0.031031
v -0.209474 1.360917 -0.015589
v -0.267625 1.475751 -0.027449
v -0.188024 1.381955 -0.032691
v -0.209946 1.434869 -0.105549
v -0.075463 1.298663 -0.138935
v -0.110880 1.325009 -0.141944
v -0.097399 1.315322 -0.141902
v -0.099312 1.353086 -0.133962
v -0.098362 1.328243 -0.107860
v -0.062501 1.291409 -0.138653
v -0.080758 1.291644 -0.129123
v -0.065590 1.352234 -0.152566
v -0.037236 1.305123 -0.159207
v -0.030639 1.252307 -0.115513
v -0.032304 1.334437 -0.185201
v -0.006189 1.325108 -0.180107
v -0.053640 1.304865 -0.154293
v -0.046617 1.286139 -0.100647
v -0.049766 1.322726 -0.132418
v -0.036129 1.302282 -0.119021
v -0.013620 1.233925 -0.103255
v -0.020889 1.287030 -0.109690
v -0.026272 1.340655 -0.154163
v -0.004007 1.333483 -0.150327
v -0.099394 1.259352 -0.076393
v -0.110762 1.263777 -0.066278
v -0.108097 1.283188 -0.096953
v -0.101968 1.291973 -0.113501
v -0.066491 1.233567 -0.079791
v -0.078441 1.233150 -0.067652
v -0.061745 1.255644 -0.105615
v -0.082299 1.269066 -0.105068
v -0.092962 1.233075 -0.045611
v -0.103737 1.233385 -0.002498
v -0.104773 1.281011 -0.019941
v -0.062972 1.239109 -0.040626
v -0.066328 1.246449 -0.043176
v -0.074533 1.240905 -0.014317
v -0.072024 1.240907 -0.024182
v -0.078821 1.309518 -0.103934
v -0.070366 1.323155 -0.123077
v -0.058817 1.233537 -0.085658
v -0.041770 1.233407 -0.095040
v -0.029353 1.233612 -0.099654
v -0.046314 1.254692 -0.112321
v -0.045441 1.241753 -0.061425
v -0.043176 1.246449 -0.066329
v -0.024752 1.244670 -0.074186
v -0.088823 1.365355 -0.194462
v -0.102045 1.368513 -0.190823
v -0.120407 1.414078 -0.224094
v -0.080254 1.410843 -0.199412
v -0.083549 1.380754 -0.170415
v -0.073616 1.355880 -0.192286
v -0.063607 1.366159 -0.204758
v -0.056083 1.380548 -0.219362
v -0.055409 1.384583 -0.184893
v -0.104702 1.401493 -0.178711
v -0.112622 1.468678 -0.237800
v -0.096156 1.452997 -0.230798
v -0.048939 1.410319 -0.246434
v -0.038280 1.377443 -0.183069
v -0.049328 1.451794 -0.244099
v -0.035231 1.437312 -0.234330
v -0.055109 1.422395 -0.217635
v -0.013540 1.360732 -0.172574
v -0.368715 1.900328 -0.553249
v -0.401919 1.863340 -0.489324
v -0.395905 1.900343 -0.534121
v -0.342427 1.838217 -0.461298
v -0.421155 1.900315 -0.514470
v -0.384312 1.921007 -0.518342
v -0.409525 1.921001 -0.498663
v -0.358987 1.921006 -0.536208
v -0.291880 1.846640 -0.545808
v -0.313694 1.900331 -0.586196
v -0.349975 1.859583 -0.523876
v -0.335203 1.871377 -0.501066
v -0.323057 1.858229 -0.539538
v -0.307658 1.813447 -0.459915
v -0.307064 1.864826 -0.512266
v -0.260447 1.835741 -0.551205
v -0.280826 1.806037 -0.469415
v -0.231675 1.798865 -0.488724
v -0.254158 1.861044 -0.536902
v -0.235626 1.885133 -0.567642
v -0.277692 1.855517 -0.519766
v -0.253376 1.900345 -0.614684
v -0.246882 1.920981 -0.596192
v -0.342008 1.900343 -0.570120
v -0.331232 1.921014 -0.553761
v -0.304730 1.920999 -0.568783
v -0.284032 1.900329 -0.601124
v -0.275721 1.921021 -0.583415
v -0.238001 1.773375 -0.502841
v -0.201664 1.739033 -0.486857
v -0.180418 1.749110 -0.504268
v -0.145552 1.708686 -0.479406
v -0.147091 1.758683 -0.484675
v -0.122482 1.713122 -0.489723
v -0.091756 1.671368 -0.460043
v -0.107444 1.763215 -0.536982
v -0.079747 1.760080 -0.539090
v -0.053055 1.752899 -0.536200
v -0.224289 1.900337 -0.625862
v -0.193060 1.900328 -0.636201
v -0.160933 1.900329 -0.645086
v -0.129719 1.900339 -0.652078
v -0.124845 1.920993 -0.633082
v -0.222177 1.801417 -0.536073
v -0.216797 1.828011 -0.522589
v -0.196621 1.767308 -0.474786
v -0.241068 1.859003 -0.581533
v -0.204292 1.831864 -0.570865
v -0.199266 1.856606 -0.555573
v -0.165875 1.834122 -0.546378
v -0.178603 1.841665 -0.588172
v -0.118078 1.826091 -0.589670
v -0.141893 1.806975 -0.567577
v -0.139888 1.837414 -0.556505
v -0.159850 1.765650 -0.525946
v -0.125529 1.767648 -0.498617
v -0.216996 1.921007 -0.607686
v -0.186502 1.921013 -0.617745
v -0.156815 1.921002 -0.625922
v -0.096533 1.900337 -0.657812
v -0.060003 1.837665 -0.608322
v -0.001600 1.900326 -0.664857
v -0.028765 1.836820 -0.609894
v -0.033383 1.900336 -0.664007
v -0.079106 1.794535 -0.531304
v -0.054864 1.819319 -0.555653
v -0.109242 1.820117 -0.548257
v -0.002088 1.921005 -0.645282
v -0.064785 1.900333 -0.661679
v -0.094863 1.920999 -0.638254
v -0.063889 1.920997 -0.642086
v -0.031636 1.920996 -0.644493
v -0.433923 1.754720 -0.322058
v -0.465262 1.777365 -0.311188
v -0.480185 1.759284 -0.256218
v -0.445230 1.729484 -0.266307
v -0.401578 1.670250 -0.240623
v -0.376614 1.670927 -0.279027
v -0.357226 1.686271 -0.264798
v -0.386347 1.666267 -0.258400
v -0.386354 1.706998 -0.316709
v -0.361896 1.764288 -0.361198
v -0.417079 1.709137 -0.278296
v -0.382930 1.688429 -0.229574
v -0.398514 1.746736 -0.295826
v -0.373215 1.691450 -0.249671
v -0.320599 1.570854 -0.213526
v -0.356069 1.660749 -0.291528
v -0.264874 1.609048 -0.322161
v -0.226844 1.566134 -0.306445
v -0.254309 1.621004 -0.343073
v -0.252232 1.537040 -0.252605
v -0.269179 1.588249 -0.243393
v -0.280867 1.563643 -0.254746
v -0.258811 1.570611 -0.285033
v -0.216423 1.517819 -0.263456
v -0.263964 1.624297 -0.291117
v -0.319809 1.749922 -0.430480
v -0.350623 1.732639 -0.386027
v -0.338464 1.746704 -0.412419
v -0.304826 1.696843 -0.335956
v -0.305135 1.728127 -0.371042
v -0.280285 1.672634 -0.377498
v -0.260772 1.671350 -0.389929
v -0.247950 1.689220 -0.372097
v -0.309651 1.774453 -0.463297
v -0.259585 1.712517 -0.432347
v -0.261526 1.771734 -0.489429
v -0.255532 1.747788 -0.426511
v -0.345533 1.667965 -0.312996
v -0.327245 1.663805 -0.327158
v -0.314059 1.670047 -0.346943
v -0.329766 1.686509 -0.298602
v -0.338559 1.614146 -0.250793
v -0.277024 1.621202 -0.275052
v -0.344362 1.687087 -0.282376
v -0.295842 1.612199 -0.243057
v -0.316393 1.689061 -0.315768
v -0.295873 1.667928 -0.360266
v -0.281230 1.684722 -0.342752
v -0.269331 1.693965 -0.361959
v -0.244690 1.645316 -0.329613
v -0.372164 1.614919 -0.198876
v -0.403640 1.614400 -0.121483
v -0.346170 1.558282 -0.143446
v -0.368416 1.597666 -0.174322
v -0.348640 1.553152 -0.125191
v -0.395098 1.621853 -0.163951
v -0.464043 1.668036 -0.045534
v -0.377899 1.564235 -0.036593
v -0.399200 1.602339 -0.099687
v -0.332145 1.524890 -0.099951
v -0.388700 1.584080 -0.076915
v -0.399997 1.647420 -0.099827
v -0.345068 1.585069 -0.103353
v -0.394665 1.635631 -0.078775
v -0.368812 1.597329 -0.034994
v -0.460606 1.718497 -0.217586
v -0.421078 1.667331 -0.198917
v -0.439190 1.668592 -0.158031
v -0.436378 1.675045 -0.180518
v -0.519339 1.794722 -0.245789
v -0.480748 1.774901 -0.199180
v -0.418520 1.696472 -0.174136
v -0.448012 1.670495 -0.136591
v -0.437829 1.694320 -0.110162
v -0.424375 1.684785 -0.128578
v -0.462207 1.740192 -0.164768
v -0.491568 1.767206 -0.149547
v -0.414773 1.672724 -0.221579
v -0.397338 1.693477 -0.212830
v -0.406553 1.692232 -0.192190
v -0.360828 1.613297 -0.216133
v -0.396692 1.614000 -0.141615
v -0.388045 1.656371 -0.160013
v -0.422852 1.691464 -0.151102
v -0.382899 1.640630 -0.136750
v -0.459652 1.670621 -0.090310
v -0.458858 1.665168 -0.068101
v -0.467339 1.669994 -0.023733
v -0.467519 1.669496 -0.002735
v -0.439951 1.686388 -0.065298
v -0.439677 1.690650 -0.087738
v -0.444085 1.688247 -0.044501
v -0.448162 1.691101 -0.022351
v -0.449182 1.691612 -0.002635
v -0.306494 1.515175 -0.144247
v -0.310032 1.511173 -0.127971
v -0.272242 1.514153 -0.128526
v -0.306472 1.584080 -0.251152
v -0.315951 1.550368 -0.188890
v -0.325281 1.622520 -0.217862
v -0.320304 1.561144 -0.114921
v -0.342499 1.597546 -0.141675
v -0.300992 1.561932 -0.160121
v -0.347263 1.613648 -0.164101
v -0.268986 1.496803 -0.179563
v -0.292540 1.544854 -0.215769
v -0.273709 1.562058 -0.203452
v -0.266109 1.521450 -0.217976
v -0.237245 1.463254 -0.176048
v -0.236801 1.505944 -0.174607
v -0.316064 1.538654 -0.168839
v -0.282007 1.547233 -0.168803
v -0.226060 1.479723 -0.151866
v -0.307862 1.612596 -0.228188
v -0.246815 1.536078 -0.202672
v -0.273906 1.548194 -0.183080
v -0.318246 1.497903 -0.062553
v -0.278602 1.497995 -0.071393
v -0.375376 1.564116 -0.056426
v -0.323044 1.541073 -0.017348
v -0.343364 1.577554 -0.086062
v -0.276623 1.505575 -0.099306
v -0.298236 1.539752 -0.122550
v -0.320520 1.545083 -0.064219
v -0.329600 1.552516 -0.048014
v -0.328430 1.611888 -0.196273
v -0.349499 1.628494 -0.187233
v -0.392913 1.743092 -0.356331
v -0.453673 1.839160 -0.411595
v -0.470355 1.900329 -0.469881
v -0.446272 1.900330 -0.492821
v -0.410754 1.845393 -0.410387
v -0.465175 1.826535 -0.381747
v -0.445520 1.840241 -0.365458
v -0.456805 1.831527 -0.338901
v -0.428754 1.842969 -0.388471
v -0.392718 1.806803 -0.433450
v -0.368529 1.801347 -0.448170
v -0.340218 1.793486 -0.414525
v -0.380968 1.752546 -0.380595
v -0.365543 1.743684 -0.331827
v -0.420834 1.818522 -0.420498
v -0.402657 1.867817 -0.444565
v -0.374900 1.857736 -0.457114
v -0.426967 1.768698 -0.350369
v -0.466325 1.822183 -0.311505
v -0.481530 1.778786 -0.287709
v -0.462944 1.780097 -0.247215
v -0.425568 1.764895 -0.284346
v -0.436792 1.761739 -0.261590
v -0.387779 1.753214 -0.318547
v -0.456753 1.921020 -0.455800
v -0.477984 1.921003 -0.433488
v -0.433813 1.921003 -0.477676
v -0.345519 1.801459 -0.466265
v -0.305149 1.765332 -0.411380
v -0.356321 1.786829 -0.393129
v -0.286660 1.775059 -0.478455
v -0.270593 1.734979 -0.403999
v -0.235693 1.751150 -0.441052
v -0.197845 1.663486 -0.418004
v -0.164099 1.569810 -0.347530
v -0.159888 1.610729 -0.386719
v -0.135369 1.592427 -0.379790
v -0.124866 1.599391 -0.350630
v -0.172803 1.549484 -0.324196
v -0.223359 1.590604 -0.333872
v -0.195644 1.502657 -0.263633
v -0.187316 1.512202 -0.279255
v -0.170014 1.518131 -0.252480
v -0.208260 1.546520 -0.253499
v -0.190664 1.553825 -0.318252
v -0.197769 1.580108 -0.296139
v -0.198611 1.616262 -0.331294
v -0.237959 1.602818 -0.289900
v -0.203181 1.561831 -0.273678
v -0.210010 1.527387 -0.230889
v -0.125375 1.501252 -0.302160
v -0.140892 1.548003 -0.337941
v -0.115988 1.521936 -0.324266
v -0.167705 1.543923 -0.279444
v -0.147070 1.526071 -0.274040
v -0.136997 1.537730 -0.290002
v -0.146220 1.609811 -0.351695
v -0.214912 1.610582 -0.358934
v -0.240157 1.668098 -0.399741
v -0.224462 1.678154 -0.418519
v -0.210063 1.688082 -0.393630
v -0.229647 1.688793 -0.383233
v -0.203705 1.627166 -0.381176
v -0.179056 1.607520 -0.334007
v -0.163368 1.610612 -0.344807
v -0.190050 1.685747 -0.401516
v -0.215946 1.713299 -0.456458
v -0.207683 1.733996 -0.438729
v -0.172272 1.691230 -0.414477
v -0.179145 1.670130 -0.432418
v -0.157606 1.667132 -0.438027
v -0.135196 1.664882 -0.443474
v -0.149577 1.684748 -0.417383
v -0.177148 1.782159 -0.495890
v -0.129580 1.687881 -0.426747
v -0.223364 1.634916 -0.334032
v -0.099926 1.603434 -0.400095
v -0.109085 1.603319 -0.359261
v -0.101020 1.652413 -0.403983
v -0.059871 1.595641 -0.401447
v -0.078734 1.591269 -0.394452
v -0.086539 1.535306 -0.344853
v -0.038662 1.572838 -0.384923
v -0.018872 1.601379 -0.373349
v -0.035925 1.598880 -0.370025
v -0.002664 1.668441 -0.466642
v -0.111105 1.565671 -0.364309
v -0.107025 1.536438 -0.301218
v -0.070342 1.497464 -0.278397
v -0.050058 1.521830 -0.340647
v -0.090877 1.525531 -0.296968
v -0.061425 1.529374 -0.307693
v -0.086055 1.578882 -0.344481
v -0.072233 1.598649 -0.364491
v -0.027528 1.479772 -0.270980
v -0.049119 1.553201 -0.330012
v -0.008396 1.498335 -0.287812
v -0.112917 1.666913 -0.451432
v -0.110068 1.693220 -0.436890
v -0.068116 1.666714 -0.460141
v -0.065944 1.687467 -0.440746
v -0.086439 1.687099 -0.436892
v -0.098073 1.751430 -0.490603
v -0.046217 1.668263 -0.464173
v -0.023711 1.670377 -0.467649
v -0.044476 1.689775 -0.445386
v -0.022308 1.690386 -0.447565
v -0.002006 1.736369 -0.487455
v -0.215034 1.501181 -0.194943
v -0.189019 1.473148 -0.188363
v -0.229334 1.541741 -0.228987
v -0.176040 1.486286 -0.214919
v -0.461274 1.672745 0.091472
v -0.510393 1.720406 0.025496
v -0.445584 1.690043 0.044845
v -0.542554 1.764228 0.080512
v -0.507645 1.771656 0.101038
v -0.493580 1.718150 0.124772
v -0.508530 1.744427 0.154790
v -0.506862 1.785791 0.153820
v -0.505129 1.750101 0.180535
v -0.664009 1.900335 0.033326
v -0.608128 1.837444 0.060020
v -0.608830 1.835626 0.029313
v -0.657801 1.900338 0.096659
v -0.661682 1.900327 0.064736
v -0.652125 1.900337 0.129493
v -0.645011 1.900329 0.161212
v -0.570417 1.831306 0.204128
v -0.625799 1.900326 0.224506
v -0.642160 1.920993 0.063179
v -0.638345 1.920999 0.094260
v -0.633061 1.921011 0.125015
v -0.636205 1.900337 0.193049
v -0.596278 1.920991 0.246643
v -0.535365 1.751895 0.052816
v -0.644520 1.920996 0.031073
v -0.587634 1.823563 0.117274
v -0.526938 1.751102 0.104898
v -0.570122 1.810258 0.143213
v -0.560883 1.835200 0.111830
v -0.552783 1.815930 0.054373
v -0.528638 1.791305 0.078319
v -0.548540 1.817072 0.227062
v -0.577632 1.828878 0.175691
v -0.626056 1.921014 0.156334
v -0.556366 1.837382 0.140300
v -0.559464 1.850277 0.170310
v -0.565835 1.869175 0.202487
v -0.617935 1.921011 0.185868
v -0.499437 1.754645 0.206137
v -0.513110 1.803446 0.183045
v -0.539044 1.848684 0.223277
v -0.543197 1.869040 0.256837
v -0.607544 1.920995 0.217399
v -0.547206 1.830626 0.258672
v -0.614562 1.900329 0.253690
v -0.601149 1.900323 0.283997
v -0.547503 1.848778 0.292567
v -0.552899 1.900334 0.369249
v -0.479586 1.743173 0.226790
v -0.511384 1.800879 0.273300
v -0.504606 1.832670 0.337378
v -0.502516 1.832651 0.268498
v -0.487669 1.852388 0.326031
v -0.539798 1.858566 0.323186
v -0.534033 1.900322 0.396039
v -0.498602 1.920992 0.409594
v -0.487218 1.860083 0.400094
v -0.492636 1.900319 0.446503
v -0.583569 1.921035 0.275446
v -0.569214 1.920983 0.303962
v -0.586261 1.900325 0.313565
v -0.570118 1.900333 0.342040
v -0.553443 1.921000 0.331773
v -0.536311 1.920996 0.358837
v -0.518556 1.921005 0.384013
v -0.514733 1.900311 0.420811
v -0.305137 1.475235 0.013817
v -0.297727 1.467682 0.028866
v -0.277651 1.445874 0.042733
v -0.276313 1.446859 0.055069
v -0.299125 1.489697 0.106348
v -0.210850 1.362501 0.015457
v -0.235498 1.396764 0.045841
v -0.237459 1.411674 0.085522
v -0.321160 1.545945 0.064609
v -0.248909 1.455023 0.037614
v -0.254945 1.467039 0.059419
v -0.284292 1.460812 0.072473
v -0.281642 1.474960 0.117542
v -0.264080 1.440266 0.081070
v -0.256963 1.450388 0.122545
v -0.238936 1.452768 0.072997
v -0.265150 1.497223 0.109636
v -0.298144 1.504449 0.140977
v -0.216583 1.399492 0.108624
v -0.221452 1.418269 0.132149
v -0.229897 1.440144 0.152980
v -0.236784 1.474969 0.126349
v -0.270539 1.487036 0.161874
v -0.263377 1.488836 0.175984
v -0.228004 1.477582 0.206127
v -0.045270 1.013739 0.026575
v -0.033816 0.978945 0.037463
v -0.041971 1.029042 0.033239
v -0.052773 1.020472 0.003674
v -0.051702 1.020251 0.011167
v -0.034797 1.037846 0.041599
v -0.021658 0.996694 0.011684
v -0.017983 1.008981 0.017789
v 0.000442 0.966031 0.022716
v -0.003804 0.992121 0.024031
v -0.026104 0.994957 0.044251
v -0.029772 1.077459 0.004077
v -0.026651 1.062822 0.011564
v -0.021426 1.052213 0.018321
v -0.011535 1.023884 0.023573
v -0.018773 1.056003 0.052184
v -0.053312 1.071715 0.019049
v -0.046671 1.081719 0.033605
v -0.041241 1.084601 0.040424
v -0.027099 1.046726 0.047707
v -0.053113 1.104018 0.026637
v -0.034738 1.111419 0.049126
v -0.011323 1.102345 0.030125
v -0.003856 1.086809 0.030687
v -0.003480 1.103317 0.059220
v -0.026596 1.104953 0.018894
v -0.023023 1.098204 0.054393
v -0.011108 1.111473 0.059043
v -0.060230 1.114616 0.003899
v -0.059126 1.112253 0.011153
v -0.061654 1.162029 0.021445
v -0.075263 1.188429 0.014870
v -0.064271 1.162397 0.011165
v -0.071136 1.189115 0.029586
v -0.064346 1.189578 0.042811
v -0.058965 1.189796 0.050089
v -0.073035 1.242659 0.024559
v -0.093014 1.233399 0.046142
v -0.087194 1.234134 0.057315
v -0.063822 1.210569 0.063586
v -0.066601 1.233645 0.079757
v -0.038639 1.170309 0.003926
v -0.055607 1.162115 0.033937
v -0.041663 1.136987 0.046690
v -0.034436 1.170697 0.018394
v -0.049707 1.162339 0.042457
v -0.037690 1.162143 0.053351
v -0.030757 1.108521 0.011303
v -0.024154 1.123913 0.024083
v -0.019310 1.101383 0.025902
v -0.026381 1.162049 0.059574
v -0.030345 1.170101 0.024103
v -0.019005 1.162363 0.062495
v -0.011455 1.170679 0.037261
v -0.006349 1.162310 0.065080
v -0.052647 1.202732 0.003864
v -0.051365 1.202518 0.012040
v -0.048302 1.200748 0.018490
v -0.037292 1.171004 0.011585
v -0.042308 1.203045 0.031842
v -0.051826 1.188873 0.056769
v -0.035609 1.201993 0.038459
v -0.045637 1.201725 0.025390
v -0.056242 1.242675 0.052647
v -0.026490 1.171037 0.028810
v -0.020278 1.170396 0.033311
v -0.023298 1.187434 0.040224
v -0.003836 1.170535 0.038866
v -0.013916 1.201191 0.050212
v -0.003685 1.202864 0.052829
v -0.024185 1.202236 0.046603
v -0.036441 1.214348 0.047420
v -0.012043 1.234741 0.071097
v -0.037398 1.177917 0.061663
v -0.037091 1.189185 0.067551
v -0.049825 1.198014 0.065722
v -0.045190 1.216099 0.081799
v -0.056748 1.233956 0.087369
v -0.036755 1.233679 0.097305
v -0.028752 1.188830 0.071262
v -0.019428 1.188251 0.074088
v -0.010804 1.188850 0.076070
v -0.000594 1.189570 0.077319
v -0.026725 1.233338 0.100215
v -0.002319 1.233683 0.103942
v -0.227809 1.390771 0.057471
v -0.164810 1.312149 0.039029
v -0.179229 1.348577 0.088267
v -0.191861 1.342125 0.031273
v -0.116004 1.259546 0.047968
v -0.122744 1.283084 0.077435
v -0.128938 1.264439 0.013155
v -0.167257 1.354078 0.009784
v -0.180304 1.383096 0.065305
v -0.162066 1.349486 0.023526
v -0.148056 1.335944 0.036266
v -0.132193 1.325644 0.056644
v -0.155363 1.312123 0.067484
v -0.158730 1.365103 0.077745
v -0.159804 1.328875 0.089929
v -0.183859 1.374757 0.123669
v -0.146362 1.330555 0.112730
v -0.131728 1.337563 0.079401
v -0.130129 1.345070 0.093145
v -0.151661 1.349487 0.131222
v -0.133912 1.353308 0.153555
v -0.217838 1.419051 0.041292
v -0.187794 1.386315 0.050556
v -0.194883 1.354444 0.062556
v -0.238144 1.418155 0.098724
v -0.228244 1.452434 0.101121
v -0.190248 1.355769 0.078341
v -0.205630 1.417840 0.080376
v -0.190088 1.370328 0.106580
v -0.195008 1.414546 0.097481
v -0.180431 1.402054 0.102635
v -0.229089 1.473629 0.137641
v -0.172998 1.401070 0.113179
v -0.144989 1.374847 0.114806
v -0.233997 1.458614 0.173929
v -0.183067 1.387050 0.142358
v -0.195874 1.444714 0.144037
v -0.187534 1.411888 0.169186
v -0.237427 1.476542 0.193850
v -0.224934 1.493953 0.173844
v -0.221900 1.473603 0.148892
v -0.185729 1.440047 0.150828
v -0.191788 1.462886 0.173023
v -0.232872 1.530326 0.211470
v -0.189899 1.430673 0.189430
v -0.192681 1.473093 0.234669
v -0.143602 1.351110 0.141867
v -0.193673 1.453901 0.212623
v -0.143815 1.402611 0.150309
v -0.148660 1.398089 0.140076
v -0.123240 1.379383 0.142854
v -0.153170 1.441008 0.184820
v -0.160118 1.409690 0.192957
v -0.159299 1.429062 0.214133
v -0.128532 1.375736 0.181589
v -0.133317 1.438700 0.197289
v -0.110755 1.392946 0.209286
v -0.192232 1.478625 0.191604
v -0.194344 1.499747 0.213961
v -0.160740 1.476245 0.216244
v -0.194960 1.500612 0.262017
v -0.143801 1.429469 0.225303
v -0.184140 1.501786 0.225007
v -0.130735 1.467279 0.227109
v -0.150996 1.504760 0.251358
v -0.103747 1.233883 0.009084
v -0.102010 1.233823 0.020608
v -0.110627 1.261256 0.062267
v -0.098700 1.233836 0.033131
v -0.073825 1.239058 0.011745
v -0.118799 1.285890 0.087430
v -0.113742 1.302633 0.114589
v -0.088535 1.277387 0.108987
v -0.100557 1.270515 0.089502
v -0.075269 1.234750 0.072974
v -0.071011 1.283522 0.127021
v -0.099200 1.299567 0.071156
v -0.078232 1.311233 0.106124
v -0.076301 1.277668 0.118147
v -0.117563 1.344611 0.108034
v -0.100959 1.332360 0.110185
v -0.065464 1.239945 0.037290
v -0.039698 1.241312 0.065099
v -0.043175 1.246450 0.066328
v -0.045678 1.233062 0.092895
v -0.049848 1.282151 0.135505
v -0.057511 1.315279 0.122388
v -0.024823 1.243324 0.073352
v -0.013716 1.233944 0.103254
v -0.003541 1.336909 0.153210
v -0.099600 1.315582 0.140587
v -0.114592 1.379343 0.149800
v -0.105502 1.362772 0.183455
v -0.063198 1.290628 0.137651
v -0.082983 1.339072 0.131005
v -0.082894 1.353050 0.185878
v -0.078543 1.368274 0.161296
v -0.070021 1.391294 0.185838
v -0.039730 1.291126 0.146554
v -0.042495 1.313004 0.126355
v -0.032990 1.325901 0.177830
v -0.050477 1.387770 0.189081
v -0.032803 1.328371 0.142400
v -0.021303 1.360203 0.171339
v -0.056900 1.385805 0.223674
v -0.030394 1.355614 0.203354
v -0.014779 1.366776 0.214431
v -0.106461 1.386969 0.163353
v -0.104600 1.405788 0.182906
v -0.103133 1.427289 0.204071
v -0.098282 1.457047 0.233582
v -0.104927 1.412049 0.229919
v -0.063130 1.344547 0.185994
v -0.073349 1.386037 0.219098
v -0.075092 1.440628 0.227725
v -0.116546 1.477430 0.244001
v -0.080335 1.479956 0.260422
v -0.050874 1.419026 0.253467
v -0.038053 1.405626 0.207064
v -0.029575 1.465656 0.295949
v -0.002480 1.384572 0.229793
v -0.043110 1.463403 0.255168
v -0.015105 1.384515 0.192356
v -0.160411 1.482644 0.267138
v -0.133364 1.447836 0.249102
v -0.095315 1.447003 0.265245
v -0.104240 1.436868 0.252746
v -0.082288 1.444942 0.267787
v -0.071764 1.461092 0.284713
v -0.099481 1.507217 0.278004
v -0.064447 1.505164 0.324049
v -0.040955 1.432577 0.266704
v -0.050259 1.519916 0.338991
v -0.016886 1.483956 0.312225
v -0.379417 1.568899 0.056310
v -0.370619 1.599683 0.036707
v -0.398814 1.596648 0.079815
v -0.403646 1.652072 0.101263
v -0.388240 1.603381 0.138921
v -0.388644 1.613322 0.160934
v -0.377572 1.609899 0.178826
v -0.377896 1.643507 0.156451
v -0.464344 1.668488 0.046323
v -0.464215 1.666160 0.021816
v -0.358216 1.583198 0.018278
v -0.461400 1.668245 0.068552
v -0.444447 1.691867 0.066461
v -0.450636 1.666050 0.113122
v -0.440730 1.691869 0.087751
v -0.435477 1.691603 0.110034
v -0.448784 1.691789 0.021792
v -0.399577 1.641564 0.079367
v -0.448762 1.671341 0.136546
v -0.396693 1.605766 0.119580
v -0.442663 1.672992 0.159363
v -0.422552 1.691251 0.151389
v -0.435561 1.674405 0.180982
v -0.421955 1.668566 0.199471
v -0.455277 1.726197 0.242833
v -0.399695 1.667395 0.239105
v -0.496783 1.765401 0.124996
v -0.462442 1.740487 0.164882
v -0.479920 1.773616 0.198302
v -0.461233 1.729999 0.139905
v -0.425492 1.686410 0.129635
v -0.417474 1.695139 0.173650
v -0.389199 1.648518 0.138709
v -0.407553 1.662571 0.217004
v -0.394815 1.689602 0.210601
v -0.407976 1.694274 0.193217
v -0.374552 1.693180 0.250300
v -0.445022 1.756012 0.237080
v -0.386249 1.693071 0.231669
v -0.293344 1.505167 0.011609
v -0.268833 1.477166 0.027335
v -0.379031 1.565658 0.037275
v -0.318026 1.538417 0.045833
v -0.356107 1.549328 0.089744
v -0.334357 1.517807 0.066722
v -0.326652 1.518696 0.100233
v -0.291930 1.519383 0.089776
v -0.389282 1.624886 0.057115
v -0.348097 1.583584 0.087820
v -0.349079 1.590490 0.105765
v -0.326540 1.569106 0.117135
v -0.295785 1.518765 0.074035
v -0.267212 1.493724 0.096250
v -0.340246 1.542380 0.121974
v -0.326886 1.533601 0.136160
v -0.343256 1.575505 0.183180
v -0.324670 1.562495 0.194024
v -0.302162 1.543961 0.200737
v -0.340184 1.560133 0.160755
v -0.346539 1.612805 0.163994
v -0.321365 1.570122 0.132919
v -0.282456 1.547887 0.169094
v -0.347074 1.609619 0.232123
v -0.283052 1.561068 0.188764
v -0.332396 1.605073 0.246396
v -0.348219 1.639835 0.208647
v -0.333548 1.634200 0.223018
v -0.307967 1.612760 0.228282
v -0.305058 1.626397 0.250485
v -0.277646 1.486920 0.149150
v -0.275382 1.518097 0.129606
v -0.281188 1.535722 0.150777
v -0.286653 1.536790 0.212417
v -0.282380 1.547485 0.232368
v -0.261530 1.558480 0.214201
v -0.266643 1.551266 0.197860
v -0.277253 1.600909 0.250200
v -0.336127 1.610094 0.179640
v -0.361683 1.693006 0.268311
v -0.481060 1.778450 0.287950
v -0.433786 1.714333 0.260226
v -0.446090 1.750292 0.298206
v -0.427948 1.746171 0.317847
v -0.437870 1.763106 0.262040
v -0.388847 1.669999 0.260304
v -0.376040 1.670431 0.279090
v -0.370965 1.684116 0.304584
v -0.437720 1.781749 0.292103
v -0.416118 1.771859 0.308131
v -0.394548 1.763218 0.323777
v -0.387416 1.734965 0.352041
v -0.380803 1.751961 0.380053
v -0.376671 1.788560 0.375768
v -0.329249 1.619697 0.270257
v -0.303659 1.600573 0.275480
v -0.271042 1.548098 0.246259
v -0.292382 1.604391 0.291945
v -0.235743 1.508314 0.235213
v -0.257925 1.569260 0.284307
v -0.219947 1.525539 0.268898
v -0.294914 1.652638 0.294272
v -0.269569 1.634195 0.297183
v -0.252184 1.629281 0.306779
v -0.261566 1.602784 0.318116
v -0.347976 1.692599 0.285311
v -0.347158 1.670458 0.314330
v -0.331569 1.670557 0.330858
v -0.301937 1.692227 0.333250
v -0.321766 1.698005 0.321114
v -0.380646 1.767333 0.345264
v -0.341356 1.760681 0.376521
v -0.330856 1.689003 0.300529
v -0.257904 1.628233 0.347913
v -0.285232 1.691986 0.347371
v -0.238926 1.633149 0.321238
v -0.268970 1.693663 0.361889
v -0.296496 1.669338 0.361290
v -0.314192 1.738853 0.422862
v -0.315543 1.672003 0.347840
v -0.339267 1.747831 0.413003
v -0.326021 1.767304 0.397222
v -0.279817 1.671482 0.376617
v -0.260184 1.669436 0.388345
v -0.239314 1.666309 0.398491
v -0.249300 1.691152 0.373153
v -0.298527 1.751873 0.401966
v -0.291656 1.736166 0.435944
v -0.288867 1.774307 0.432224
v -0.253684 1.743653 0.423499
v -0.268073 1.731894 0.446578
v -0.247924 1.737636 0.463636
v -0.482064 1.789895 0.227830
v -0.502964 1.852107 0.301432
v -0.454122 1.827446 0.336647
v -0.467777 1.803622 0.346583
v -0.429225 1.772267 0.352433
v -0.491734 1.882279 0.364631
v -0.428853 1.799419 0.388380
v -0.421232 1.818880 0.420532
v -0.449268 1.845887 0.368504
v -0.477777 1.920987 0.433723
v -0.470742 1.900322 0.469508
v -0.433769 1.921007 0.477728
v -0.446659 1.900328 0.492471
v -0.361071 1.750946 0.397675
v -0.439030 1.858779 0.397263
v -0.400775 1.864829 0.442826
v -0.403888 1.826205 0.445704
v -0.377409 1.818025 0.459330
v -0.424997 1.868929 0.424601
v -0.421652 1.900320 0.514042
v -0.456386 1.920991 0.456153
v -0.346742 1.803880 0.467931
v -0.369671 1.847600 0.450200
v -0.330318 1.814619 0.445174
v -0.321144 1.797817 0.479625
v -0.283544 1.811748 0.473469
v -0.233257 1.548345 0.232855
v -0.197839 1.551398 0.266799
v -0.228451 1.569167 0.308399
v -0.178139 1.492481 0.265590
v -0.213318 1.556650 0.260275
v -0.205969 1.553839 0.308582
v -0.175463 1.530742 0.261496
v -0.189267 1.550828 0.316177
v -0.236405 1.576232 0.261967
v -0.217089 1.620638 0.323898
v -0.178273 1.568444 0.296956
v -0.230287 1.604352 0.343020
v -0.212885 1.604425 0.354145
v -0.180327 1.566910 0.336648
v -0.206735 1.634306 0.343977
v -0.179302 1.608727 0.335015
v -0.157352 1.507293 0.292535
v -0.136379 1.491114 0.288009
v -0.147055 1.525265 0.273291
v -0.124576 1.500667 0.301948
v -0.157073 1.549448 0.332061
v -0.141360 1.551510 0.340916
v -0.124747 1.555588 0.350956
v -0.144385 1.557889 0.305120
v -0.150513 1.622518 0.361402
v -0.207581 1.635060 0.386558
v -0.179964 1.613424 0.380291
v -0.160200 1.609622 0.385598
v -0.143089 1.618732 0.400341
v -0.121201 1.613078 0.402586
v -0.210363 1.688302 0.393697
v -0.222036 1.674041 0.415815
v -0.198976 1.666991 0.420719
v -0.191147 1.688049 0.403133
v -0.216678 1.715738 0.458422
v -0.230892 1.691435 0.385102
v -0.234817 1.749418 0.439834
v -0.207879 1.734337 0.438967
v -0.197473 1.725244 0.475832
v -0.189200 1.743571 0.455893
v -0.178855 1.669020 0.431510
v -0.170460 1.631634 0.360857
v -0.171216 1.689391 0.413218
v -0.131769 1.622448 0.368580
v -0.150615 1.689359 0.421131
v -0.129873 1.684154 0.423426
v -0.157956 1.669559 0.440087
v -0.135642 1.667738 0.445846
v -0.113647 1.671628 0.455352
v -0.139401 1.728050 0.459653
v -0.127365 1.778242 0.507495
v -0.126414 1.549134 0.305093
v -0.117619 1.570440 0.327550
v -0.067521 1.480172 0.264231
v -0.063640 1.545452 0.320926
v -0.110011 1.502129 0.308850
v -0.085475 1.530534 0.341014
v -0.103801 1.538141 0.342524
v -0.095965 1.545017 0.312410
v -0.087235 1.578483 0.343854
v -0.109001 1.604287 0.360146
v -0.028013 1.500509 0.288325
v -0.049044 1.553417 0.330207
v -0.036667 1.565259 0.378768
v -0.037227 1.602349 0.372799
v -0.006040 1.503570 0.292265
v -0.002452 1.669106 0.467193
v -0.018990 1.601120 0.373128
v -0.100211 1.604877 0.401261
v -0.078277 1.588191 0.391925
v -0.059781 1.596680 0.402331
v -0.073933 1.609843 0.373674
v -0.002012 1.691663 0.449219
v -0.022682 1.670293 0.467636
v -0.101517 1.651103 0.402741
v -0.086800 1.688939 0.438392
v -0.066132 1.686841 0.440198
v -0.109209 1.689811 0.434104
v -0.091900 1.672012 0.460561
v -0.068207 1.667926 0.461163
v -0.045824 1.669007 0.464833
v -0.022465 1.689961 0.447192
v -0.044905 1.689490 0.445094
v -0.395956 1.900332 0.534088
v -0.361524 1.875947 0.487295
v -0.369419 1.900335 0.552765
v -0.409518 1.920996 0.498671
v -0.383955 1.921007 0.518608
v -0.323265 1.846477 0.483441
v -0.358821 1.921005 0.536308
v -0.306846 1.820788 0.511931
v -0.350069 1.859834 0.524063
v -0.291989 1.847159 0.546250
v -0.331505 1.920994 0.553607
v -0.341879 1.900334 0.570220
v -0.313659 1.900330 0.586213
v -0.268580 1.788717 0.502108
v -0.274405 1.846766 0.513036
v -0.238479 1.775206 0.504343
v -0.233559 1.804977 0.493617
v -0.254797 1.862995 0.538448
v -0.261493 1.838560 0.553372
v -0.304763 1.920995 0.568764
v -0.284059 1.900328 0.601107
v -0.253769 1.900331 0.614513
v -0.275328 1.921029 0.583612
v -0.246553 1.920989 0.596323
v -0.181921 1.754568 0.508691
v -0.149777 1.724667 0.492399
v -0.130836 1.750221 0.520329
v -0.154018 1.785681 0.506696
v -0.097555 1.750103 0.489555
v -0.108059 1.773600 0.545914
v -0.079895 1.758511 0.537712
v -0.078776 1.794289 0.531141
v -0.052975 1.753073 0.536354
v -0.211347 1.812463 0.510459
v -0.178385 1.787263 0.500086
v -0.198259 1.853561 0.553174
v -0.219883 1.795226 0.531296
v -0.176992 1.835422 0.583081
v -0.234847 1.882768 0.565781
v -0.205014 1.832802 0.571456
v -0.161397 1.773299 0.532323
v -0.146338 1.825848 0.583090
v -0.118618 1.832259 0.594945
v -0.171632 1.854789 0.563090
v -0.146324 1.868023 0.581866
v -0.224471 1.900331 0.625803
v -0.192566 1.900327 0.636350
v -0.161185 1.900320 0.645017
v -0.129525 1.900335 0.652121
v -0.217159 1.921005 0.607632
v -0.186856 1.920993 0.617614
v -0.157709 1.921009 0.625707
v -0.124803 1.920998 0.633084
v -0.108979 1.818573 0.546957
v -0.096285 1.900331 0.657848
v -0.059651 1.836311 0.607193
v -0.095090 1.920994 0.638221
v -0.055550 1.831172 0.565760
v -0.002427 1.920995 0.645271
v -0.064800 1.900332 0.661676
v -0.063926 1.920999 0.642086
v -0.029114 1.837574 0.610516
v -0.001667 1.900332 0.664859
v -0.033623 1.900332 0.663999
v -0.032139 1.920990 0.644465
v 0.024350 0.002627 -0.479346
v 0.024770 0.031375 -0.487085
v 0.047251 0.002638 -0.477632
v 0.048563 0.031379 -0.485283
v 0.071300 0.031375 -0.482464
v 0.014162 0.066584 -0.287477
v 0.069291 0.002638 -0.474918
v 0.093294 0.002639 -0.470801
v 0.094495 0.031372 -0.478459
v 0.116405 0.002639 -0.465631
v 0.117560 0.031376 -0.473332
v 0.118287 0.037988 -0.354639
v 0.062548 0.072058 -0.360181
v 0.018999 0.095165 -0.295531
v 0.050637 0.095396 -0.291082
v 0.034151 0.066683 -0.285586
v 0.063481 0.066753 -0.280282
v -0.002463 0.158506 -0.129994
v 0.013004 0.158591 -0.129135
v 0.038918 0.119643 -0.228622
v 0.088787 0.066607 -0.273779
v 0.072962 0.095172 -0.286889
v 0.122880 0.095121 -0.269526
v 0.115072 0.066672 -0.263597
v 0.078674 0.119338 -0.219160
v 0.113313 0.116293 -0.212480
v 0.138722 0.002632 -0.459476
v 0.140703 0.031362 -0.466978
v 0.161226 0.002638 -0.452071
v 0.163415 0.031380 -0.459527
v 0.182269 0.002641 -0.444014
v 0.185467 0.031378 -0.451074
v 0.205638 0.002630 -0.433675
v 0.207857 0.031372 -0.441194
v 0.226681 0.002634 -0.423059
v 0.182879 0.038940 -0.322759
v 0.246308 0.002637 -0.411930
v 0.265694 0.002635 -0.399703
v 0.108521 0.059247 -0.389230
v 0.153882 0.066562 -0.349762
v 0.093828 0.095206 -0.280711
v 0.229204 0.031367 -0.430488
v 0.163934 0.038027 -0.335812
v 0.146076 0.095265 -0.257275
v 0.141341 0.066754 -0.250259
v 0.205977 0.042286 -0.296379
v 0.170439 0.095358 -0.241473
v 0.188770 0.066010 -0.334122
v 0.217912 0.068091 -0.308292
v 0.247428 0.048514 -0.236430
v 0.035000 0.104769 -0.184447
v 0.035117 0.129378 -0.117976
v 0.028830 0.158525 -0.126650
v 0.018807 0.131758 -0.115585
v 0.041717 0.158508 -0.123118
v 0.088157 0.087765 -0.214955
v 0.082776 0.112064 -0.147016
v 0.116264 0.132253 -0.161357
v 0.091618 0.139423 -0.155023
v 0.058068 0.158611 -0.116113
v 0.073098 0.158498 -0.107421
v 0.005230 0.176297 -0.064063
v 0.014307 0.176221 -0.062827
v 0.026450 0.176439 -0.058623
v 0.032205 0.176436 -0.055684
v 0.031574 0.134405 -0.109362
v 0.043329 0.131684 -0.108781
v 0.057579 0.131719 -0.101885
v 0.089856 0.130740 -0.078847
v 0.071761 0.131804 -0.092248
v 0.087481 0.157334 -0.100175
v 0.083399 0.159581 -0.097926
v 0.083080 0.131857 -0.082282
v 0.099923 0.130648 -0.066243
v 0.108053 0.130676 -0.051960
v 0.103157 0.156940 -0.085572
v 0.098130 0.159706 -0.082938
v 0.108633 0.158847 -0.070410
v 0.115665 0.158682 -0.058602
v 0.095097 0.134648 -0.061881
v 0.104925 0.135281 -0.041574
v 0.060705 0.176430 -0.021103
v 0.114157 0.131868 -0.025138
v 0.099540 0.134968 -0.053668
v 0.124205 0.158620 -0.037706
v 0.161591 0.067013 -0.236896
v 0.107226 0.106441 -0.148771
v 0.183591 0.066549 -0.221899
v 0.123953 0.106148 -0.136233
v 0.136123 0.132820 -0.142894
v 0.156975 0.097491 -0.134700
v 0.160730 0.126755 -0.140138
v 0.212665 0.066361 -0.195235
v 0.185189 0.095404 -0.230140
v 0.210214 0.095094 -0.209015
v 0.233252 0.095297 -0.181824
v 0.249572 0.066951 -0.141453
v 0.236466 0.066852 -0.162989
v 0.187999 0.120170 -0.133461
v 0.249970 0.095512 -0.156921
v 0.146190 0.107474 -0.106193
v 0.173107 0.101690 -0.091708
v 0.132075 0.146492 -0.093129
v 0.160056 0.139113 -0.084463
v 0.207641 0.091397 -0.080753
v 0.115978 0.129855 -0.037887
v 0.189026 0.103079 -0.034548
v 0.116871 0.131789 -0.005697
v 0.122783 0.157548 -0.049866
v 0.131576 0.156394 -0.033102
v 0.128857 0.158635 -0.015217
v 0.129998 0.158516 -0.001643
v 0.220089 0.089142 -0.062182
v 0.273291 0.066678 -0.089628
v 0.285447 0.067107 -0.023109
v 0.263324 0.095632 -0.132566
v 0.217661 0.118886 -0.085595
v 0.207652 0.126296 -0.054097
v 0.223175 0.122335 -0.027429
v 0.295281 0.095402 -0.010108
v -0.000459 0.195330 -0.086410
v 0.014277 0.195374 -0.085246
v 0.025884 0.231042 -0.068165
v 0.017153 0.250581 -0.063184
v 0.030163 0.195394 -0.081025
v 0.046229 0.195536 -0.072909
v 0.060332 0.195396 -0.061908
v 0.033907 0.215353 -0.071155
v 0.020000 0.200828 -0.051334
v 0.011226 0.217636 -0.047421
v 0.004010 0.243148 -0.038709
v 0.026031 0.222773 -0.039022
v 0.050094 0.158496 -0.069210
v 0.035073 0.209598 -0.038123
v 0.040763 0.212600 -0.030091
v 0.043633 0.176499 -0.047123
v 0.050049 0.176394 -0.040319
v 0.057176 0.176453 -0.029266
v 0.064074 0.176434 -0.003770
v 0.047440 0.237182 -0.052373
v 0.050072 0.204062 -0.019870
v 0.034131 0.243323 -0.019062
v 0.046978 0.219115 -0.010776
v 0.038956 0.242948 -0.003747
v 0.006884 0.250847 -0.065068
v 0.027088 0.250831 -0.059410
v 0.003852 0.315251 -0.058687
v 0.011393 0.296152 -0.059632
v 0.034849 0.251484 -0.055200
v 0.011197 0.244510 -0.037094
v 0.019000 0.243310 -0.034170
v 0.028079 0.242108 -0.027555
v 0.003817 0.329945 -0.030339
v 0.018412 0.299992 -0.057400
v 0.026720 0.315958 -0.052433
v 0.018266 0.285975 -0.029332
v 0.029426 0.282582 -0.018693
v 0.029751 0.315768 -0.011266
v 0.042485 0.251241 -0.049467
v 0.056264 0.250793 -0.033425
v 0.037180 0.243588 -0.011556
v 0.036637 0.263602 -0.003496
v 0.048521 0.283607 -0.038610
v 0.052892 0.312876 -0.026391
v 0.059069 0.298407 -0.013173
v 0.054932 0.322746 -0.019557
v 0.069973 0.195458 -0.050445
v 0.081424 0.195350 -0.029084
v 0.063374 0.176459 -0.010361
v 0.084524 0.195416 -0.017614
v 0.086175 0.195400 -0.006405
v 0.049840 0.250966 -0.042315
v 0.062049 0.227694 -0.040716
v 0.070890 0.220477 -0.029985
v 0.065506 0.250812 -0.001063
v 0.075725 0.220433 -0.013841
v 0.077581 0.195601 -0.037830
v 0.063548 0.250728 -0.015712
v 0.059787 0.250972 -0.026143
v 0.058810 0.315119 -0.003748
v 0.011300 0.320778 -0.029351
v 0.011159 0.374057 -0.053059
v 0.020255 0.305418 -0.025922
v 0.024099 0.329134 -0.019138
v 0.018377 0.362297 -0.051973
v 0.026691 0.405674 -0.044766
v 0.003786 0.385816 -0.026210
v 0.010126 0.408811 -0.022732
v 0.030280 0.333000 -0.003805
v 0.018876 0.375096 -0.019904
v 0.034383 0.298678 -0.049810
v 0.039828 0.343419 -0.040111
v 0.046212 0.331489 -0.034362
v 0.034014 0.365772 -0.043100
v 0.039388 0.405070 -0.034278
v 0.051401 0.368242 -0.018684
v 0.003837 0.398485 -0.052448
v 0.022972 0.399530 -0.011207
v 0.026247 0.386851 -0.003786
v 0.011089 0.454785 -0.048026
v 0.003569 0.462058 -0.048877
v 0.018863 0.442104 -0.046321
v 0.011569 0.433780 -0.020773
v 0.016036 0.448754 -0.015882
v 0.020531 0.436368 -0.011606
v 0.022605 0.446896 -0.003503
v 0.044802 0.409221 -0.026190
v 0.051601 0.394504 -0.011121
v 0.052374 0.400125 -0.003867
v 0.031689 0.445243 -0.038384
v 0.251296 0.031378 -0.417983
v 0.271020 0.031378 -0.405470
v 0.286335 0.002643 -0.385195
v 0.309381 0.031373 -0.377010
v 0.327390 0.031368 -0.361487
v 0.234143 0.042557 -0.273618
v 0.304432 0.002635 -0.371050
v 0.322752 0.002627 -0.355242
v 0.339858 0.002630 -0.338919
v 0.354781 0.002628 -0.323245
v 0.371118 0.002630 -0.304345
v 0.384833 0.002626 -0.286818
v 0.325770 0.031930 -0.217929
v 0.290223 0.031369 -0.391957
v 0.247750 0.063924 -0.301071
v 0.260261 0.064728 -0.287096
v 0.278027 0.065318 -0.267500
v 0.344808 0.031376 -0.344910
v 0.361578 0.031369 -0.327303
v 0.376712 0.031368 -0.309749
v 0.391908 0.031363 -0.290288
v 0.399525 0.002628 -0.265982
v 0.405475 0.031372 -0.271013
v 0.430490 0.031360 -0.229229
v 0.411539 0.002624 -0.246972
v 0.301496 0.029678 -0.261083
v 0.286809 0.042511 -0.217915
v 0.301389 0.063824 -0.247835
v 0.314558 0.065979 -0.220018
v 0.318768 0.040742 -0.178958
v 0.262801 0.066747 -0.116425
v 0.328495 0.042627 -0.147015
v 0.270077 0.095302 -0.120577
v 0.340637 0.061592 -0.203734
v 0.337466 0.067971 -0.170060
v 0.371114 0.031152 -0.133195
v 0.370573 0.061468 -0.143544
v 0.365091 0.037865 -0.082220
v 0.281798 0.067079 -0.052331
v 0.287982 0.066519 -0.005727
v 0.280591 0.095411 -0.092484
v 0.288206 0.095260 -0.066805
v 0.293601 0.095264 -0.036362
v 0.459874 0.002620 -0.137458
v 0.487714 0.031371 -0.001842
v 0.422867 0.002633 -0.227035
v 0.443671 0.002622 -0.183059
v 0.433894 0.002627 -0.205164
v 0.441227 0.031367 -0.207773
v 0.452018 0.002629 -0.161362
v 0.459441 0.031362 -0.163637
v 0.465623 0.002628 -0.116418
v 0.474862 0.002629 -0.069629
v 0.470739 0.002631 -0.093599
v 0.478458 0.031366 -0.094472
v 0.479977 0.002622 -0.002182
v 0.479363 0.002623 -0.023960
v 0.418083 0.031369 -0.251115
v 0.450990 0.031367 -0.185680
v 0.467085 0.031357 -0.140315
v 0.360032 0.071046 -0.079175
v 0.482563 0.031363 -0.070670
v 0.477589 0.002624 -0.047638
v 0.473375 0.031363 -0.117334
v 0.487073 0.031370 -0.024974
v 0.026520 0.507939 -0.038737
v 0.004300 0.456309 -0.021905
v 0.010885 0.504052 -0.017041
v 0.018396 0.507843 -0.043214
v 0.014187 0.516208 -0.013492
v 0.016113 0.537455 -0.009636
v 0.018964 0.529994 -0.003549
v 0.038568 0.515112 -0.026210
v 0.046389 0.441755 -0.018816
v 0.047379 0.495843 -0.003766
v 0.033127 0.505377 -0.033553
v 0.043678 0.492865 -0.018840
v 0.045188 0.514135 -0.011610
v 0.004040 0.552466 -0.045157
v 0.011067 0.535581 -0.044553
v 0.026753 0.575741 -0.035946
v 0.004187 0.570129 -0.017602
v 0.009165 0.583610 -0.014878
v 0.031011 0.603685 -0.031191
v 0.039837 0.605412 -0.018937
v 0.042456 0.607963 -0.011413
v 0.045143 0.558868 -0.003600
v 0.003744 0.640046 -0.043290
v 0.011115 0.630233 -0.042206
v 0.018943 0.607505 -0.039722
v 0.012687 0.595689 -0.012594
v 0.025955 0.639705 -0.035031
v 0.016198 0.655619 -0.003404
v 0.035093 0.613195 -0.026503
v 0.043401 0.637470 -0.003805
v 0.018865 0.707034 -0.038664
v 0.003597 0.657238 -0.016100
v 0.011803 0.707438 -0.011804
v 0.003789 0.758108 -0.043012
v 0.011337 0.727715 -0.041655
v 0.003532 0.706420 -0.015800
v 0.016049 0.736328 -0.003273
v 0.026829 0.708766 -0.033761
v 0.038700 0.702566 -0.018737
v 0.034061 0.713845 -0.026425
v 0.041643 0.723570 -0.011332
v 0.043112 0.757686 -0.003711
v 0.003858 0.756129 -0.016052
v 0.030753 0.778442 -0.030576
v 0.011313 0.815663 -0.042817
v 0.018635 0.809703 -0.039924
v 0.026004 0.788023 -0.035277
v 0.004178 0.844148 -0.017623
v 0.017611 0.834745 -0.003819
v 0.026634 0.855008 -0.036511
v 0.012549 0.807651 -0.012580
v 0.035577 0.813933 -0.026243
v 0.039863 0.813526 -0.018955
v 0.042583 0.805158 -0.011311
v 0.003927 0.856906 -0.045052
v 0.009267 0.857069 -0.015665
v 0.013301 0.875032 -0.013297
v 0.015659 0.854752 -0.009211
v 0.011066 0.894725 -0.045115
v 0.018427 0.937332 -0.044583
v 0.026550 0.915629 -0.039258
v 0.004115 0.961196 -0.022121
v 0.020425 0.919466 -0.003725
v 0.032351 0.875917 -0.032442
v 0.045686 0.875805 -0.004009
v 0.045209 0.899546 -0.011514
v 0.045326 0.862955 0.003451
v 0.044905 0.945802 -0.018625
v 0.003538 0.951076 -0.048823
v 0.011618 0.951608 -0.019107
v 0.019094 0.953236 -0.011601
v 0.011157 1.024326 -0.051930
v 0.016600 0.975168 -0.016097
v 0.034632 0.950403 -0.034777
v 0.038974 0.909606 -0.026458
v 0.052305 1.013017 -0.003852
v 0.051577 1.018509 -0.011086
v 0.485319 0.031368 -0.048166
v 0.007473 0.176247 0.063984
v 0.018522 0.131697 0.115749
v 0.041961 0.136559 0.103148
v 0.019498 0.176375 0.061203
v 0.029151 0.176288 0.057446
v 0.057586 0.132314 0.100955
v 0.065954 0.139669 0.085157
v 0.032724 0.133576 0.110090
v 0.040525 0.129774 0.115143
v 0.044301 0.158514 0.122217
v 0.057134 0.130839 0.104725
v 0.059009 0.158691 0.115545
v 0.116381 0.131777 0.011222
v 0.061816 0.176359 0.017602
v 0.066901 0.159031 0.052008
v 0.115700 0.129965 0.037741
v 0.108011 0.130642 0.052145
v 0.106530 0.134720 0.038800
v 0.101228 0.132032 0.057959
v 0.123193 0.158569 0.041145
v 0.093991 0.134413 0.064026
v 0.087838 0.131354 0.078710
v 0.076773 0.139896 0.075209
v 0.082114 0.128689 0.094271
v 0.070243 0.131641 0.093891
v 0.073000 0.158852 0.106997
v 0.072231 0.157519 0.111161
v 0.088822 0.154877 0.107580
v 0.140195 0.102884 0.132206
v 0.109238 0.158358 0.070633
v 0.095135 0.157606 0.091881
v 0.122920 0.154037 0.070702
v 0.016288 0.066638 0.287302
v 0.034557 0.066609 0.285753
v 0.040031 0.106347 0.179330
v 0.028714 0.156610 0.131981
v 0.018834 0.095185 0.295491
v 0.031123 0.125647 0.214001
v 0.053772 0.132942 0.189595
v 0.116252 0.085477 0.208059
v 0.080947 0.098985 0.186123
v 0.103019 0.123862 0.195363
v 0.085395 0.121987 0.209078
v 0.126758 0.101918 0.148433
v 0.134253 0.129325 0.156926
v 0.113665 0.130203 0.169663
v 0.078757 0.095198 0.285379
v 0.242551 0.066633 0.154848
v 0.131615 0.156210 0.034420
v 0.115346 0.131689 0.020589
v 0.221069 0.119462 0.071698
v 0.145297 0.111996 0.085848
v 0.114054 0.153447 0.086821
v 0.166345 0.139010 0.071690
v 0.142938 0.133739 0.132691
v 0.206082 0.088568 0.102523
v 0.216223 0.115820 0.108498
v 0.197213 0.119356 0.123440
v 0.201724 0.094577 0.073045
v 0.286550 0.066857 0.018578
v 0.293998 0.095242 0.033316
v 0.226331 0.119579 0.051211
v 0.127947 0.092634 0.178447
v 0.170853 0.066779 0.231001
v 0.188505 0.066706 0.217097
v 0.181408 0.095052 0.234454
v 0.202995 0.095214 0.215373
v 0.133037 0.113043 0.099341
v 0.182466 0.118084 0.149762
v 0.158133 0.095235 0.250134
v 0.207666 0.066446 0.199919
v 0.222851 0.074084 0.282097
v 0.226761 0.066889 0.175963
v 0.240143 0.095067 0.173814
v 0.215266 0.095283 0.202859
v 0.092507 0.035352 0.370277
v 0.093199 0.002643 0.470820
v 0.094546 0.031375 0.478443
v 0.116307 0.002633 0.465651
v 0.061627 0.066728 0.280776
v 0.023507 0.002631 0.479390
v 0.070054 0.002643 0.474813
v 0.072436 0.070288 0.363652
v 0.048903 0.095115 0.292190
v 0.088760 0.066601 0.273800
v 0.115682 0.066771 0.263049
v 0.154455 0.065951 0.351492
v 0.117612 0.031389 0.473326
v 0.122938 0.032955 0.369063
v 0.114078 0.062948 0.375932
v 0.105354 0.095099 0.276918
v 0.047135 0.002636 0.477643
v 0.070910 0.031381 0.482530
v 0.048090 0.031380 0.485328
v 0.024475 0.031374 0.487097
v 0.183748 0.002640 0.443383
v 0.154428 0.002642 0.454517
v 0.140663 0.031367 0.466989
v 0.226340 0.002644 0.423242
v 0.147801 0.066525 0.247476
v 0.178154 0.042312 0.313821
v 0.171570 0.077063 0.305703
v 0.220202 0.061985 0.328841
v 0.141221 0.045291 0.322299
v 0.204551 0.002651 0.434173
v 0.132913 0.095308 0.264186
v 0.223601 0.041365 0.286840
v 0.225262 0.027195 0.337969
v 0.260345 0.033328 0.287328
v 0.199787 0.058015 0.355484
v 0.163326 0.031382 0.459560
v 0.185558 0.031370 0.451043
v 0.207663 0.031370 0.441285
v 0.250972 0.031379 0.418173
v 0.229442 0.031373 0.430372
v 0.014387 0.207023 0.050829
v 0.003532 0.242970 0.038860
v 0.031187 0.200262 0.045761
v 0.026154 0.228370 0.036276
v 0.058730 0.176431 0.026098
v 0.053275 0.176367 0.036122
v 0.043980 0.176336 0.046912
v 0.038569 0.243596 0.003959
v 0.034363 0.242853 0.018960
v 0.047018 0.218812 0.011096
v 0.051892 0.200407 0.018931
v 0.040021 0.207294 0.034303
v 0.037478 0.228394 0.024496
v 0.059736 0.195434 0.062421
v 0.051941 0.250927 0.039768
v 0.042328 0.250692 0.049915
v 0.051913 0.235864 0.048589
v 0.012024 0.195329 0.085571
v 0.013035 0.158593 0.129139
v 0.025385 0.160222 0.125366
v 0.006411 0.250696 0.065149
v 0.023351 0.195326 0.083227
v 0.025371 0.250724 0.060249
v 0.046581 0.195422 0.072865
v 0.032768 0.195273 0.080012
v 0.037063 0.176239 0.052688
v 0.042117 0.220823 0.064177
v 0.033114 0.235245 0.063170
v 0.027333 0.241946 0.028287
v 0.011447 0.243471 0.037269
v 0.018411 0.242703 0.034711
v 0.019209 0.272243 0.030302
v 0.029769 0.315593 0.011364
v 0.019781 0.309178 0.025854
v 0.011185 0.300206 0.059189
v 0.026773 0.311453 0.052868
v 0.019328 0.342143 0.053200
v 0.037152 0.243868 0.011425
v 0.034724 0.250328 0.055464
v 0.055868 0.251225 0.033814
v 0.029642 0.281531 0.018518
v 0.058103 0.291283 0.018853
v 0.059841 0.293993 0.011280
v 0.052540 0.316539 0.026459
v 0.033922 0.284467 0.051652
v 0.042205 0.295696 0.043677
v 0.046961 0.325943 0.034104
v 0.018965 0.250601 0.062561
v 0.003720 0.305949 0.059575
v 0.064075 0.176344 0.003982
v 0.063245 0.176369 0.011244
v 0.085850 0.195406 0.009864
v 0.081612 0.195394 0.028511
v 0.074845 0.195423 0.042994
v 0.117078 0.158750 0.055596
v 0.071258 0.219400 0.030127
v 0.084169 0.195432 0.018975
v 0.068655 0.195324 0.052469
v 0.128830 0.158642 0.015262
v 0.082411 0.159573 0.098769
v 0.095688 0.159649 0.085911
v 0.063598 0.250680 0.015560
v 0.059673 0.250982 0.026414
v 0.058359 0.318924 0.003708
v 0.011946 0.302461 0.030793
v 0.024637 0.327763 0.018536
v 0.004138 0.332453 0.030071
v 0.010296 0.400192 0.023275
v 0.021310 0.338806 0.021083
v 0.014254 0.370136 0.023408
v 0.025571 0.395082 0.003880
v 0.003995 0.398698 0.052371
v 0.026586 0.394569 0.045688
v 0.030203 0.332318 0.003874
v 0.052657 0.351028 0.019045
v 0.034490 0.327264 0.046523
v 0.034632 0.384907 0.040834
v 0.040998 0.391059 0.033878
v 0.024632 0.378049 0.011387
v 0.011199 0.389965 0.051942
v 0.011802 0.457172 0.019154
v 0.021929 0.410970 0.011849
v 0.015521 0.446650 0.016458
v 0.019295 0.455365 0.045336
v 0.045912 0.392884 0.026473
v 0.053026 0.374348 0.011223
v 0.052244 0.400958 0.004240
v 0.046924 0.430579 0.019145
v 0.041123 0.462211 0.026796
v 0.049281 0.433499 0.011168
v 0.295453 0.095264 0.013566
v 0.361873 0.038968 0.081332
v 0.268324 0.066648 0.103821
v 0.274577 0.066677 0.085402
v 0.280237 0.066922 0.061647
v 0.285351 0.095231 0.078416
v 0.273576 0.095434 0.111585
v 0.291040 0.095333 0.051982
v 0.283371 0.066927 0.044557
v 0.474804 0.002625 0.070125
v 0.482463 0.031366 0.071318
v 0.353306 0.071917 0.095525
v 0.354977 0.067139 0.136602
v 0.304599 0.045898 0.172509
v 0.323858 0.063989 0.216786
v 0.257414 0.095114 0.146694
v 0.281700 0.043445 0.220016
v 0.280000 0.075309 0.219516
v 0.329077 0.072481 0.156063
v 0.258107 0.066576 0.127570
v 0.350475 0.059800 0.197792
v 0.324452 0.032495 0.216841
v 0.479362 0.002632 0.024003
v 0.470758 0.002629 0.093502
v 0.465625 0.002629 0.116405
v 0.478494 0.031376 0.094291
v 0.433927 0.002632 0.205071
v 0.411628 0.002638 0.246818
v 0.443891 0.002631 0.182570
v 0.422944 0.002639 0.226891
v 0.459676 0.002625 0.138070
v 0.452027 0.002633 0.161329
v 0.477618 0.002635 0.047322
v 0.467040 0.031370 0.140487
v 0.473358 0.031367 0.117437
v 0.485315 0.031371 0.048204
v 0.487091 0.031371 0.024697
v 0.459441 0.031365 0.163641
v 0.441188 0.031367 0.207867
v 0.430411 0.031369 0.229370
v 0.418064 0.031372 0.251152
v 0.451015 0.031368 0.185619
v 0.286385 0.002640 0.385157
v 0.371109 0.002641 0.304357
v 0.385224 0.002625 0.286320
v 0.280351 0.033726 0.266284
v 0.332216 0.002672 0.346368
v 0.354891 0.002633 0.323120
v 0.265563 0.002636 0.399788
v 0.246504 0.002639 0.411822
v 0.304347 0.002638 0.371117
v 0.327345 0.031381 0.361537
v 0.256394 0.069647 0.270669
v 0.309836 0.057501 0.267489
v 0.309468 0.031384 0.376946
v 0.290197 0.031374 0.391981
v 0.391871 0.031373 0.290348
v 0.358210 0.031406 0.331063
v 0.271035 0.031376 0.405457
v 0.399866 0.002632 0.265445
v 0.376739 0.031377 0.309715
v 0.405479 0.031375 0.271001
v 0.003904 0.435744 0.023108
v 0.004163 0.486801 0.020561
v 0.022267 0.449702 0.004311
v 0.018398 0.471732 0.011707
v 0.003545 0.500444 0.047090
v 0.011509 0.509346 0.045407
v 0.026648 0.473105 0.040563
v 0.047709 0.486712 0.003697
v 0.035043 0.450730 0.035090
v 0.043031 0.507889 0.018755
v 0.013547 0.532178 0.013554
v 0.009491 0.538759 0.016205
v 0.018498 0.539934 0.004133
v 0.015736 0.553623 0.009174
v 0.018852 0.537852 0.041884
v 0.026431 0.536110 0.037521
v 0.004127 0.564846 0.017777
v 0.002839 0.563668 0.044947
v 0.045928 0.497016 0.011687
v 0.037610 0.528579 0.026684
v 0.031842 0.548287 0.032318
v 0.043684 0.562129 0.011298
v 0.045179 0.551979 0.003969
v 0.012283 0.617373 0.012373
v 0.011297 0.601983 0.042706
v 0.026490 0.625225 0.034778
v 0.019394 0.629692 0.039046
v 0.016001 0.654239 0.003949
v 0.003738 0.686734 0.042773
v 0.035079 0.627174 0.026045
v 0.043287 0.640114 0.003743
v 0.039665 0.604217 0.019306
v 0.041972 0.647290 0.011309
v 0.030837 0.651233 0.030251
v 0.003740 0.655151 0.016034
v 0.015828 0.697215 0.003060
v 0.011335 0.720219 0.041507
v 0.018824 0.725482 0.038770
v 0.026467 0.724696 0.034094
v 0.038720 0.702533 0.018694
v 0.042910 0.725021 0.003746
v 0.041649 0.728069 0.011353
v 0.011888 0.726829 0.011897
v 0.003747 0.744736 0.015932
v 0.016021 0.754512 0.003874
v 0.033665 0.730863 0.027121
v 0.004387 0.823723 0.017045
v 0.012608 0.814398 0.012583
v 0.017318 0.831139 0.004272
v 0.003860 0.808658 0.043874
v 0.019153 0.805663 0.039627
v 0.027314 0.789847 0.034317
v 0.015648 0.860335 0.009445
v 0.011341 0.848087 0.043543
v 0.026665 0.846291 0.036217
v 0.043850 0.807620 0.003924
v 0.039527 0.806979 0.019339
v 0.035420 0.804792 0.026230
v 0.042802 0.812751 0.011171
v 0.013200 0.878411 0.013635
v 0.009825 0.879400 0.016156
v 0.004390 0.885615 0.045946
v 0.004301 0.947887 0.021463
v 0.020402 0.924036 0.004227
v 0.011640 0.909274 0.045604
v 0.018575 0.942734 0.044768
v 0.026454 0.915322 0.039292
v 0.045187 0.898579 0.011392
v 0.038524 0.900212 0.026336
v 0.032952 0.895696 0.032847
v 0.043868 0.923762 0.018773
v 0.018164 0.936924 0.011595
v 0.011968 0.950914 0.018865
v 0.003949 1.010894 0.052095
v 0.011017 1.019367 0.051646
v 0.048624 0.946759 0.003464
v 0.046492 0.973791 0.018784
v 0.051704 1.020210 0.011143
v 0.034212 1.001838 0.038881
v 0.039687 1.004363 0.033387
v 0.026330 1.007363 -0.044916
v 0.003857 1.014719 -0.025345
v 0.023117 0.974954 -0.003236
v 0.022675 1.003922 -0.010229
v 0.018822 1.048018 -0.051549
v 0.010087 1.004976 -0.022795
v 0.015362 1.032752 -0.021806
v 0.021865 1.030460 -0.014956
v 0.020224 1.057260 -0.020269
v 0.029960 1.078843 -0.003826
v 0.033057 1.009896 -0.040560
v 0.039929 1.006962 -0.033485
v 0.045076 1.008316 -0.026202
v 0.038608 1.041834 -0.038249
v 0.052077 1.054411 -0.018681
v 0.003771 1.099568 -0.058809
v 0.026033 1.089825 -0.052061
v 0.011212 1.090983 -0.029200
v 0.011223 1.116717 -0.059591
v 0.004080 1.085012 -0.030402
v 0.018380 1.121539 -0.058200
v 0.030219 1.103493 -0.011375
v 0.025455 1.112376 -0.021227
v 0.034625 1.072953 -0.044998
v 0.052522 1.096278 -0.026251
v 0.058413 1.104726 -0.010984
v 0.059465 1.105369 -0.003287
v 0.046110 1.077828 -0.033890
v 0.041878 1.124953 -0.044873
v 0.057094 1.111454 -0.018752
v 0.018413 1.162455 -0.062662
v 0.011812 1.170587 -0.037062
v 0.033864 1.130782 -0.051894
v 0.028629 1.162259 -0.058635
v 0.018725 1.109931 -0.027272
v 0.029264 1.129454 -0.018769
v 0.003926 1.170196 -0.038680
v 0.018665 1.170605 -0.034214
v 0.023951 1.169950 -0.030427
v 0.033743 1.170859 -0.019729
v 0.028428 1.170665 -0.026861
v 0.046763 1.136658 -0.041559
v 0.051408 1.129047 -0.034302
v 0.038735 1.170139 -0.003796
v 0.040673 1.162032 -0.051003
v 0.048972 1.161638 -0.043108
v 0.056280 1.162888 -0.033302
v 0.037253 1.170683 -0.011497
v 0.061353 1.161588 -0.022136
v 0.007530 1.162176 -0.064854
v 0.013852 1.187967 -0.075224
v 0.028658 1.188607 -0.071212
v -0.001723 1.233412 -0.103781
v 0.029137 1.233676 -0.099813
v 0.003638 1.203013 -0.052812
v 0.022948 1.224017 -0.061582
v 0.041409 1.188743 -0.064729
v 0.043862 1.233630 -0.094310
v 0.035302 1.239462 -0.066133
v 0.062951 1.210264 -0.064242
v 0.060148 1.233906 -0.085020
v 0.012481 1.201087 -0.050513
v 0.020215 1.200819 -0.047755
v 0.025839 1.201601 -0.045370
v 0.035040 1.199008 -0.037316
v 0.049171 1.189416 -0.059358
v 0.056496 1.188729 -0.051991
v 0.061075 1.184772 -0.043619
v 0.039853 1.182683 -0.019294
v 0.050952 1.201820 -0.012168
v 0.052787 1.202792 -0.003651
v 0.034582 1.208300 -0.044272
v 0.040691 1.200505 -0.032010
v 0.050866 1.221207 -0.038814
v 0.045456 1.202332 -0.026346
v 0.048196 1.200984 -0.019168
v 0.065018 1.162239 -0.006506
v 0.071060 1.234247 -0.076520
v 0.081123 1.233572 -0.064869
v 0.067220 1.188964 -0.037457
v 0.071019 1.188622 -0.029118
v 0.076992 1.189214 -0.003711
v 0.075210 1.188446 -0.015073
v 0.066723 1.200322 -0.050854
v 0.082431 1.217986 -0.046347
v 0.085538 1.211186 -0.029342
v 0.093232 1.233109 -0.045132
v 0.100160 1.233412 -0.027200
v 0.103005 1.233857 -0.014972
v 0.103945 1.233619 -0.001251
v 0.042089 1.441847 -0.274342
v 0.013249 1.474381 -0.304434
v 0.029186 1.471952 -0.301276
v 0.064677 1.503281 -0.322389
v 0.042125 1.444374 -0.239224
v 0.057931 1.507038 -0.289398
v 0.081093 1.442201 -0.265758
v 0.089990 1.426269 -0.248795
v 0.074512 1.472943 -0.294195
v 0.064059 1.468735 -0.255254
v 0.072846 1.451045 -0.237473
v 0.089595 1.476439 -0.254285
v 0.123182 1.492945 -0.295544
v 0.123138 1.453949 -0.259963
v 0.108133 1.496559 -0.304585
v 0.103949 1.477099 -0.249367
v 0.147666 1.484873 -0.276509
v 0.188052 1.514337 -0.280913
v 0.015036 1.234184 -0.103245
v 0.010060 1.318548 -0.174416
v 0.033926 1.336055 -0.186259
v 0.032068 1.271831 -0.131940
v 0.046075 1.291616 -0.145099
v 0.058616 1.285437 -0.134926
v 0.060984 1.347352 -0.189170
v 0.056669 1.388637 -0.226162
v 0.023237 1.362271 -0.209895
v 0.024322 1.341208 -0.154964
v 0.045646 1.321826 -0.133024
v 0.030457 1.302765 -0.120932
v 0.122236 1.396008 -0.205745
v 0.076847 1.353505 -0.188827
v 0.078909 1.328432 -0.165082
v 0.097820 1.371484 -0.153585
v 0.067419 1.357827 -0.156829
v 0.109057 1.338540 -0.157268
v 0.101485 1.311830 -0.135326
v 0.131328 1.336922 -0.137369
v 0.127575 1.345172 -0.150050
v 0.103303 1.358699 -0.180855
v 0.101063 1.355517 -0.135143
v 0.012642 1.236358 -0.072005
v 0.023943 1.244963 -0.074621
v 0.046106 1.255855 -0.113457
v 0.065883 1.275810 -0.122453
v 0.054060 1.239566 -0.052109
v 0.044835 1.239333 -0.060111
v 0.052347 1.292912 -0.104091
v 0.079465 1.264667 -0.102632
v 0.112648 1.285567 -0.094858
v 0.077937 1.287657 -0.126943
v 0.100111 1.288256 -0.111065
v 0.120198 1.280432 -0.077385
v 0.119764 1.269688 -0.060252
v 0.065073 1.241473 -0.039899
v 0.066328 1.246450 -0.043175
v 0.086915 1.233290 -0.056547
v 0.072134 1.241194 -0.024312
v 0.073598 1.239367 -0.014247
v 0.114741 1.256594 -0.044365
v 0.108659 1.294039 -0.044797
v 0.068647 1.311381 -0.112684
v 0.084490 1.309765 -0.099622
v 0.099198 1.322486 -0.100513
v 0.096598 1.302868 -0.079130
v 0.150130 1.333249 -0.004036
v 0.010345 1.353739 -0.166953
v 0.024561 1.453673 -0.249400
v 0.031989 1.398412 -0.202000
v 0.050314 1.417047 -0.251882
v 0.046395 1.392111 -0.193781
v 0.013985 1.515426 -0.301843
v 0.101264 1.426445 -0.244571
v 0.071895 1.384675 -0.218383
v 0.058183 1.389374 -0.188254
v 0.084543 1.420999 -0.206750
v 0.098548 1.385443 -0.208377
v 0.130202 1.380502 -0.185294
v 0.120426 1.416004 -0.225898
v 0.100460 1.401131 -0.180755
v 0.116115 1.414237 -0.184194
v 0.076813 1.351790 -0.146802
v 0.096521 1.421517 -0.201884
v 0.119069 1.458470 -0.225056
v 0.154075 1.356698 -0.137551
v 0.164814 1.361618 -0.131229
v 0.137054 1.312429 -0.099993
v 0.141854 1.304543 -0.080393
v 0.169481 1.317308 -0.037982
v 0.147436 1.294356 -0.046344
v 0.184473 1.333226 -0.030403
v 0.135250 1.271980 -0.013021
v 0.143487 1.281070 -0.001105
v 0.148428 1.303154 -0.064781
v 0.130465 1.335209 -0.077737
v 0.151020 1.349533 -0.063415
v 0.185116 1.351989 -0.082487
v 0.161482 1.339698 -0.104535
v 0.189289 1.370920 -0.109050
v 0.146773 1.331339 -0.023249
v 0.183344 1.340704 -0.060941
v 0.130770 1.316603 -0.038507
v 0.213026 1.411839 -0.034025
v 0.221363 1.388716 -0.073567
v 0.223356 1.385420 -0.056785
v 0.227884 1.382285 -0.002888
v 0.166852 1.446758 -0.226900
v 0.148964 1.384580 -0.175010
v 0.108360 1.350265 -0.123585
v 0.128982 1.375512 -0.133192
v 0.125470 1.353445 -0.110223
v 0.136368 1.406343 -0.161208
v 0.190958 1.426326 -0.183294
v 0.185958 1.441773 -0.205945
v 0.194027 1.410741 -0.160204
v 0.152346 1.407518 -0.147618
v 0.169969 1.410312 -0.130824
v 0.149253 1.456495 -0.248383
v 0.141784 1.448837 -0.201770
v 0.153799 1.446404 -0.190131
v 0.168603 1.516611 -0.251889
v 0.154980 1.443381 -0.231813
v 0.185176 1.459875 -0.226549
v 0.168429 1.455750 -0.187911
v 0.199005 1.529033 -0.242208
v 0.213228 1.498838 -0.194014
v 0.185041 1.381849 -0.132444
v 0.230898 1.441992 -0.154243
v 0.225474 1.423243 -0.133538
v 0.222590 1.411648 -0.118928
v 0.219146 1.481660 -0.220366
v 0.232983 1.470957 -0.191918
v 0.239139 1.496340 -0.217142
v 0.182752 1.438376 -0.152210
v 0.195385 1.423141 -0.111963
v 0.198552 1.439595 -0.132761
v 0.230216 1.452947 -0.171083
v 0.253620 1.497844 -0.135328
v 0.138601 1.356968 -0.098425
v 0.187800 1.389965 -0.060979
v 0.192661 1.391371 -0.048481
v 0.217493 1.396411 -0.100700
v 0.182261 1.395447 -0.087180
v 0.163415 1.378833 -0.093334
v 0.202140 1.413342 -0.078908
v 0.242278 1.423352 -0.100053
v 0.261534 1.439440 -0.087037
v 0.247821 1.412123 -0.049733
v 0.217652 1.370943 -0.018504
v 0.188986 1.380485 -0.014950
v 0.224810 1.448571 -0.100918
v 0.286343 1.496492 -0.002845
v 0.274972 1.535074 -0.225071
v 0.286660 1.536827 -0.212435
v 0.273250 1.480901 -0.146717
v 0.274693 1.473720 -0.130612
v 0.276766 1.508514 -0.185517
v 0.270676 1.487373 -0.162185
v 0.279554 1.454557 -0.069896
v 0.255999 1.419358 -0.037941
v 0.300387 1.498403 -0.123412
v 0.255612 1.469289 -0.064541
v 0.276676 1.511690 -0.113419
v 0.277464 1.506483 -0.099224
v 0.234987 1.449680 -0.077194
v 0.274914 1.497759 -0.083767
v 0.303148 1.488514 -0.090945
v 0.306763 1.499429 -0.109147
v 0.321206 1.501817 -0.064402
v 0.317178 1.534012 -0.016680
v 0.300816 1.471532 -0.030142
v 0.301674 1.474729 -0.044907
v 0.025531 1.718604 -0.508851
v 0.053318 1.754395 -0.537448
v 0.091634 1.674228 -0.462547
v 0.079660 1.756727 -0.536201
v 0.078622 1.791819 -0.529020
v 0.099671 1.760603 -0.498280
v 0.123865 1.714943 -0.490983
v 0.105898 1.758969 -0.533594
v 0.186229 1.767831 -0.519192
v 0.243082 1.788806 -0.515032
v 0.029421 1.837699 -0.610601
v 0.059766 1.836776 -0.607592
v 0.033191 1.900339 -0.664016
v 0.064780 1.900326 -0.661678
v 0.091449 1.896866 -0.617927
v 0.086012 1.921000 -0.639352
v 0.096753 1.900332 -0.657791
v 0.056523 1.839688 -0.572980
v 0.117175 1.822288 -0.586534
v 0.134970 1.818096 -0.540728
v 0.110265 1.824616 -0.551966
v 0.031004 1.920997 -0.644532
v 0.063862 1.920996 -0.642100
v 0.086177 1.910275 -0.630097
v 0.086177 1.901761 -0.622766
v 0.086177 1.897598 -0.619181
v 0.086177 1.906112 -0.626512
v 0.094372 1.920997 -0.638333
v 0.129523 1.900339 -0.652122
v 0.161691 1.900329 -0.644890
v 0.192319 1.900325 -0.636444
v 0.223451 1.900335 -0.626180
v 0.143320 1.812976 -0.572511
v 0.161602 1.773731 -0.532638
v 0.177789 1.838513 -0.585606
v 0.172053 1.764444 -0.481628
v 0.163793 1.827220 -0.540844
v 0.204517 1.832179 -0.571069
v 0.232271 1.831994 -0.560185
v 0.198750 1.773566 -0.479687
v 0.239815 1.821924 -0.506684
v 0.195171 1.842859 -0.544553
v 0.222586 1.846796 -0.537579
v 0.125544 1.920998 -0.632951
v 0.156167 1.920997 -0.626101
v 0.186016 1.920996 -0.617906
v 0.216397 1.920998 -0.607913
v 0.253944 1.900339 -0.614446
v 0.263831 1.845290 -0.558634
v 0.269245 1.790951 -0.503920
v 0.259505 1.876427 -0.548914
v 0.284255 1.900331 -0.601018
v 0.293590 1.851033 -0.549154
v 0.313809 1.900324 -0.586133
v 0.304439 1.920988 -0.568942
v 0.261799 1.816589 -0.490527
v 0.310784 1.830282 -0.519037
v 0.341803 1.900334 -0.570259
v 0.323357 1.847222 -0.484148
v 0.307581 1.866403 -0.513532
v 0.395884 1.900338 -0.534146
v 0.343005 1.845201 -0.513738
v 0.368881 1.900333 -0.553129
v 0.345750 1.845233 -0.466300
v 0.246631 1.920994 -0.596285
v 0.275505 1.921017 -0.583518
v 0.331661 1.921003 -0.553509
v 0.358731 1.920996 -0.536378
v 0.421524 1.900328 -0.514154
v 0.384511 1.921003 -0.518193
v 0.409463 1.920999 -0.498711
v 0.446112 1.900324 -0.492970
v 0.018239 1.602228 -0.374102
v 0.057423 1.626475 -0.390603
v 0.079931 1.597598 -0.399594
v 0.097234 1.635706 -0.390583
v 0.133865 1.660499 -0.440071
v 0.021677 1.666503 -0.464515
v -0.002499 1.689582 -0.447461
v 0.034543 1.573492 -0.348872
v 0.056083 1.568922 -0.379468
v 0.036761 1.564447 -0.378070
v 0.045872 1.537738 -0.317470
v 0.067483 1.571243 -0.342123
v 0.095311 1.502350 -0.313881
v 0.097178 1.586443 -0.386158
v 0.079156 1.545243 -0.317281
v 0.110376 1.566411 -0.365178
v 0.108606 1.541246 -0.304912
v 0.088005 1.514964 -0.288630
v 0.125931 1.547709 -0.304013
v 0.105937 1.592054 -0.350403
v 0.124525 1.596931 -0.348566
v 0.045535 1.670786 -0.466387
v 0.022207 1.691115 -0.448197
v 0.044668 1.691751 -0.447054
v 0.066005 1.692453 -0.445000
v 0.068227 1.665735 -0.459313
v 0.087843 1.692031 -0.440850
v 0.113805 1.669786 -0.453698
v 0.078491 1.636487 -0.395427
v 0.109810 1.692768 -0.436545
v 0.155422 1.663078 -0.435221
v 0.178387 1.608472 -0.376463
v 0.162160 1.615416 -0.390019
v 0.237994 1.665086 -0.398100
v 0.150406 1.531339 -0.318496
v 0.130107 1.573689 -0.365079
v 0.142925 1.554976 -0.343380
v 0.184137 1.576921 -0.344086
v 0.178319 1.605652 -0.332632
v 0.117239 1.481311 -0.247290
v 0.138888 1.477872 -0.232473
v 0.139166 1.544539 -0.295271
v 0.165604 1.539319 -0.276229
v 0.171728 1.509395 -0.286381
v 0.144782 1.522169 -0.271570
v 0.163152 1.610700 -0.344992
v 0.201160 1.579298 -0.336739
v 0.222407 1.589420 -0.333307
v 0.205365 1.522598 -0.277129
v 0.220650 1.527122 -0.270033
v 0.177413 1.511779 -0.240795
v 0.240439 1.538014 -0.264959
v 0.214301 1.517207 -0.215071
v 0.193888 1.606807 -0.324931
v 0.245227 1.602535 -0.330623
v 0.209769 1.604986 -0.313080
v 0.234323 1.595457 -0.284929
v 0.223473 1.602726 -0.301099
v 0.144832 1.707924 -0.478949
v 0.131958 1.695049 -0.432383
v 0.122233 1.659198 -0.404008
v 0.169817 1.715091 -0.477184
v 0.140988 1.655210 -0.394323
v 0.149404 1.620429 -0.359968
v 0.179366 1.669274 -0.431533
v 0.200480 1.671359 -0.424088
v 0.191637 1.690627 -0.405303
v 0.152803 1.693870 -0.424429
v 0.147559 1.759622 -0.485370
v 0.171873 1.691776 -0.415120
v 0.242620 1.724407 -0.453642
v 0.219634 1.668643 -0.411890
v 0.200484 1.734927 -0.483536
v 0.221245 1.729033 -0.468825
v 0.231605 1.741216 -0.433604
v 0.243941 1.721223 -0.406978
v 0.210039 1.687919 -0.393495
v 0.219250 1.663424 -0.364813
v 0.216027 1.538856 -0.238358
v 0.246024 1.534588 -0.201666
v 0.222462 1.485249 -0.164963
v 0.232547 1.483952 -0.148518
v 0.215831 1.756477 -0.456141
v 0.272917 1.572619 -0.273917
v 0.281505 1.565248 -0.256033
v 0.273933 1.598450 -0.302669
v 0.344535 1.666744 -0.312567
v 0.276335 1.599832 -0.249892
v 0.330136 1.621098 -0.271014
v 0.344716 1.623417 -0.255481
v 0.387063 1.667489 -0.259171
v 0.259856 1.669012 -0.388137
v 0.280408 1.673664 -0.378487
v 0.331360 1.734205 -0.404427
v 0.267634 1.731233 -0.446184
v 0.281163 1.714825 -0.421017
v 0.249622 1.691335 -0.373139
v 0.267422 1.691308 -0.360556
v 0.288477 1.774337 -0.432527
v 0.319585 1.748952 -0.429604
v 0.304180 1.726824 -0.370384
v 0.372900 1.740010 -0.373508
v 0.369680 1.766583 -0.407929
v 0.281352 1.685165 -0.343150
v 0.262272 1.621559 -0.289563
v 0.262122 1.604266 -0.319260
v 0.314524 1.670587 -0.347133
v 0.294498 1.666211 -0.359526
v 0.312224 1.683639 -0.313517
v 0.269548 1.610699 -0.270142
v 0.330056 1.669298 -0.330862
v 0.372988 1.686701 -0.305634
v 0.330827 1.688735 -0.300201
v 0.309340 1.632697 -0.253578
v 0.355582 1.683514 -0.263124
v 0.303143 1.694399 -0.334652
v 0.347685 1.741817 -0.348238
v 0.358193 1.731852 -0.324871
v 0.351318 1.698088 -0.288660
v 0.374657 1.668525 -0.278260
v 0.397420 1.664439 -0.238041
v 0.372805 1.690827 -0.249332
v 0.385484 1.691940 -0.231090
v 0.450245 1.736510 -0.269631
v 0.378435 1.720628 -0.343719
v 0.428709 1.747474 -0.318693
v 0.414168 1.749950 -0.340691
v 0.387553 1.730730 -0.287612
v 0.439718 1.741455 -0.294162
v 0.427566 1.749367 -0.256409
v 0.273808 1.548066 -0.183049
v 0.277070 1.567084 -0.205958
v 0.253312 1.488950 -0.119385
v 0.322178 1.559369 -0.193135
v 0.286334 1.553443 -0.171670
v 0.294507 1.543692 -0.139111
v 0.310485 1.616975 -0.230787
v 0.323544 1.548876 -0.172930
v 0.333753 1.551476 -0.157465
v 0.353202 1.567421 -0.146393
v 0.360336 1.567617 -0.128342
v 0.328374 1.627101 -0.220117
v 0.306736 1.569694 -0.163112
v 0.331586 1.587295 -0.221788
v 0.371384 1.613976 -0.198663
v 0.351026 1.618672 -0.165941
v 0.339023 1.593087 -0.140337
v 0.335269 1.579941 -0.119625
v 0.266307 1.478878 -0.053474
v 0.336845 1.525410 -0.084561
v 0.363063 1.563863 -0.109998
v 0.316271 1.544038 -0.079031
v 0.341565 1.580775 -0.102668
v 0.329592 1.552662 -0.048876
v 0.284998 1.496614 -0.028608
v 0.319761 1.492986 -0.017078
v 0.382332 1.572524 -0.057219
v 0.353751 1.585603 -0.070359
v 0.392302 1.637830 -0.097557
v 0.371918 1.601275 -0.037053
v 0.346068 1.637119 -0.207821
v 0.349423 1.628360 -0.187120
v 0.379276 1.612109 -0.179548
v 0.430361 1.667433 -0.178112
v 0.438981 1.658988 -0.133038
v 0.399512 1.597566 -0.080234
v 0.379789 1.566548 -0.037217
v 0.402432 1.606277 -0.100351
v 0.464691 1.668823 -0.045784
v 0.460967 1.667712 -0.068307
v 0.467049 1.668949 -0.002683
v 0.410778 1.666498 -0.217863
v 0.421050 1.667579 -0.199429
v 0.378935 1.635741 -0.135775
v 0.395256 1.648345 -0.119890
v 0.404913 1.624588 -0.144822
v 0.407248 1.681369 -0.168002
v 0.393732 1.688344 -0.210336
v 0.404451 1.689627 -0.191478
v 0.452763 1.723230 -0.242143
v 0.441074 1.670774 -0.158276
v 0.476361 1.704812 -0.144174
v 0.484834 1.707227 -0.121242
v 0.458995 1.716500 -0.216992
v 0.440424 1.723668 -0.182083
v 0.447479 1.745321 -0.211848
v 0.419869 1.687979 -0.150686
v 0.429475 1.691167 -0.130226
v 0.459274 1.736698 -0.164106
v 0.480603 1.753565 -0.145455
v 0.405167 1.644234 -0.060092
v 0.451332 1.666793 -0.112890
v 0.459492 1.670759 -0.091850
v 0.438402 1.689035 -0.087149
v 0.443863 1.691129 -0.066070
v 0.448420 1.690722 -0.002219
v 0.466907 1.669504 -0.023783
v 0.435479 1.691484 -0.109577
v 0.510597 1.769915 -0.075257
v 0.445613 1.689991 -0.044027
v 0.448468 1.691437 -0.022322
v 0.277190 1.797422 -0.462997
v 0.311158 1.777662 -0.465587
v 0.309969 1.775563 -0.418699
v 0.348141 1.806792 -0.469997
v 0.341151 1.795438 -0.415917
v 0.376313 1.860299 -0.458797
v 0.377124 1.817761 -0.459266
v 0.401621 1.822062 -0.442979
v 0.415297 1.809898 -0.415606
v 0.355597 1.785778 -0.392567
v 0.428951 1.799862 -0.388844
v 0.400673 1.798778 -0.363206
v 0.395655 1.856065 -0.437344
v 0.433785 1.920997 -0.477725
v 0.469842 1.900336 -0.470400
v 0.413966 1.851426 -0.414472
v 0.492608 1.900338 -0.446489
v 0.455071 1.854763 -0.373390
v 0.422423 1.781190 -0.313005
v 0.448806 1.802017 -0.368667
v 0.485315 1.829556 -0.360146
v 0.430217 1.771355 -0.287329
v 0.405062 1.779163 -0.332450
v 0.472471 1.854388 -0.350567
v 0.447727 1.759866 -0.239012
v 0.469063 1.826097 -0.313435
v 0.456093 1.920997 -0.456446
v 0.478167 1.921008 -0.433284
v 0.494858 1.779159 -0.264824
v 0.505728 1.777177 -0.239499
v 0.493733 1.747627 -0.204226
v 0.511369 1.758087 -0.183365
v 0.522623 1.761701 -0.159234
v 0.562367 1.800731 -0.140697
v 0.535105 1.755396 -0.079277
v 0.491428 1.752468 -0.098458
v 0.528902 1.753484 -0.105469
v 0.538113 1.755146 -0.053206
v 0.514082 1.900330 -0.421594
v 0.534080 1.900339 -0.395958
v 0.553046 1.900341 -0.368996
v 0.511262 1.819844 -0.306399
v 0.481146 1.799932 -0.322115
v 0.512441 1.845719 -0.273621
v 0.538122 1.836385 -0.287656
v 0.492659 1.803716 -0.233079
v 0.558032 1.844719 -0.263938
v 0.504993 1.876934 -0.337877
v 0.521477 1.856228 -0.348384
v 0.473624 1.812085 -0.283848
v 0.586219 1.900333 -0.313640
v 0.566514 1.883744 -0.235265
v 0.601142 1.900325 -0.283979
v 0.498777 1.920998 -0.409380
v 0.518826 1.921000 -0.383634
v 0.536320 1.921005 -0.358803
v 0.553502 1.920999 -0.331664
v 0.568884 1.920995 -0.304525
v 0.570256 1.900335 -0.341808
v 0.544346 1.870607 -0.257535
v 0.583429 1.921013 -0.275656
v 0.596009 1.920982 -0.247343
v 0.481235 1.775329 -0.198964
v 0.518848 1.810708 -0.185402
v 0.524743 1.830636 -0.217463
v 0.542279 1.809213 -0.224618
v 0.487929 1.754507 -0.121961
v 0.548068 1.827166 -0.137500
v 0.547921 1.819746 -0.109275
v 0.564873 1.824540 -0.202446
v 0.578757 1.830045 -0.175429
v 0.538131 1.823963 -0.163157
v 0.614607 1.900342 -0.253524
v 0.626154 1.920990 -0.155852
v 0.632872 1.921012 -0.125895
v 0.532951 1.792527 -0.051685
v 0.584149 1.819409 -0.116528
v 0.584736 1.857695 -0.086872
v 0.605510 1.838692 -0.089912
v 0.644501 1.921000 -0.031449
v 0.645270 1.921012 -0.001798
v 0.613058 1.840550 -0.029317
v 0.590972 1.860810 -0.058065
v 0.625981 1.900343 -0.223965
v 0.652249 1.900343 -0.128907
v 0.645039 1.900337 -0.161081
v 0.657833 1.900335 -0.096398
v 0.664012 1.900330 -0.033376
v 0.607884 1.921034 -0.216473
v 0.617666 1.921005 -0.186693
v 0.636293 1.900334 -0.192742
v 0.638299 1.920999 -0.094588
v 0.642084 1.920999 -0.063941
v 0.661621 1.900336 -0.065346
v 0.004130 0.994044 0.024016
v 0.023066 0.976715 0.003759
v 0.021660 0.996855 0.011698
v 0.018002 1.009061 0.017777
v 0.026091 0.995078 0.044268
v 0.011498 1.023772 0.023588
v 0.026239 1.058232 0.011675
v 0.029784 1.077644 0.004083
v 0.018890 1.056504 0.052177
v 0.026755 1.046881 0.047893
v 0.045001 1.010904 0.026682
v 0.052559 1.016863 0.004010
v 0.053265 1.071643 0.019181
v 0.003981 1.084528 0.030444
v 0.011174 1.102937 0.030229
v 0.021726 1.057541 0.018617
v 0.003895 1.100243 0.058836
v 0.019252 1.101133 0.025912
v 0.025494 1.097271 0.019168
v 0.011038 1.111651 0.059078
v 0.022580 1.099168 0.054668
v 0.058893 1.100871 0.003893
v 0.040374 1.073567 0.040012
v 0.045214 1.073563 0.034428
v 0.030800 1.109487 0.011487
v 0.059137 1.112334 0.011130
v 0.053140 1.104413 0.026668
v 0.034367 1.078920 0.045839
v 0.024166 1.123916 0.024070
v 0.029930 1.135050 0.018684
v 0.003693 1.169877 0.038589
v 0.028869 1.162231 0.058527
v 0.018900 1.142057 0.030627
v 0.011383 1.170877 0.037311
v 0.019013 1.162443 0.062496
v 0.038631 1.170322 0.003945
v 0.041640 1.137024 0.046713
v 0.034446 1.144679 0.053156
v 0.049889 1.128327 0.036514
v 0.037273 1.170826 0.011580
v 0.033073 1.170148 0.020571
v 0.061269 1.161489 0.022329
v 0.042360 1.162285 0.049766
v 0.053155 1.162097 0.037924
v 0.007805 1.162272 0.064824
v 0.026526 1.171050 0.028779
v 0.003635 1.203014 0.052811
v 0.012009 1.202468 0.051341
v 0.017443 1.170939 0.035014
v 0.031068 1.202499 0.042561
v 0.022403 1.202357 0.047640
v 0.024545 1.242635 0.073022
v 0.040482 1.183756 0.019071
v 0.051348 1.202434 0.011828
v 0.042622 1.202395 0.030892
v 0.052667 1.202771 0.003638
v 0.048443 1.200559 0.017756
v 0.037405 1.202596 0.037098
v 0.046617 1.202251 0.024175
v 0.052451 1.238895 0.053291
v 0.045582 1.244426 0.063348
v 0.056401 1.231765 0.042155
v 0.014154 1.188517 0.075443
v 0.029584 1.189115 0.071135
v 0.011740 1.239076 0.073836
v 0.026872 1.234105 0.100737
v 0.016463 1.234313 0.103067
v 0.043258 1.189596 0.064069
v 0.052147 1.189081 0.056627
v 0.060879 1.207917 0.064325
v 0.054946 1.234150 0.088644
v 0.064882 1.162298 0.007546
v 0.071261 1.188830 0.028752
v 0.076600 1.189192 0.008480
v 0.074022 1.188639 0.020373
v 0.061626 1.177722 0.037286
v 0.067549 1.189186 0.037092
v 0.061525 1.190218 0.047417
v 0.073228 1.238031 0.011442
v 0.103870 1.234304 0.010253
v 0.101493 1.233467 0.021806
v 0.066570 1.240050 0.035294
v 0.081789 1.216088 0.045192
v 0.085113 1.233843 0.059845
v 0.035525 1.239977 0.066413
v 0.007988 1.233938 0.103779
v 0.029441 1.302230 0.120753
v 0.035339 1.233433 0.097593
v 0.046129 1.233411 0.093028
v 0.045913 1.254010 0.111865
v 0.069073 1.274414 0.119442
v 0.043580 1.322586 0.134379
v 0.056181 1.324993 0.131800
v 0.073504 1.347313 0.144262
v 0.073956 1.244435 0.025130
v 0.119650 1.254802 0.021281
v 0.093061 1.233240 0.045716
v 0.098025 1.233786 0.034742
v 0.105503 1.299255 0.060930
v 0.120092 1.312296 0.056534
v 0.064862 1.233771 0.081272
v 0.075641 1.234179 0.071978
v 0.081835 1.268778 0.105128
v 0.077263 1.307181 0.102649
v 0.111866 1.335590 0.103130
v 0.085871 1.310888 0.099627
v 0.103628 1.259351 0.070578
v 0.102065 1.270569 0.087873
v 0.117218 1.300785 0.108849
v 0.082491 1.338324 0.130510
v 0.103206 1.359103 0.137242
v 0.133087 1.339909 0.080839
v 0.123646 1.337346 0.091114
v 0.109327 1.352687 0.125428
v 0.025624 1.370005 0.179020
v 0.016884 1.366434 0.214035
v 0.030773 1.346715 0.195782
v 0.038469 1.315447 0.167774
v 0.048939 1.296699 0.148697
v 0.060533 1.346900 0.188900
v 0.048839 1.395796 0.196357
v 0.056439 1.382725 0.182931
v 0.061831 1.288973 0.136704
v 0.078005 1.355183 0.189857
v 0.074345 1.400465 0.192392
v 0.099048 1.309558 0.134847
v 0.109395 1.301207 0.117111
v 0.112337 1.398377 0.170863
v 0.089201 1.327733 0.159119
v 0.119127 1.359272 0.171367
v 0.097543 1.379629 0.203501
v 0.014437 1.382902 0.191069
v 0.013104 1.514239 0.300879
v 0.013660 1.475445 0.305316
v 0.050817 1.415835 0.250766
v 0.059956 1.383085 0.220590
v 0.039807 1.438554 0.234716
v 0.025837 1.462398 0.256582
v 0.064892 1.470731 0.256766
v 0.102631 1.402046 0.180424
v 0.098603 1.417615 0.197302
v 0.135178 1.390738 0.144861
v 0.084677 1.393180 0.221370
v 0.071947 1.450339 0.237120
v 0.093184 1.442107 0.222207
v 0.106578 1.370303 0.190063
v 0.124758 1.413531 0.221259
v 0.107252 1.444456 0.258354
v 0.122589 1.450707 0.257232
v 0.091571 1.479010 0.255847
v 0.115646 1.476635 0.243708
v 0.126360 1.474999 0.236804
v 0.132644 1.273728 0.035601
v 0.149208 1.296749 0.047387
v 0.138292 1.291024 0.062638
v 0.123311 1.278539 0.069164
v 0.168144 1.355176 0.010466
v 0.174052 1.363505 0.021848
v 0.185999 1.379908 0.034122
v 0.138391 1.325006 0.037134
v 0.149893 1.344663 0.055037
v 0.191081 1.341569 0.033276
v 0.185329 1.384622 0.053937
v 0.197680 1.396601 0.046268
v 0.179637 1.345443 0.081230
v 0.137439 1.311764 0.098510
v 0.140675 1.376710 0.122345
v 0.170820 1.341755 0.092069
v 0.176301 1.356607 0.107406
v 0.173393 1.382096 0.079945
v 0.215829 1.368305 0.014051
v 0.184746 1.342378 0.061227
v 0.216644 1.385359 0.078503
v 0.207070 1.388884 0.107727
v 0.132445 1.351382 0.152667
v 0.147060 1.352787 0.140431
v 0.156728 1.390224 0.120497
v 0.193615 1.415358 0.101642
v 0.206479 1.418906 0.080599
v 0.163350 1.386967 0.106461
v 0.197279 1.438690 0.133314
v 0.246308 1.410422 0.050084
v 0.301671 1.515198 0.013368
v 0.252113 1.457013 0.025486
v 0.232264 1.411793 0.099133
v 0.206369 1.442183 0.124499
v 0.228279 1.392847 0.062747
v 0.234436 1.446778 0.070624
v 0.241767 1.429914 0.114698
v 0.261187 1.469862 0.039148
v 0.261820 1.473454 0.052858
v 0.257495 1.471750 0.065513
v 0.267533 1.493828 0.095660
v 0.237686 1.472519 0.120275
v 0.261234 1.492883 0.109643
v 0.132591 1.371666 0.174347
v 0.157423 1.409345 0.144381
v 0.152475 1.442945 0.187479
v 0.144035 1.444721 0.195881
v 0.159705 1.440055 0.178150
v 0.179353 1.372511 0.126994
v 0.174318 1.379799 0.143502
v 0.186389 1.443679 0.154776
v 0.154201 1.410107 0.198242
v 0.173219 1.413246 0.185426
v 0.189566 1.468012 0.181772
v 0.133508 1.453292 0.211766
v 0.169571 1.517439 0.252084
v 0.152429 1.508926 0.254549
v 0.184712 1.459548 0.226590
v 0.188862 1.491259 0.209361
v 0.170170 1.496097 0.229879
v 0.225328 1.429515 0.143830
v 0.212447 1.432811 0.166781
v 0.216238 1.476241 0.160740
v 0.225028 1.501818 0.184155
v 0.251378 1.504790 0.151010
v 0.261480 1.530722 0.175455
v 0.192323 1.420951 0.175165
v 0.204374 1.474604 0.226247
v 0.219822 1.526009 0.219924
v 0.192755 1.496701 0.259595
v 0.206214 1.543033 0.251409
v 0.224396 1.517326 0.204690
v 0.029703 1.474330 0.303219
v 0.039939 1.432764 0.267002
v 0.072048 1.431398 0.259085
v 0.057314 1.505519 0.288214
v 0.037617 1.526185 0.308898
v 0.064690 1.504797 0.323684
v 0.049777 1.516005 0.335765
v 0.094600 1.444797 0.263554
v 0.079731 1.500499 0.316623
v 0.092742 1.492988 0.306497
v 0.088505 1.515704 0.289118
v 0.111892 1.504105 0.270446
v 0.125501 1.502800 0.303492
v 0.147961 1.485006 0.276476
v 0.161866 1.487020 0.270527
v 0.162071 1.458936 0.242680
v 0.315694 1.488015 0.015702
v 0.276809 1.444999 0.043400
v 0.260145 1.440187 0.092748
v 0.281313 1.460919 0.083653
v 0.283704 1.460081 0.072307
v 0.288616 1.483373 0.119031
v 0.280269 1.504592 0.085743
v 0.321766 1.502444 0.064272
v 0.319950 1.516378 0.114311
v 0.300612 1.471188 0.029305
v 0.249086 1.447814 0.133353
v 0.265562 1.492444 0.178123
v 0.273254 1.525219 0.147040
v 0.282469 1.527989 0.133915
v 0.267113 1.482613 0.160400
v 0.284151 1.485908 0.134350
v 0.262042 1.500642 0.194967
v 0.197889 1.551315 0.266672
v 0.266807 1.551408 0.197841
v 0.219378 1.543620 0.240672
v 0.241967 1.519323 0.241979
v 0.021678 1.666260 0.464306
v 0.018762 1.604298 0.375814
v 0.050599 1.564516 0.339327
v 0.037676 1.568785 0.381622
v 0.036927 1.604564 0.374689
v 0.078864 1.543332 0.315706
v 0.108211 1.540336 0.304236
v 0.072020 1.596452 0.362655
v 0.098961 1.595906 0.393861
v 0.112007 1.508144 0.313466
v 0.100640 1.573293 0.335658
v 0.136273 1.595125 0.381860
v 0.097298 1.636714 0.391426
v 0.116364 1.634024 0.383831
v 0.022378 1.691596 0.448588
v 0.060182 1.599182 0.404385
v 0.060311 1.647028 0.407500
v 0.045716 1.669948 0.465656
v 0.111094 1.565042 0.363760
v 0.080495 1.598812 0.400514
v 0.124339 1.623433 0.410660
v 0.068555 1.669340 0.462330
v 0.066224 1.692535 0.445041
v 0.045358 1.692722 0.447822
v 0.086372 1.687942 0.437636
v 0.110195 1.693811 0.437362
v 0.092487 1.675217 0.463230
v 0.113504 1.669582 0.453594
v 0.075697 1.771612 0.511995
v 0.096122 1.738681 0.479877
v 0.150780 1.535732 0.281194
v 0.138513 1.542261 0.293464
v 0.136468 1.580484 0.329249
v 0.189669 1.596198 0.317132
v 0.143252 1.557479 0.345516
v 0.125806 1.601776 0.352397
v 0.156193 1.643077 0.377616
v 0.165144 1.616082 0.349014
v 0.179508 1.609851 0.335966
v 0.151330 1.536092 0.322446
v 0.183044 1.575315 0.343148
v 0.197646 1.580089 0.296197
v 0.219943 1.526055 0.269467
v 0.250985 1.602128 0.277921
v 0.194014 1.562463 0.324643
v 0.200742 1.543965 0.302162
v 0.227380 1.567321 0.307281
v 0.228281 1.612756 0.307962
v 0.250494 1.626389 0.305039
v 0.252809 1.617984 0.341046
v 0.224080 1.636292 0.334937
v 0.232145 1.609665 0.347102
v 0.179636 1.612403 0.379502
v 0.239181 1.667764 0.400013
v 0.229885 1.689356 0.383661
v 0.149679 1.686618 0.419042
v 0.131825 1.695708 0.433002
v 0.162632 1.618264 0.392395
v 0.173172 1.694670 0.417236
v 0.135904 1.669297 0.447139
v 0.158886 1.671509 0.441504
v 0.150289 1.727882 0.495114
v 0.179063 1.668304 0.430769
v 0.124749 1.764572 0.496099
v 0.154820 1.789099 0.509509
v 0.168396 1.750015 0.469824
v 0.202683 1.786183 0.489733
v 0.199562 1.669432 0.422718
v 0.216942 1.662419 0.407440
v 0.192803 1.693656 0.407583
v 0.213981 1.697702 0.400780
v 0.193591 1.714582 0.467568
v 0.260152 1.758571 0.434480
v 0.227693 1.789566 0.481816
v 0.232194 1.698712 0.434317
v 0.229060 1.749505 0.484498
v 0.247016 1.779487 0.462454
v 0.251701 1.747733 0.471404
v 0.331007 1.562506 0.083639
v 0.354589 1.580386 0.035179
v 0.335077 1.559263 0.049437
v 0.332235 1.559406 0.066471
v 0.376885 1.605573 0.018592
v 0.381274 1.571200 0.056829
v 0.380557 1.567475 0.037360
v 0.342135 1.532088 0.086341
v 0.343556 1.539528 0.104373
v 0.335195 1.572773 0.100730
v 0.332175 1.576219 0.119014
v 0.310389 1.530936 0.165785
v 0.296962 1.568454 0.178278
v 0.260287 1.556670 0.213328
v 0.242550 1.502158 0.220628
v 0.265850 1.521544 0.218404
v 0.261335 1.575352 0.236010
v 0.289393 1.577442 0.262478
v 0.268645 1.608041 0.267914
v 0.323875 1.620604 0.217070
v 0.304456 1.625675 0.250260
v 0.329135 1.545352 0.155264
v 0.335455 1.544709 0.139687
v 0.317901 1.565952 0.132167
v 0.322984 1.560291 0.193261
v 0.336852 1.611037 0.179963
v 0.344002 1.634345 0.206754
v 0.361292 1.622409 0.150515
v 0.345415 1.611362 0.163550
v 0.308390 1.569151 0.228439
v 0.321224 1.633132 0.238919
v 0.321765 1.572896 0.214859
v 0.372292 1.690149 0.249061
v 0.399088 1.597143 0.080539
v 0.403629 1.642252 0.059245
v 0.445594 1.689992 0.044319
v 0.465875 1.670189 0.045583
v 0.398527 1.640298 0.079177
v 0.405897 1.610672 0.101642
v 0.405671 1.616917 0.122093
v 0.377337 1.625704 0.113848
v 0.467781 1.670507 0.023500
v 0.394893 1.611957 0.141546
v 0.376805 1.608794 0.178298
v 0.380340 1.637378 0.135879
v 0.379263 1.601150 0.156993
v 0.373617 1.617344 0.200461
v 0.370409 1.626632 0.221806
v 0.403357 1.651933 0.101887
v 0.444203 1.691565 0.066278
v 0.459561 1.666002 0.068113
v 0.453672 1.669695 0.113600
v 0.440626 1.691689 0.087502
v 0.436116 1.692229 0.109627
v 0.535978 1.756374 0.079153
v 0.449049 1.692135 0.022319
v 0.492402 1.760185 0.124060
v 0.530773 1.793895 0.078914
v 0.403636 1.688675 0.191311
v 0.430796 1.668270 0.178922
v 0.412493 1.688480 0.170960
v 0.427848 1.689117 0.129614
v 0.422111 1.690594 0.150961
v 0.393700 1.688308 0.210368
v 0.385196 1.691475 0.230791
v 0.403046 1.672699 0.242217
v 0.420115 1.666210 0.198726
v 0.439811 1.749391 0.234808
v 0.449462 1.672098 0.136435
v 0.440872 1.670573 0.158269
v 0.494060 1.718827 0.125233
v 0.456541 1.713365 0.215898
v 0.462502 1.740707 0.165250
v 0.460223 1.749071 0.191035
v 0.471163 1.742191 0.143136
v 0.443898 1.740532 0.209845
v 0.415241 1.673431 0.221994
v 0.474980 1.723971 0.196657
v 0.259236 1.571790 0.285968
v 0.300205 1.638905 0.272080
v 0.295139 1.609533 0.295246
v 0.259360 1.598905 0.315744
v 0.324304 1.612421 0.266700
v 0.347910 1.628228 0.257900
v 0.300850 1.689894 0.331573
v 0.315698 1.687768 0.314935
v 0.268313 1.693007 0.361680
v 0.295212 1.667335 0.360162
v 0.284402 1.691274 0.347263
v 0.334120 1.693750 0.302909
v 0.361895 1.693671 0.268971
v 0.313855 1.669459 0.346452
v 0.348494 1.672691 0.315688
v 0.332238 1.672261 0.332236
v 0.346279 1.690134 0.284087
v 0.351192 1.746506 0.350404
v 0.344656 1.766246 0.379942
v 0.260297 1.669992 0.388843
v 0.279225 1.671047 0.376589
v 0.249991 1.692464 0.374028
v 0.291201 1.779623 0.436134
v 0.315963 1.748222 0.384377
v 0.293123 1.739108 0.437993
v 0.268000 1.732280 0.447002
v 0.316057 1.742594 0.425461
v 0.333367 1.737887 0.406850
v 0.349270 1.730324 0.384578
v 0.388562 1.669632 0.260166
v 0.378970 1.675150 0.281881
v 0.435901 1.736129 0.291663
v 0.361149 1.669120 0.296377
v 0.376087 1.736078 0.309695
v 0.402063 1.751966 0.298530
v 0.415820 1.751503 0.278330
v 0.423506 1.743664 0.253689
v 0.412994 1.747774 0.339196
v 0.382154 1.769786 0.346724
v 0.463657 1.737664 0.247933
v 0.470642 1.764287 0.281767
v 0.431644 1.751665 0.320744
v 0.404956 1.792195 0.404541
v 0.396935 1.750150 0.360874
v 0.493597 1.804953 0.233553
v 0.290693 1.827863 0.485235
v 0.325071 1.850484 0.486354
v 0.308109 1.771808 0.416078
v 0.368455 1.845748 0.449153
v 0.389655 1.801589 0.430203
v 0.346617 1.803632 0.467758
v 0.320677 1.796961 0.479055
v 0.335362 1.824893 0.452360
v 0.361960 1.876970 0.488053
v 0.415483 1.795075 0.341199
v 0.461813 1.816095 0.308894
v 0.473479 1.811756 0.283540
v 0.452411 1.825420 0.336046
v 0.466925 1.802465 0.346066
v 0.477962 1.795392 0.319898
v 0.391691 1.848761 0.432519
v 0.408593 1.841980 0.408418
v 0.377686 1.818591 0.459720
v 0.409468 1.920990 0.498707
v 0.433629 1.920995 0.477863
v 0.447495 1.872361 0.405208
v 0.453061 1.808457 0.372156
v 0.445523 1.825965 0.403781
v 0.458103 1.859638 0.376265
v 0.498610 1.920985 0.409576
v 0.477539 1.920992 0.433971
v 0.456351 1.920994 0.456189
v 0.470698 1.900326 0.469547
v 0.025555 1.720039 0.510076
v 0.052589 1.753795 0.537017
v 0.080243 1.758771 0.537874
v 0.109450 1.822163 0.549987
v 0.108550 1.780366 0.551728
v 0.142535 1.808229 0.568509
v 0.124854 1.716733 0.492304
v 0.215670 1.781254 0.520106
v 0.029566 1.839558 0.612180
v 0.031586 1.920992 0.644495
v 0.059586 1.836506 0.607372
v 0.055100 1.820027 0.556225
v 0.087657 1.866928 0.592608
v 0.096309 1.900324 0.657853
v 0.063450 1.920989 0.642146
v 0.033305 1.900337 0.664011
v 0.064775 1.900330 0.661683
v 0.086004 1.921000 0.639351
v 0.119029 1.834364 0.596699
v 0.129459 1.900331 0.652125
v 0.086177 1.897599 0.619180
v 0.086177 1.901762 0.622764
v 0.086177 1.906113 0.626511
v 0.086177 1.910276 0.630096
v 0.094388 1.920995 0.638326
v 0.138068 1.831147 0.551439
v 0.191609 1.830001 0.534147
v 0.173759 1.821545 0.571663
v 0.125992 1.921004 0.632855
v 0.171242 1.853178 0.561762
v 0.156520 1.921006 0.626007
v 0.181365 1.751558 0.506158
v 0.204654 1.831811 0.570689
v 0.241173 1.858258 0.580804
v 0.228706 1.865118 0.551998
v 0.186910 1.921000 0.617614
v 0.217356 1.920993 0.607564
v 0.161615 1.900330 0.644906
v 0.192863 1.900329 0.636265
v 0.224428 1.900328 0.625828
v 0.282163 1.822589 0.527683
v 0.269893 1.836625 0.505618
v 0.301898 1.809683 0.503830
v 0.257391 1.870578 0.544387
v 0.331550 1.920986 0.553587
v 0.304215 1.920970 0.569065
v 0.261118 1.837376 0.552426
v 0.246375 1.920993 0.596392
v 0.284263 1.900324 0.601026
v 0.350380 1.860587 0.524630
v 0.358568 1.921000 0.536484
v 0.313851 1.900331 0.586113
v 0.275084 1.921027 0.583732
v 0.341590 1.900315 0.570405
v 0.368683 1.900323 0.553273
v 0.253839 1.900333 0.614487
v 0.421565 1.900323 0.514119
v 0.396032 1.900330 0.534037
v 0.384123 1.920989 0.518472
v 0.446355 1.900324 0.492752
v 0.574820 1.798331 0.057100
v 0.555460 1.819057 0.054440
v 0.664866 1.900336 -0.002066
v 0.460993 1.672579 0.092215
v 0.494134 1.755541 0.098325
v 0.550271 1.778845 0.109141
v 0.528211 1.768332 0.160272
v 0.509256 1.755329 0.182263
v 0.547697 1.819509 0.109338
v 0.611973 1.839277 0.029046
v 0.657914 1.900330 0.095900
v 0.595347 1.832746 0.118689
v 0.644489 1.920991 0.031806
v 0.517376 1.808807 0.184708
v 0.561258 1.799280 0.140066
v 0.530978 1.814931 0.160181
v 0.519894 1.824612 0.215699
v 0.503592 1.774253 0.238150
v 0.536984 1.802470 0.222323
v 0.538446 1.862970 0.254747
v 0.586031 1.839073 0.178003
v 0.644961 1.900330 0.161419
v 0.572526 1.834106 0.205323
v 0.559503 1.841035 0.140656
v 0.584014 1.880190 0.177459
v 0.625873 1.920990 0.157065
v 0.607800 1.921005 0.216711
v 0.568192 1.885885 0.235982
v 0.636326 1.900323 0.192665
v 0.596279 1.921004 0.246656
v 0.663996 1.900340 0.033615
v 0.642099 1.920998 0.063823
v 0.661675 1.900328 0.064865
v 0.638168 1.920987 0.095452
v 0.632932 1.920994 0.125647
v 0.652193 1.900339 0.129200
v 0.617487 1.920999 0.187302
v 0.625919 1.900335 0.224157
v 0.503712 1.790884 0.269514
v 0.498572 1.827485 0.266494
v 0.552493 1.837448 0.261126
v 0.523042 1.835941 0.313491
v 0.553640 1.920987 0.331450
v 0.536422 1.877552 0.286470
v 0.498427 1.867823 0.333676
v 0.522758 1.857988 0.349181
v 0.570205 1.900330 0.341895
v 0.536519 1.921008 0.358514
v 0.583520 1.921011 0.275486
v 0.614526 1.900325 0.253750
v 0.601104 1.900324 0.284068
v 0.546208 1.847124 0.292001
v 0.586197 1.900327 0.313683
v 0.534048 1.900331 0.396009
v 0.514126 1.900323 0.421558
v 0.518449 1.920986 0.384171
v 0.553102 1.900337 0.368904
v 0.568719 1.920991 0.304858
v 0.492557 1.900326 0.446566
v -0.074979 1.246920 0.026261
v -0.062980 1.246920 0.048179
v -0.073920 1.246920 0.028784
v 0.020675 1.246920 -0.076452
v 0.042785 1.246920 0.066845
v -0.062981 1.246920 -0.048180
v -0.074979 1.246920 -0.026261
v -0.039514 1.246920 -0.068684
v -0.011369 1.246920 -0.078511
v -0.026261 1.246920 -0.074980
v -0.018744 1.246920 -0.076953
v -0.028781 1.246920 0.073920
v 0.034068 1.246920 -0.071576
v 0.053784 1.246920 -0.058220
v 0.071575 1.246920 -0.034067
v -0.068684 1.246920 -0.039514
v -0.076452 1.246920 -0.020675
v -0.071576 1.246920 0.034067
v -0.066847 1.246920 0.042785
v -0.039512 1.246920 0.068683
v 0.058220 1.246920 -0.053784
v 0.034067 1.246920 0.071574
v 0.076450 1.246920 0.020674
v -0.079306 1.246920 0.003751
v -0.068683 1.246920 0.039513
v -0.058220 1.246920 0.053784
v -0.044257 1.246920 0.065864
v -0.048179 1.246920 0.062980
v 0.026261 1.246920 -0.074978
v 0.056080 1.246920 -0.056079
v 0.073920 1.246920 -0.028782
v 0.073920 1.246920 0.028781
v 0.050681 1.246920 0.060955
v -0.076954 1.246920 -0.018744
v -0.060958 1.246920 -0.050681
v -0.053784 1.246920 0.058220
v 0.039513 1.246920 -0.068683
v 0.003751 1.246920 0.079302
v 0.018741 1.246920 0.076952
v 0.079304 1.246920 0.003751
v 0.060955 1.246920 0.050681
v -0.110907 1.252804 -0.045616
v -0.078511 1.246920 -0.011369
v -0.065864 1.246920 0.044258
v -0.034067 1.246920 0.071575
v -0.018742 1.246920 0.076952
v 0.061739 1.250897 -0.100902
v 0.076952 1.246920 -0.018742
v -0.142921 1.288808 0.045430
v -0.056079 1.246920 0.056080
v 0.078511 1.246920 -0.011368
v 0.050681 1.246920 -0.060956
v -0.056080 1.246920 -0.056080
v -0.076452 1.246920 0.020675
v 0.028784 1.246920 -0.073920
v 0.048178 1.246920 0.062979
vn 0.5625 0.5801 0.5891
vn 0.5207 0.6424 0.5624
vn 0.5651 0.6392 0.5217
vn 0.4615 0.6398 0.6145
vn 0.4899 0.5806 0.6503
vn 0.8075 0.5860 0.0673
vn 0.7883 0.5722 0.2263
vn 0.7556 0.6394 0.1425
vn 0.7494 0.5209 0.4087
vn 0.7459 0.4528 0.4885
vn 0.7225 0.5710 0.3897
vn 0.8448 0.5018 0.1857
vn 0.8232 0.5254 0.2150
vn 0.2705 0.5816 0.7672
vn 0.4014 0.5113 0.7599
vn 0.4096 0.4482 0.7946
vn 0.5217 0.5219 0.6749
vn 0.4874 0.4780 0.7307
vn 0.3204 0.6398 0.6985
vn 0.3844 0.5790 0.7190
vn 0.4047 0.6400 0.6531
vn 0.0048 0.5858 0.8105
vn 0.1288 0.5131 0.8486
vn 0.0605 0.5107 0.8577
vn 0.2124 0.4979 0.8408
vn 0.2718 0.5161 0.8123
vn 0.1363 0.5772 0.8052
vn 0.2109 0.4916 0.8449
vn 0.1487 0.6406 0.7534
vn 0.3416 0.5162 0.7854
vn 0.2221 0.6419 0.7339
vn 0.6113 0.5143 0.6015
vn 0.5715 0.5224 0.6328
vn 0.6818 0.5151 0.5195
vn 0.6510 0.5197 0.5534
vn 0.6383 0.5768 0.5098
vn 0.5997 0.6401 0.4803
vn 0.6554 0.6404 0.4003
vn 0.7322 0.6416 -0.2286
vn 0.7294 0.5670 -0.3827
vn 0.7693 0.5769 -0.2747
vn 0.8358 0.5091 -0.2055
vn 0.8006 0.5759 -0.1654
vn 0.8376 0.5001 -0.2196
vn 0.7564 0.5033 -0.4178
vn 0.7479 0.4851 -0.4532
vn 0.7066 0.5142 -0.4861
vn 0.6553 0.5820 -0.4816
vn 0.6724 0.5249 -0.5218
vn 0.6681 0.6406 -0.3784
vn 0.7912 0.5009 -0.3509
vn 0.7890 0.4898 -0.3710
vn 0.5842 0.6383 -0.5012
vn 0.5890 0.5791 -0.5636
vn 0.6270 0.6392 -0.4453
vn 0.4920 0.6425 -0.5874
vn 0.4139 0.6410 -0.6464
vn 0.5139 0.5766 -0.6351
vn 0.6338 0.5205 -0.5721
vn 0.6021 0.5140 -0.6110
vn 0.5809 0.5079 -0.6361
vn 0.4855 0.4687 -0.7380
vn 0.4019 0.5739 -0.7135
vn 0.4070 0.5231 -0.7489
vn 0.3684 0.4778 -0.7975
vn 0.5209 0.5090 -0.6853
vn 0.5034 0.4654 -0.7281
vn 0.1594 0.4927 -0.8555
vn 0.0566 0.5847 -0.8092
vn 0.0251 0.5094 -0.8601
vn 0.2239 0.4986 -0.8374
vn 0.1641 0.5819 -0.7965
vn 0.1963 0.5090 -0.8381
vn 0.3536 0.4952 -0.7935
vn 0.2762 0.6426 -0.7147
vn 0.2798 0.5702 -0.7724
vn 0.6539 0.5147 -0.5546
vn 0.5529 0.5180 -0.6526
vn -0.1242 0.5129 0.8494
vn -0.0666 0.5037 0.8613
vn -0.2098 0.5003 0.8400
vn -0.2678 0.5837 0.7666
vn -0.1287 0.5787 0.8053
vn -0.2114 0.4885 0.8466
vn -0.5188 0.5853 0.6231
vn -0.3804 0.5860 0.7155
vn -0.4708 0.4790 0.7409
vn -0.4009 0.5200 0.7542
vn -0.4078 0.4546 0.7919
vn -0.5129 0.5298 0.6755
vn -0.4912 0.4858 0.7230
vn -0.4246 0.6437 0.6368
vn -0.3146 0.6420 0.6992
vn -0.3408 0.5190 0.7839
vn -0.6345 0.4767 0.6084
vn -0.6385 0.4852 0.5974
vn -0.5723 0.5321 0.6240
vn -0.7485 0.5218 0.4092
vn -0.7248 0.5716 0.3846
vn -0.7520 0.4406 0.4902
vn -0.6368 0.5757 0.5129
vn -0.7400 0.4568 0.4937
vn -0.6806 0.5162 0.5198
vn -0.8257 0.5213 0.2155
vn -0.7874 0.5706 0.2331
vn -0.8310 0.4596 0.3134
vn -0.8466 0.5135 0.1398
vn -0.8107 0.5854 0.0081
vn -0.8019 0.5878 0.1067
vn -0.8413 0.5049 0.1931
vn -0.7133 0.6416 0.2820
vn -0.7881 0.4941 0.3672
vn -0.8265 0.4437 0.3466
vn -0.7486 0.6412 0.1686
vn -0.7374 0.6405 0.2142
vn -0.6515 0.5171 0.5551
vn -0.5425 0.5416 0.6422
vn -0.6380 0.6398 0.4286
vn -0.5945 0.6398 0.4870
vn -0.6440 0.5040 -0.5755
vn -0.6062 0.5275 -0.5952
vn -0.5595 0.5804 -0.5916
vn -0.5653 0.5376 -0.6256
vn -0.0964 0.5854 -0.8050
vn -0.1402 0.5267 -0.8384
vn -0.0302 0.4915 -0.8703
vn -0.2168 0.5143 -0.8297
vn -0.1969 0.5082 -0.8384
vn -0.2253 0.5686 -0.7912
vn -0.4405 0.5232 -0.7295
vn -0.4165 0.5103 -0.7524
vn -0.3584 0.5734 -0.7367
vn -0.3705 0.5140 -0.7737
vn -0.5320 0.4579 -0.7122
vn -0.5065 0.5124 -0.6934
vn -0.2991 0.6419 -0.7060
vn -0.4427 0.5879 -0.6770
vn -0.3292 0.4522 -0.8289
vn -0.1849 0.6425 -0.7436
vn -0.7939 0.5701 -0.2117
vn -0.8283 0.5167 -0.2166
vn -0.8482 0.4159 -0.3279
vn -0.8496 0.5099 -0.1348
vn -0.8661 0.4952 -0.0685
vn -0.8403 0.5067 -0.1924
vn -0.8025 0.5888 -0.0968
vn -0.7549 0.5074 -0.4155
vn -0.7227 0.5683 -0.3935
vn -0.7964 0.4779 -0.3707
vn -0.7445 0.4892 -0.4543
vn -0.7074 0.5121 -0.4872
vn -0.6744 0.5197 -0.5246
vn -0.6542 0.5798 -0.4857
vn -0.8040 0.5021 -0.3187
vn -0.7252 0.6408 -0.2518
vn -0.7347 0.6002 -0.3161
vn -0.5554 0.6391 -0.5321
vn -0.5880 0.6413 -0.4929
vn -0.6290 0.6410 -0.4398
vn -0.4566 0.6425 -0.6154
vn -0.6574 0.5004 -0.5635
vn -0.5465 0.5132 -0.6618
vn -0.0423 0.6409 -0.7665
vn 0.2723 0.4983 -0.8231
vn 0.5534 0.5155 0.6542
vn 0.8424 0.5215 -0.1359
vn 0.7355 0.4598 0.4977
vn 0.8089 0.5841 -0.0665
vn 0.8570 0.5140 -0.0368
vn 0.8549 0.5179 0.0301
vn 0.6367 0.5066 0.5813
vn 0.4883 0.4512 0.7470
vn 0.8180 0.5062 -0.2733
vn 0.8316 0.4317 0.3493
vn 0.7943 0.4833 0.3682
vn -0.0000 -1.0000 -0.0000
vn -0.0000 -1.0000 0.0001
vn -0.0000 -1.0000 -0.0001
vn 0.4853 0.3115 -0.8170
vn -0.0000 -1.0000 0.0002
vn -0.0000 -1.0000 -0.0002
vn -0.0000 -1.0000 -0.0005
vn -0.8169 0.3116 0.4853
vn -0.9644 -0.2599 -0.0494
vn -0.9609 -0.2599 -0.0955
vn -0.9609 -0.2603 -0.0948
vn -0.9655 -0.2604 -0.0025
vn -0.9643 -0.2603 -0.0492
vn -0.9656 -0.2602 -0.0013
vn -0.0949 -0.2603 -0.9608
vn -0.0497 -0.2598 -0.9644
vn -0.0946 -0.2602 -0.9609
vn -0.0488 -0.2598 -0.9644
vn -0.0022 -0.2599 -0.9656
vn -0.1407 -0.2603 -0.9552
vn -0.7456 -0.2597 -0.6137
vn -0.7088 -0.2548 -0.6577
vn -0.7154 -0.2604 -0.6484
vn -0.8039 -0.2603 -0.5348
vn -0.8026 -0.2604 -0.5366
vn -0.7755 -0.2605 -0.5751
vn -0.7464 -0.2606 -0.6123
vn -0.6128 -0.2600 -0.7463
vn -0.5750 -0.2604 -0.7756
vn -0.6131 -0.2602 -0.7459
vn -0.5372 -0.2605 -0.8022
vn -0.5356 -0.2606 -0.8033
vn -0.5756 -0.2601 -0.7753
vn -0.4968 -0.2600 -0.8280
vn -0.4959 -0.2602 -0.8285
vn -0.6836 -0.2533 -0.6845
vn -0.6533 -0.2559 -0.7125
vn -0.6503 -0.2601 -0.7138
vn 0.2290 -0.9489 0.2171
vn 0.2345 -0.9487 0.2120
vn 0.2232 -0.9488 0.2236
vn 0.2438 -0.9489 0.2003
vn 0.1876 -0.9489 0.2539
vn 0.2009 -0.9487 0.2442
vn 0.1883 -0.9488 0.2538
vn -0.2444 0.9488 -0.2002
vn -0.2398 0.9487 -0.2061
vn -0.2317 0.9485 -0.2159
vn -0.2587 0.9487 -0.1815
vn -0.2534 0.9488 -0.1886
vn -0.2007 0.9488 -0.2437
vn -0.2004 0.9488 -0.2443
vn -0.2145 0.9486 -0.2328
vn -0.1828 0.9489 -0.2574
vn -0.1888 0.9487 -0.2538
vn 0.2463 -0.9485 0.1992
vn 0.2067 -0.9489 0.2383
vn 0.2126 -0.9488 0.2336
vn -0.2191 0.9489 -0.2273
vn -0.8279 -0.2600 -0.4969
vn -0.8282 -0.2598 -0.4965
vn -0.8728 -0.2599 -0.4132
vn -0.8921 -0.2607 -0.3690
vn -0.8733 -0.2605 -0.4117
vn -0.8512 -0.2601 -0.4558
vn -0.9097 -0.2607 -0.3233
vn -0.8926 -0.2604 -0.3681
vn -0.9093 -0.2608 -0.3243
vn -0.9369 -0.2600 -0.2336
vn -0.9372 -0.2607 -0.2317
vn -0.9243 -0.2604 -0.2792
vn 0.2708 -0.9488 0.1628
vn 0.2745 -0.9487 0.1570
vn 0.2786 -0.9488 0.1489
vn 0.2925 -0.9486 0.1209
vn 0.2952 -0.9490 0.1103
vn 0.2977 -0.9488 0.1059
vn 0.2870 -0.9490 0.1305
vn 0.2854 -0.9488 0.1356
vn -0.9470 -0.2600 -0.1885
vn -0.9550 -0.2608 -0.1410
vn -0.9473 -0.2607 -0.1864
vn -0.9549 -0.2610 -0.1413
vn -0.2990 0.9489 -0.1005
vn -0.2922 0.9488 -0.1201
vn -0.2975 0.9488 -0.1062
vn -0.2885 0.9490 -0.1272
vn -0.3059 0.9488 -0.0786
vn -0.3027 0.9487 -0.0911
vn -0.3065 0.9488 -0.0759
vn -0.2628 0.9488 -0.1755
vn -0.2709 0.9488 -0.1627
vn -0.3098 0.9489 -0.0608
vn 0.3095 -0.9489 0.0616
vn 0.3277 -0.9422 0.0699
vn 0.3126 -0.9488 0.0464
vn -0.3273 0.9422 -0.0718
vn -0.3329 0.9420 -0.0434
vn -0.3125 0.9488 -0.0462
vn -0.3143 0.9488 -0.0310
vn 0.3147 -0.9487 0.0310
vn 0.3341 -0.9418 0.0367
vn 0.3156 -0.9488 0.0160
vn -0.3353 0.9419 -0.0197
vn -0.3153 0.9489 -0.0162
vn -0.3357 0.9419 0.0069
vn -0.3159 0.9488 -0.0007
vn 0.2535 -0.9488 0.1885
vn 0.2600 -0.9488 0.1794
vn 0.2632 -0.9487 0.1750
vn 0.2703 -0.9418 0.1999
vn -0.2647 0.9421 -0.2057
vn 0.2841 -0.9487 0.1384
vn 0.2151 -0.9731 0.0821
vn 0.2907 -0.9422 0.1666
vn 0.3063 -0.9420 0.1370
vn -0.2837 0.9421 -0.1785
vn -0.2752 0.9488 -0.1547
vn -0.2992 0.9418 -0.1531
vn -0.3058 0.9427 -0.1338
vn 0.3183 -0.9425 0.1015
vn 0.3478 -0.9344 0.0773
vn 0.3543 -0.9343 0.0403
vn 0.3352 -0.9421 0.0061
vn -0.3528 0.9344 -0.0493
vn -0.3467 0.9344 -0.0815
vn -0.2790 -0.2602 -0.9244
vn -0.2326 -0.2604 -0.9371
vn -0.2340 -0.2604 -0.9367
vn 0.1001 -0.9487 0.2998
vn 0.1204 -0.9489 0.2917
vn 0.1066 -0.9488 0.2975
vn -0.3679 -0.2597 -0.8929
vn -0.3233 -0.2600 -0.9099
vn -0.3671 -0.2602 -0.8930
vn -0.1647 0.9488 -0.2696
vn -0.1489 0.9487 -0.2789
vn -0.1622 0.9488 -0.2712
vn -0.1761 0.9486 -0.2630
vn -0.1211 0.9488 -0.2918
vn -0.1203 0.9488 -0.2921
vn -0.1347 0.9487 -0.2861
vn -0.0980 0.9488 -0.3004
vn -0.0908 0.9488 -0.3025
vn -0.1061 0.9487 -0.2978
vn -0.2292 0.9418 -0.2459
vn -0.2128 0.9420 -0.2597
vn 0.1665 -0.9488 0.2686
vn 0.1889 -0.9423 0.2762
vn 0.2196 -0.9420 0.2538
vn 0.1278 -0.9418 0.3110
vn 0.1429 -0.9488 0.2816
vn 0.1535 -0.9420 0.2986
vn -0.1669 0.9421 -0.2909
vn -0.1391 0.9422 -0.3047
vn -0.1427 0.9488 -0.2819
vn -0.1867 -0.2604 -0.9473
vn -0.1864 -0.2607 -0.9472
vn -0.1397 -0.2603 -0.9554
vn -0.0705 0.9487 -0.3081
vn 0.0766 -0.9489 0.3060
vn 0.0829 -0.9419 0.3256
vn 0.0612 -0.9487 0.3101
vn -0.0084 0.9421 -0.3351
vn -0.0005 0.9488 -0.3159
vn -0.0163 0.9488 -0.3155
vn -0.0319 0.9420 -0.3342
vn -0.0314 0.9488 -0.3143
vn -0.0460 0.9489 -0.3123
vn 0.0549 -0.9421 0.3309
vn 0.1008 -0.9343 0.3419
vn 0.1061 -0.9422 0.3179
vn -0.0830 0.9420 -0.3251
vn -0.0487 0.9342 -0.3533
vn -0.0551 0.9421 -0.3308
vn -0.1148 0.9420 -0.3153
vn 0.2441 -0.9421 0.2302
vn 0.1935 -0.9344 0.2990
vn -0.3038 0.9345 -0.1855
vn -0.2814 0.9352 -0.2150
vn 0.2291 -0.9342 0.2735
vn 0.3113 -0.9342 0.1742
vn 0.3247 -0.9345 0.1456
vn 0.3388 -0.9345 0.1089
vn -0.3345 0.9344 -0.1227
vn -0.3354 0.9344 -0.1202
vn -0.3558 0.9346 -0.0041
vn -0.3525 0.9347 -0.0464
vn 0.3010 -0.9348 0.1886
vn 0.3106 -0.9351 0.1708
vn -0.2192 0.9656 -0.1399
vn -0.3251 0.9343 -0.1462
vn 0.3310 -0.9354 0.1242
vn -0.3166 0.9348 -0.1611
vn -0.3454 0.9342 -0.0897
vn 0.3466 -0.9353 0.0717
vn 0.1607 -0.9347 0.3172
vn 0.2547 -0.9125 0.3201
vn -0.2291 0.9345 -0.2726
vn -0.1937 0.9345 -0.2985
vn -0.1940 0.9418 -0.2745
vn 0.1236 -0.9081 0.4000
vn -0.1072 0.9342 -0.3404
vn -0.1261 0.9346 -0.3326
vn -0.1590 0.9350 -0.3170
vn -0.1610 0.9343 -0.3181
vn -0.1962 0.9342 -0.2978
vn 0.0440 -0.9344 0.3536
vn 0.0991 -0.8649 0.4920
vn -0.0816 0.9338 -0.3484
vn -0.1124 0.9329 -0.3422
vn 0.0111 -0.9352 0.3539
vn -0.0404 0.9346 -0.3534
vn 0.1996 -0.8961 0.3963
vn 0.2861 -0.9348 0.2107
vn -0.2579 0.9354 -0.2417
vn -0.2285 0.9344 -0.2733
vn -0.2833 0.9371 -0.2039
vn 0.3502 -0.8241 0.4452
vn 0.3278 -0.8734 0.3602
vn 0.4843 -0.7611 0.4315
vn 0.5313 -0.7626 0.3689
vn 0.5200 -0.7625 0.3850
vn 0.4451 -0.7648 0.4658
vn 0.2601 -0.9348 0.2418
vn 0.2493 -0.9346 0.2535
vn 0.6121 -0.7635 0.2059
vn 0.6358 -0.7617 0.1246
vn 0.5820 -0.7786 0.2346
vn 0.5626 -0.7661 0.3107
vn 0.5803 -0.7630 0.2846
vn 0.5858 -0.7661 0.2645
vn 0.2073 -0.8126 0.5448
vn 0.2922 -0.8076 0.5122
vn 0.3954 -0.7647 0.5089
vn 0.2763 -0.9341 0.2260
vn -0.5433 0.7665 -0.3425
vn -0.4728 0.7645 -0.4381
vn -0.5275 0.7637 -0.3722
vn -0.6023 0.7664 -0.2232
vn -0.5749 0.7623 -0.2971
vn -0.6057 0.7629 -0.2260
vn -0.6415 0.7621 -0.0876
vn -0.6328 0.7651 -0.1188
vn -0.6268 0.7625 -0.1602
vn -0.7920 0.3488 -0.5010
vn -0.6945 0.3541 -0.6263
vn -0.6740 0.3494 -0.6509
vn -0.8501 0.3574 -0.3868
vn -0.7651 0.2375 -0.5984
vn -0.8792 0.3477 -0.3257
vn -0.9024 0.3570 -0.2414
vn -0.8611 0.3583 -0.3606
vn -0.9918 0.1008 -0.0788
vn -0.9946 0.0876 -0.0549
vn -0.9659 0.0980 -0.2397
vn -0.9593 0.1050 -0.2622
vn -0.2876 0.7619 -0.5803
vn -0.3534 0.7624 -0.5421
vn -0.2865 0.7645 -0.5775
vn -0.2112 0.7620 -0.6122
vn -0.1921 0.7640 -0.6160
vn -0.3773 0.7654 -0.5213
vn -0.6050 0.3642 -0.7081
vn -0.5487 0.3477 -0.7603
vn -0.1004 0.7644 -0.6369
vn -0.0774 0.7632 -0.6415
vn -0.1435 0.7617 -0.6319
vn 0.1980 -0.7658 0.6118
vn 0.3041 -0.7647 0.5681
vn -0.4644 0.3538 -0.8119
vn -0.2827 0.3545 -0.8913
vn -0.4121 0.3528 -0.8401
vn 0.6801 -0.3536 0.6422
vn 0.7700 -0.3502 0.5334
vn 0.6826 -0.3532 0.6398
vn 0.5464 -0.3531 0.7595
vn 0.5787 -0.3521 0.7356
vn 0.7799 -0.3547 0.5157
vn 0.8510 -0.2350 0.4696
vn 0.8734 -0.3564 0.3318
vn 0.1045 -0.3546 0.9292
vn 0.3475 -0.3520 0.8691
vn 0.2853 -0.3547 0.8904
vn 0.4317 -0.2798 0.8575
vn 0.4412 -0.3498 0.8264
vn 0.0765 -0.3567 0.9311
vn 0.2304 -0.3550 0.9060
vn 0.8528 -0.3488 0.3886
vn 0.9338 -0.3538 0.0530
vn 0.9135 -0.3510 0.2056
vn 0.9091 -0.3559 0.2162
vn -0.2218 0.3573 -0.9073
vn -0.0573 0.3569 -0.9324
vn -0.1494 0.3512 -0.9243
vn -0.2397 0.1018 -0.9655
vn -0.0587 0.0862 -0.9945
vn -0.0609 0.1001 -0.9931
vn -0.5177 0.3524 -0.7796
vn 0.6591 -0.3680 0.6559
vn 0.9307 -0.3577 0.0760
vn 0.9102 -0.2713 0.3130
vn -0.8407 0.2291 -0.4907
vn -0.7097 0.0935 -0.6983
vn -0.5798 0.0963 -0.8090
vn -0.6487 0.0981 -0.7547
vn 0.9763 -0.1005 0.1915
vn 0.9775 -0.1013 0.1852
vn 0.9614 -0.0888 0.2604
vn 0.7059 -0.0955 0.7018
vn 0.8379 -0.0990 0.5367
vn 0.7072 -0.1013 0.6997
vn 0.6431 -0.1008 0.7592
vn -0.4408 0.0869 -0.8934
vn -0.4971 0.0988 -0.8621
vn 0.3142 -0.2647 0.9117
vn 0.4535 -0.0909 0.8866
vn -0.8925 0.0824 -0.4435
vn -0.8032 0.0982 -0.5876
vn -0.8008 0.0823 -0.5933
vn -0.6430 0.0703 -0.7627
vn -0.9758 0.0666 -0.2083
vn -0.9360 0.0771 -0.3435
vn -0.9320 0.0758 -0.3545
vn 0.7976 -0.0748 0.5986
vn 0.8760 -0.0906 0.4737
vn -0.5090 0.0631 -0.8585
vn -0.3401 0.0802 -0.9370
vn 0.7966 -0.0781 0.5994
vn 0.9652 -0.0800 0.2488
vn 0.9481 -0.0614 0.3121
vn 0.1346 -0.0722 0.9883
vn 0.2581 -0.0866 0.9622
vn 0.1180 -0.0809 0.9897
vn -0.7609 0.0650 -0.6456
vn -0.6327 0.0492 -0.7728
vn -0.9226 0.0517 -0.3824
vn 0.3261 -0.0588 0.9435
vn 0.4724 -0.0892 0.8768
vn 0.5821 -0.0674 0.8103
vn 0.5578 -0.0671 0.8272
vn -0.2329 0.0506 -0.9712
vn -0.0661 0.0642 -0.9957
vn -0.2143 0.0712 -0.9742
vn -0.0772 0.0470 -0.9959
vn -0.3696 0.0560 -0.9275
vn 0.9453 -0.0555 0.3213
vn 0.9506 -0.0684 0.3027
vn 0.5779 -0.0688 0.8132
vn 0.7863 -0.0472 0.6160
vn 0.8198 -0.0658 0.5689
vn -0.8568 0.0597 -0.5122
vn 0.2046 -0.0984 0.9739
vn 0.1998 -0.0990 0.9748
vn -0.0085 0.7643 -0.6448
vn -0.8523 -0.2607 -0.4535
vn -0.8256 0.0340 -0.5633
vn -0.9688 0.0366 -0.2451
vn -0.9125 0.0460 -0.4064
vn -0.5472 0.0468 -0.8357
vn 0.6673 -0.0357 0.7439
vn 0.6850 -0.0444 0.7272
vn 0.7821 -0.0442 0.6216
vn 0.7823 -0.0440 0.6214
vn -0.4002 0.0412 -0.9155
vn -0.7040 0.0444 -0.7088
vn -0.9968 0.0526 -0.0600
vn 0.9460 -0.0586 0.3190
vn 0.9347 -0.0433 0.3528
vn -0.9965 0.0295 -0.0777
vn -0.9699 0.0267 -0.2422
vn -0.8985 0.0209 -0.4385
vn -0.2358 0.0328 -0.9712
vn -0.0768 0.0281 -0.9967
vn 0.9066 -0.0290 0.4211
vn 0.9346 -0.0390 0.3536
vn 0.3860 -0.0332 0.9219
vn 0.3954 -0.0387 0.9177
vn 0.3186 -0.0527 0.9464
vn 0.4723 -0.0192 0.8812
vn 0.7157 -0.0395 0.6973
vn -0.7058 0.0209 -0.7081
vn -0.5689 0.0296 -0.8219
vn -0.9977 0.0144 -0.0662
vn -0.9613 0.0056 -0.2753
vn -0.5939 0.0149 -0.8044
vn -0.2613 0.0156 -0.9651
vn -0.0779 0.0109 -0.9969
vn 0.4389 -0.0181 0.8983
vn 0.4447 -0.0126 0.8956
vn 0.8969 -0.0157 0.4420
vn 0.8916 -0.0173 0.4524
vn 0.8914 -0.0172 0.4529
vn -0.9007 0.0004 -0.4345
vn -0.7987 0.0145 -0.6016
vn -0.8489 -0.0075 -0.5286
vn -0.6225 0.0047 -0.7826
vn -0.4490 -0.0001 -0.8935
vn -0.2739 -0.0032 -0.9617
vn -0.0670 -0.0097 -0.9977
vn 0.9021 0.0006 0.4316
vn 0.9021 -0.0078 0.4315
vn 0.4161 -0.0041 0.9093
vn 0.4338 0.0058 0.9010
vn -0.4382 0.0230 -0.8986
vn 0.4289 0.0115 0.9033
vn -0.7179 -0.0061 -0.6961
vn -0.7063 -0.0098 -0.7079
vn 0.9026 0.0062 0.4305
vn 0.8734 0.0276 0.4863
vn -0.5885 -0.0205 -0.8083
vn -0.4304 -0.0208 -0.9024
vn -0.2702 -0.0183 -0.9626
vn -0.9012 -0.0196 -0.4329
vn -0.8117 -0.0256 -0.5836
vn -0.9965 -0.0175 -0.0821
vn -0.9640 -0.0159 -0.2653
vn -0.9963 -0.0316 -0.0798
vn -0.9711 -0.0377 -0.2358
vn -0.9971 -0.0290 0.0709
vn -0.9180 -0.0506 -0.3934
vn 0.8674 0.0271 0.4968
vn 0.8770 0.0251 0.4798
vn -0.5709 -0.0364 -0.8202
vn -0.3873 -0.0492 -0.9206
vn 0.3188 0.0511 0.9464
vn 0.4827 0.0295 0.8753
vn 0.4458 0.0339 0.8945
vn -0.7030 -0.0285 -0.7106
vn -0.8232 -0.0379 -0.5665
vn -0.7204 -0.0487 -0.6918
vn -0.6393 -0.0497 -0.7674
vn -0.9970 -0.0502 -0.0582
vn -0.9775 -0.0662 -0.2002
vn -0.8536 -0.0631 -0.5171
vn 0.9276 0.0487 0.3703
vn 0.9312 0.0410 0.3623
vn 0.6625 0.0470 0.7476
vn 0.7052 0.0418 0.7078
vn -0.5128 -0.0630 -0.8562
vn -0.2078 -0.0577 -0.9765
vn -0.0671 -0.0507 -0.9965
vn -0.2395 -0.0368 -0.9702
vn 0.8795 0.0618 0.4718
vn -0.0698 -0.0278 -0.9972
vn -0.9642 -0.2607 0.0475
vn -0.9607 -0.2608 0.0954
vn -0.9642 -0.2606 0.0481
vn -0.9551 -0.2608 0.1408
vn -0.9608 -0.2606 0.0947
vn 0.3159 -0.9488 0.0008
vn 0.3352 -0.9420 -0.0162
vn 0.3154 -0.9488 -0.0153
vn -0.9549 -0.2608 0.1417
vn -0.9469 -0.2606 0.1881
vn -0.9371 -0.2601 0.2326
vn -0.9474 -0.2604 0.1860
vn -0.9367 -0.2605 0.2338
vn 0.3263 -0.9421 -0.0772
vn 0.3065 -0.9488 -0.0763
vn 0.3098 -0.9488 -0.0613
vn 0.3331 -0.9422 -0.0358
vn 0.3123 -0.9488 -0.0467
vn 0.3143 -0.9488 -0.0312
vn -0.9250 -0.2619 0.2752
vn -0.8926 -0.2606 0.3678
vn -0.9096 -0.2616 0.3228
vn -0.8925 -0.2607 0.3682
vn -0.8729 -0.2604 0.4127
vn -0.8512 -0.2603 0.4558
vn -0.8734 -0.2609 0.4113
vn -0.8522 -0.2605 0.4537
vn 0.3023 -0.9489 -0.0906
vn 0.2945 -0.9487 -0.1154
vn 0.2977 -0.9488 -0.1052
vn -0.3000 0.9490 0.0973
vn -0.3078 0.9488 0.0705
vn -0.3063 0.9488 0.0766
vn -0.3100 0.9488 0.0606
vn -0.3123 0.9489 0.0460
vn -0.3336 0.9422 0.0322
vn -0.3143 0.9488 0.0311
vn -0.3307 0.9421 0.0555
vn -0.3156 0.9488 0.0157
vn -0.3025 0.9488 0.0907
vn -0.2978 0.9487 0.1060
vn -0.2920 0.9489 0.1201
vn -0.2920 0.9489 0.1196
vn -0.2856 0.9488 0.1347
vn -0.2848 0.9489 0.1360
vn -0.2790 0.9487 0.1487
vn 0.3182 -0.9421 -0.1053
vn 0.3508 -0.9346 -0.0594
vn 0.3429 -0.9346 -0.0945
vn 0.3308 -0.9419 -0.0574
vn 0.3330 -0.9345 -0.1262
vn -0.3541 0.9344 0.0395
vn -0.2741 0.9488 0.1571
vn -0.2977 0.9421 0.1546
vn 0.2822 -0.9488 -0.1421
vn 0.2917 -0.9488 -0.1210
vn 0.2708 -0.9489 -0.1618
vn 0.2784 -0.9488 -0.1494
vn 0.2685 -0.9488 -0.1664
vn 0.2581 -0.9488 -0.1822
vn -0.2585 0.9490 0.1807
vn -0.2788 0.9419 0.1874
vn 0.2873 -0.9426 -0.1703
vn -0.2414 0.9488 0.2036
vn -0.2599 0.9417 0.2135
vn -0.2246 0.9488 0.2222
vn -0.2413 0.9420 0.2334
vn -0.3088 0.9346 0.1767
vn 0.2632 -0.9488 -0.1747
vn -0.7754 -0.2608 0.5751
vn -0.8025 -0.2605 0.5368
vn -0.8034 -0.2607 0.5354
vn 0.2530 -0.9489 -0.1887
vn -0.7760 -0.2609 0.5743
vn -0.7459 -0.2609 0.6128
vn 0.2436 -0.9491 -0.1999
vn 0.2282 -0.9488 -0.2186
vn 0.2318 -0.9488 -0.2147
vn -0.6532 -0.2648 0.7094
vn -0.6817 -0.2659 0.6816
vn -0.7076 -0.2655 0.6548
vn -0.6482 -0.2603 0.7156
vn -0.6126 -0.2605 0.7462
vn -0.5758 -0.2603 0.7750
vn -0.5746 -0.2606 0.7758
vn -0.5367 -0.2605 0.8025
vn -0.2342 0.9487 0.2123
vn -0.2444 0.9488 0.2004
vn -0.2235 0.9488 0.2233
vn -0.1942 0.9488 0.2493
vn -0.2229 0.9420 0.2508
vn -0.2119 0.9489 0.2340
vn 0.2546 -0.9421 -0.2181
vn 0.2379 -0.9419 -0.2370
vn 0.2067 -0.9489 -0.2385
vn -0.2009 0.9488 0.2439
vn -0.1545 0.9488 0.2755
vn -0.1755 0.9490 0.2620
vn -0.1630 0.9488 0.2706
vn -0.4566 -0.2608 0.8506
vn -0.4538 -0.2598 0.8524
vn -0.4968 -0.2598 0.8280
vn -0.1874 0.9488 0.2542
vn 0.3765 -0.9168 -0.1335
vn 0.3204 -0.9345 -0.1550
vn -0.3462 0.9342 0.0858
vn -0.3334 0.9344 0.1252
vn -0.3443 0.9344 0.0909
vn 0.3546 -0.9347 -0.0238
vn 0.4958 -0.8633 -0.0937
vn 0.3154 -0.9167 -0.2455
vn 0.2516 -0.9368 -0.2430
vn 0.2728 -0.9343 -0.2296
vn -0.3108 0.9359 0.1659
vn -0.3287 0.9346 0.1361
vn 0.2710 -0.9422 -0.1972
vn 0.2182 -0.9420 -0.2551
vn -0.2888 0.9348 0.2069
vn -0.2839 0.9361 0.2078
vn -0.2617 0.9344 0.2417
vn 0.2225 -0.9350 -0.2763
vn 0.1930 -0.9346 -0.2988
vn 0.1879 -0.9422 -0.2775
vn 0.1636 -0.9344 -0.3165
vn 0.1515 -0.9421 -0.2990
vn -0.2360 0.9344 0.2667
vn 0.2379 -0.9342 -0.2660
vn -0.1645 0.9418 0.2932
vn -0.2071 0.9342 0.2904
vn -0.1845 0.9421 0.2802
vn -0.2045 0.9419 0.2665
vn 0.6352 -0.7639 -0.1143
vn 0.6443 -0.7636 -0.0432
vn 0.6142 -0.7636 -0.1995
vn 0.5727 -0.7725 -0.2743
vn 0.5466 -0.8207 -0.1666
vn 0.4280 -0.8753 -0.2251
vn -0.4343 0.8288 0.3528
vn -0.4501 0.7778 0.4386
vn -0.5232 0.7779 0.3481
vn -0.2671 0.9377 0.2224
vn -0.2318 0.9353 0.2672
vn 0.4300 -0.7663 -0.4774
vn 0.3365 -0.8447 -0.4162
vn 0.4538 -0.7659 -0.4555
vn 0.5229 -0.7628 -0.3804
vn 0.3451 -0.8744 -0.3410
vn 0.4273 -0.8396 -0.3353
vn 0.2446 -0.9176 -0.3134
vn 0.2450 -0.7612 -0.6004
vn 0.2852 -0.8073 -0.5167
vn 0.3155 -0.7613 -0.5664
vn 0.1994 -0.8105 -0.5507
vn 0.1102 -0.9097 -0.4004
vn 0.1917 -0.8973 -0.3976
vn 0.0282 -0.7651 -0.6433
vn 0.0786 -0.8633 -0.4985
vn 0.1103 -0.7651 -0.6344
vn 0.1678 -0.7572 -0.6312
vn 0.1284 -0.9342 -0.3328
vn -0.1608 0.9348 0.3166
vn -0.1958 0.9346 0.2968
vn -0.1699 0.9346 0.3125
vn -0.0865 0.9337 0.3475
vn -0.1224 0.9343 0.3348
vn -0.1311 0.9344 0.3313
vn -0.0946 0.9344 0.3434
vn -0.0471 0.9341 0.3539
vn 0.0547 -0.9344 -0.3520
vn 0.0022 -0.9348 -0.3552
vn 0.0175 -0.9421 -0.3349
vn 0.0893 -0.9420 -0.3236
vn -0.0885 0.9421 0.3234
vn -0.0637 0.9343 0.3509
vn -0.0057 0.9346 0.3558
vn -0.0343 0.9419 0.3342
vn 0.2987 -0.9340 -0.1959
vn 0.1821 -0.9490 -0.2575
vn 0.1628 -0.9488 -0.2706
vn 0.1750 -0.9488 -0.2630
vn 0.1572 -0.9487 -0.2742
vn 0.1352 -0.9489 -0.2851
vn 0.1489 -0.9488 -0.2787
vn -0.4129 -0.2607 0.8726
vn -0.3696 -0.2612 0.8917
vn -0.4103 -0.2597 0.8742
vn 0.1061 -0.9487 -0.2978
vn 0.1215 -0.9488 -0.2916
vn 0.1147 -0.9489 -0.2941
vn 0.0931 -0.9488 -0.3018
vn -0.2795 -0.2606 0.9241
vn -0.3228 -0.2602 0.9100
vn -0.3248 -0.2611 0.9090
vn -0.2326 -0.2605 0.9370
vn -0.2346 -0.2604 0.9366
vn -0.3675 -0.2605 0.8928
vn 0.1203 -0.9421 -0.3129
vn -0.1295 0.9488 0.2880
vn -0.1383 0.9420 0.3058
vn -0.1480 0.9488 0.2790
vn -0.1348 0.9488 0.2856
vn -0.1196 0.9488 0.2923
vn -0.1054 0.9489 0.2975
vn -0.1860 -0.2603 0.9474
vn -0.1880 -0.2603 0.9470
vn 0.0620 -0.9487 -0.3100
vn 0.0765 -0.9488 -0.3065
vn 0.0755 -0.9488 -0.3067
vn -0.1422 -0.2604 0.9550
vn -0.1408 -0.2607 0.9551
vn 0.0309 -0.9489 -0.3141
vn 0.0460 -0.9488 -0.3124
vn 0.0534 -0.9488 -0.3112
vn -0.0943 -0.2608 0.9608
vn 0.0561 -0.9422 -0.3304
vn -0.0691 0.9487 0.3085
vn -0.0582 0.9421 0.3302
vn -0.1139 0.9418 0.3164
vn -0.0312 0.9488 0.3143
vn -0.0463 0.9489 0.3122
vn -0.0163 0.9488 0.3155
vn -0.0007 0.9488 0.3159
vn -0.0106 0.9421 0.3352
vn 0.0916 -0.9488 -0.3023
vn -0.0908 0.9488 0.3024
vn -0.6043 0.7643 0.2249
vn -0.5704 0.7687 0.2895
vn -0.6062 0.7650 0.2173
vn -0.9205 0.3565 0.1596
vn -0.8623 0.3542 0.3618
vn -0.9005 0.3564 0.2492
vn -0.6351 0.7647 0.1086
vn -0.6366 0.7618 0.1199
vn -0.5629 0.7655 0.3118
vn -0.8810 0.3593 0.3079
vn -0.8188 0.3496 0.4553
vn -0.4769 0.7637 0.4351
vn -0.5228 0.7636 0.3790
vn -0.4155 0.7640 0.4936
vn -0.3931 0.7658 0.5090
vn -0.9287 0.3575 0.0985
vn -0.8027 0.3596 0.4758
vn -0.8582 0.3577 0.3683
vn 0.8405 -0.3511 -0.4127
vn 0.8922 -0.3514 -0.2838
vn 0.8858 -0.3523 -0.3021
vn 0.4706 -0.7640 -0.4414
vn 0.5328 -0.7614 -0.3692
vn 0.3953 -0.7595 -0.5166
vn 0.9111 -0.3568 -0.2064
vn 0.9330 -0.3552 -0.0588
vn 0.9295 -0.3570 -0.0922
vn 0.7741 -0.3411 -0.5333
vn 0.6894 -0.3449 -0.6370
vn 0.8414 -0.3387 -0.4212
vn 0.5978 -0.3565 -0.7180
vn 0.7638 -0.3578 -0.5372
vn 0.3031 -0.3550 -0.8844
vn 0.4388 -0.3588 -0.8238
vn 0.4764 -0.3542 -0.8047
vn 0.1981 -0.3519 -0.9148
vn 0.0445 -0.3565 -0.9332
vn 0.1613 -0.3537 -0.9213
vn 0.0864 -0.3569 -0.9302
vn 0.2797 -0.3570 -0.8912
vn 0.9198 -0.3556 -0.1659
vn 0.6865 -0.3577 -0.6331
vn 0.5771 -0.3505 -0.7377
vn -0.4146 0.3511 0.8395
vn -0.5121 0.3528 0.7831
vn -0.5731 0.3471 0.7423
vn -0.6243 0.2451 0.7418
vn -0.0878 0.7632 0.6402
vn -0.1022 0.7640 0.6371
vn -0.1556 0.7621 0.6285
vn -0.1884 0.7643 0.6167
vn -0.0129 0.7641 0.6450
vn -0.0996 0.3597 0.9277
vn -0.2752 0.3588 0.8919
vn -0.1509 0.3548 0.9227
vn -0.2854 0.7654 0.5769
vn -0.2195 0.7619 0.6093
vn -0.4419 0.3584 0.8223
vn -0.5090 0.2292 0.8297
vn -0.6531 0.0996 0.7507
vn -0.6814 0.3558 0.6396
vn -0.7148 0.3696 0.5936
vn -0.7713 0.3531 0.5295
vn 0.8387 -0.0970 -0.5359
vn 0.9074 -0.1040 -0.4073
vn 0.8777 -0.0898 -0.4706
vn -0.8554 0.1035 0.5075
vn -0.7197 0.0879 0.6887
vn -0.8178 0.0783 0.5701
vn 0.6451 -0.3697 -0.6687
vn 0.4682 -0.3615 -0.8063
vn 0.7177 -0.0908 -0.6904
vn 0.5947 -0.1072 -0.7968
vn 0.5863 -0.1094 -0.8026
vn -0.3405 0.0792 0.9369
vn -0.4715 0.0934 0.8769
vn -0.3343 0.0958 0.9376
vn -0.1973 0.0969 0.9756
vn -0.5672 0.0983 0.8177
vn 0.3641 -0.0958 -0.9264
vn 0.2907 -0.1026 -0.9513
vn 0.3924 -0.0979 -0.9146
vn -0.9134 0.1024 0.3940
vn -0.8891 0.0862 0.4495
vn 0.6103 -0.0812 -0.7880
vn -0.3088 0.3640 0.8787
vn -0.0610 0.0816 0.9948
vn -0.1072 0.0980 0.9894
vn -0.7594 0.3532 0.5464
vn -0.2911 0.7628 0.5774
vn -0.3561 0.7628 0.5397
vn -0.9472 0.0995 0.3048
vn -0.9581 0.1019 0.2676
vn 0.9002 -0.3494 -0.2597
vn -0.6878 0.3534 0.6340
vn 0.9641 -0.0897 -0.2500
vn 0.9901 -0.0976 -0.1010
vn 0.9887 -0.0809 -0.1262
vn -0.9758 0.0713 0.2069
vn -0.9754 0.0968 0.1982
vn -0.5940 0.0794 0.8005
vn -0.6417 0.0726 0.7635
vn -0.7641 0.0691 0.6414
vn 0.8217 -0.0673 -0.5659
vn 0.7979 -0.0755 -0.5980
vn 0.5544 -0.0655 -0.8296
vn -0.5120 0.0620 0.8567
vn -0.2083 0.0683 0.9757
vn 0.7053 -0.0806 -0.7043
vn -0.8547 0.0655 0.5150
vn -0.9950 0.0839 0.0549
vn -0.9953 0.0638 0.0729
vn -0.9359 0.0813 0.3429
vn -0.9281 0.0554 0.3683
vn -0.9719 0.0548 0.2287
vn -0.9956 0.0467 0.0808
vn 0.9404 -0.0636 -0.3342
vn 0.9485 -0.0555 -0.3120
vn 0.6577 -0.0454 -0.7519
vn -0.6463 0.7599 0.0696
vn -0.6433 0.7655 -0.0150
vn -0.6461 0.7632 -0.0069
vn -0.3101 0.9419 0.1291
vn -0.8281 -0.2605 0.4964
vn -0.8281 -0.2600 0.4967
vn -0.0496 -0.2601 0.9643
vn -0.0480 -0.2603 0.9643
vn -0.0024 -0.2599 0.9656
vn -0.0951 -0.2604 0.9608
vn -0.8239 0.0351 0.5656
vn -0.9133 0.0407 0.4053
vn -0.5541 0.0471 0.8311
vn -0.7123 0.0407 0.7007
vn -0.7233 0.0542 0.6884
vn 0.9351 -0.0426 -0.3517
vn 0.9399 -0.0438 -0.3386
vn 0.3403 -0.0458 -0.9392
vn 0.3425 -0.0422 -0.9386
vn 0.3151 -0.0572 -0.9473
vn -0.2440 0.0393 0.9690
vn -0.3985 0.0453 0.9160
vn -0.3882 0.0552 0.9199
vn -0.9685 0.0416 0.2457
vn -0.0804 0.0467 0.9957
vn -0.0666 0.0593 0.9960
vn -0.9956 0.0327 0.0878
vn 0.8582 -0.0336 -0.5122
vn 0.8232 -0.0375 -0.5665
vn 0.7520 -0.0434 -0.6577
vn 0.5607 -0.0372 -0.8272
vn 0.4733 -0.0245 -0.8806
vn 0.8880 -0.0173 -0.4595
vn -0.5795 0.0314 0.8143
vn -0.7046 0.0233 0.7092
vn -0.9702 0.0277 0.2409
vn -0.0913 0.0301 0.9954
vn -0.9973 0.0146 0.0721
vn -0.8977 0.0211 0.4400
vn -0.9636 0.0065 0.2674
vn 0.8988 -0.0141 -0.4382
vn 0.9008 -0.0090 -0.4342
vn 0.4388 -0.0164 -0.8984
vn 0.4276 -0.0076 -0.9039
vn -0.0655 0.0063 0.9978
vn -0.2466 0.0275 0.9687
vn -0.2708 0.0145 0.9625
vn -0.4404 0.0217 0.8976
vn -0.6023 0.0160 0.7981
vn -0.7136 0.0056 0.7006
vn -0.9002 -0.0002 0.4355
vn -0.8020 0.0154 0.5971
vn -0.9970 -0.0062 0.0767
vn -0.4462 0.0034 0.8949
vn -0.6264 -0.0045 0.7795
vn -0.7844 -0.0069 0.6202
vn 0.4277 0.0017 -0.9039
vn 0.4274 0.0063 -0.9041
vn -0.6289 -0.0129 0.7774
vn 0.4612 0.0188 -0.8871
vn 0.4537 0.0259 -0.8908
vn 0.8706 0.0272 -0.4913
vn 0.8844 0.0171 -0.4665
vn 0.9063 0.0311 -0.4215
vn -0.4473 -0.0189 0.8942
vn -0.5774 -0.0275 0.8160
vn -0.0710 -0.0164 0.9973
vn -0.2469 -0.0299 0.9686
vn -0.2751 -0.0089 0.9614
vn -0.9651 -0.0161 0.2614
vn -0.9961 -0.0232 0.0853
vn -0.8002 -0.0211 0.5993
vn -0.9009 -0.0196 0.4336
vn -0.9710 -0.0373 0.2360
vn -0.8159 -0.0289 0.5775
vn -0.9156 -0.0464 0.3994
vn 0.5227 0.0313 -0.8519
vn 0.5876 0.0357 -0.8083
vn -0.0814 -0.0337 0.9961
vn 0.3368 0.0487 -0.9403
vn -0.2455 -0.0403 0.9686
vn -0.3941 -0.0503 0.9177
vn -0.5607 -0.0404 0.8270
vn -0.7104 -0.0356 0.7029
vn -0.9968 -0.0500 0.0617
vn -0.8309 -0.0466 0.5545
vn -0.9186 -0.0534 0.3916
vn -0.9781 -0.0675 0.1971
vn -0.6723 -0.0558 0.7382
vn 0.9453 0.0554 -0.3213
vn 0.7181 0.0448 -0.6945
vn 0.8047 0.0283 -0.5930
vn 0.5906 0.0480 -0.8055
vn 0.7176 0.0431 -0.6951
vn 0.3306 0.0491 -0.9425
vn -0.5231 -0.0611 0.8501
vn -0.0683 -0.0614 0.9958
vn -0.1980 -0.0667 0.9779
vn 0.9014 0.0010 -0.4330
vn 0.9024 0.0070 -0.4308
vn 0.3352 -0.0651 -0.9399
vn 0.7345 -0.0455 -0.6771
vn -0.7305 -0.6456 -0.2226
vn -0.7408 -0.6458 -0.1850
vn -0.7372 -0.6498 -0.1851
vn -0.7274 -0.6497 -0.2210
vn -0.7155 -0.6498 -0.2564
vn -0.7159 -0.6498 -0.2555
vn -0.7450 -0.6499 -0.1503
vn -0.7566 -0.6496 -0.0745
vn -0.7602 -0.6453 -0.0747
vn -0.7627 -0.6455 -0.0395
vn -0.7563 -0.6445 -0.1120
vn -0.6322 -0.6498 -0.4221
vn -0.6108 -0.6498 -0.4525
vn -0.6105 -0.6498 -0.4529
vn -0.5877 -0.6498 -0.4820
vn -0.5875 -0.6498 -0.4823
vn -0.6521 -0.6498 -0.3906
vn -0.6516 -0.6499 -0.3911
vn -0.6322 -0.6498 -0.4220
vn -0.6704 -0.6498 -0.3583
vn -0.6872 -0.6498 -0.3248
vn -0.6872 -0.6498 -0.3250
vn -0.7022 -0.6498 -0.2909
vn -0.7025 -0.6498 -0.2903
vn -0.6872 -0.6499 -0.3248
vn -0.6523 -0.6498 -0.3901
vn 0.6704 0.6498 0.3582
vn 0.6521 0.6498 0.3906
vn 0.6869 0.6499 0.3253
vn 0.6105 0.6498 0.4529
vn 0.6319 0.6498 0.4225
vn 0.6105 0.6498 0.4528
vn 0.6517 0.6499 0.3909
vn 0.6320 0.6498 0.4222
vn 0.6871 0.6498 0.3251
vn -0.6040 0.6877 -0.4029
vn -0.6035 0.6878 -0.4035
vn -0.5833 0.6876 -0.4324
vn -0.5611 0.6877 -0.4606
vn -0.5616 0.6876 -0.4603
vn -0.5831 0.6877 -0.4325
vn -0.6226 0.6878 -0.3733
vn -0.6224 0.6879 -0.3735
vn -0.6403 0.6874 -0.3428
vn 0.6699 0.6499 0.3589
vn 0.6319 0.6499 0.4222
vn -0.6565 0.6875 -0.3104
vn -0.6401 0.6873 -0.3433
vn -0.7155 -0.6499 -0.2563
vn -0.7274 -0.6498 -0.2205
vn -0.7161 -0.6496 -0.2554
vn 0.7457 0.6497 0.1476
vn 0.7456 0.6497 0.1483
vn 0.7373 0.6497 0.1851
vn -0.7592 -0.6498 -0.0377
vn -0.7603 -0.6496 -0.0010
vn -0.7592 -0.6497 -0.0386
vn -0.6841 0.6874 -0.2440
vn -0.6711 0.6876 -0.2772
vn -0.6842 0.6872 -0.2442
vn -0.6954 0.6872 -0.2103
vn -0.6952 0.6874 -0.2101
vn 0.7275 0.6498 0.2203
vn 0.7375 0.6497 0.1846
vn -0.7043 0.6875 -0.1767
vn -0.7221 0.6881 -0.0712
vn -0.7180 0.6880 -0.1056
vn -0.7222 0.6880 -0.0705
vn 0.7520 0.6498 0.1112
vn -0.7251 0.6877 -0.0355
vn -0.7248 0.6880 -0.0370
vn -0.7259 0.6878 -0.0013
vn 0.7592 0.6498 0.0374
vn 0.7565 0.6498 0.0738
vn 0.7565 0.6497 0.0747
vn -0.7455 -0.6499 -0.1481
vn -0.7375 -0.6498 -0.1842
vn 0.7373 0.6498 0.1848
vn 0.7023 0.6498 0.2909
vn 0.7160 0.6499 0.2549
vn 0.7156 0.6497 0.2565
vn -0.7376 -0.6497 -0.1839
vn 0.7272 0.6497 0.2214
vn 0.7273 0.6498 0.2211
vn 0.7155 0.6499 0.2562
vn 0.7156 0.6498 0.2562
vn -0.7639 -0.6453 -0.0032
vn 0.7638 0.6454 0.0029
vn 0.7628 0.6454 0.0398
vn 0.7601 0.6498 0.0010
vn -0.7564 -0.6498 -0.0745
vn 0.7519 0.6497 0.1117
vn 0.7454 0.6498 0.1487
vn -0.7520 -0.6497 -0.1114
vn -0.7518 -0.6498 -0.1123
vn 0.7604 0.6451 0.0753
vn -0.6598 -0.6409 -0.3923
vn -0.6772 -0.6405 -0.3623
vn -0.6585 -0.6406 -0.3950
vn -0.7642 -0.6404 -0.0763
vn -0.7668 -0.6405 -0.0416
vn -0.7642 -0.6406 -0.0751
vn -0.7154 -0.6407 -0.2787
vn -0.7296 -0.6402 -0.2405
vn -0.7100 -0.6410 -0.2915
vn -0.7445 -0.6410 -0.1866
vn -0.7350 -0.6406 -0.2222
vn 0.7397 0.6411 0.2045
vn 0.7166 0.6407 0.2756
vn 0.7231 0.6408 0.2577
vn 0.7447 0.6408 0.1867
vn 0.7344 0.6406 0.2242
vn -0.7231 -0.6402 -0.2592
vn -0.7658 -0.6406 -0.0559
vn -0.7674 -0.6412 -0.0070
vn -0.7526 -0.6412 -0.1497
vn -0.7595 -0.6403 -0.1146
vn -0.7531 -0.6406 -0.1496
vn -0.6875 -0.6406 -0.3420
vn -0.6947 -0.6404 -0.3275
vn -0.7610 -0.6408 -0.1012
vn -0.7391 -0.6412 -0.2064
vn -0.7445 -0.6405 -0.1883
vn 0.7556 0.6411 0.1340
vn -0.6945 -0.6407 -0.3274
vn -0.9393 -0.0763 -0.3345
vn -0.3344 -0.0781 -0.9392
vn 0.6102 0.0667 0.7895
vn 0.7221 0.0520 0.6898
vn -0.7655 -0.0652 -0.6402
vn -0.6965 -0.0725 -0.7138
vn -0.5982 -0.0781 -0.7976
vn -0.7983 -0.0781 -0.5971
vn -0.8894 -0.0885 -0.4484
vn -0.9953 -0.0644 -0.0728
vn -0.9784 -0.0875 -0.1871
vn -0.8058 -0.0955 -0.5844
vn -0.6838 -0.0961 -0.7233
vn -0.9467 -0.0978 -0.3069
vn -0.2040 -0.0714 -0.9764
vn -0.0496 -0.0872 -0.9950
vn -0.0034 -0.0644 -0.9979
vn -0.4519 -0.0858 -0.8879
vn 0.2443 0.0771 0.9666
vn 0.2644 0.0882 0.9604
vn 0.3741 0.0558 0.9257
vn 0.4339 0.0837 0.8971
vn 0.5179 0.0693 0.8526
vn 0.6762 0.0878 0.7315
vn 0.6469 0.0794 0.7584
vn 0.8654 0.0992 0.4911
vn 0.8698 0.0928 0.4847
vn 0.8365 0.0702 0.5435
vn 0.4430 0.0913 0.8919
vn 0.9614 0.0909 0.2596
vn 0.9713 0.0776 0.2248
vn 0.9188 0.0581 0.3904
vn -0.9940 -0.0887 -0.0634
vn -0.9800 -0.0988 -0.1725
vn -0.9392 -0.0973 -0.3292
vn -0.5452 -0.4575 -0.7025
vn -0.5718 -0.5835 -0.5766
vn -0.5195 -0.5779 -0.6293
vn -0.8840 -0.4674 -0.0092
vn -0.8720 -0.4586 -0.1714
vn -0.9023 -0.4026 -0.1542
vn -0.7975 -0.4654 -0.3839
vn -0.7741 -0.5834 -0.2460
vn -0.7315 -0.5805 -0.3578
vn -0.6767 -0.5834 -0.4490
vn -0.7385 -0.4617 -0.4914
vn -0.6237 -0.5746 -0.5299
vn -0.6689 -0.5201 -0.5311
vn -0.8027 -0.5840 -0.1207
vn 0.8859 0.4597 0.0623
vn 0.8611 0.4597 0.2170
vn 0.8475 0.5057 0.1612
vn -0.8349 -0.4632 -0.2971
vn -0.7945 -0.4028 -0.4545
vn -0.0978 -0.1014 -0.9900
vn -0.1954 -0.0932 -0.9763
vn -0.2964 -0.0931 -0.9505
vn -0.7514 -0.0985 -0.6524
vn -0.8575 -0.1025 -0.5041
vn -0.7757 -0.1081 -0.6218
vn -0.6571 -0.1001 -0.7471
vn 0.9755 0.1026 0.1947
vn 0.9744 0.1017 0.2005
vn 0.9219 0.1130 0.3707
vn 0.8816 0.1030 0.4606
vn 0.8751 0.1074 0.4719
vn -0.4109 -0.1015 -0.9060
vn 0.1825 0.1014 0.9780
vn 0.1755 0.1023 0.9791
vn 0.4196 0.0983 0.9024
vn 0.8032 0.0960 0.5879
vn -0.5552 -0.0961 -0.8262
vn -0.5269 -0.1027 -0.8437
vn 0.6271 0.1048 0.7719
vn 0.6779 0.0821 0.7306
vn -0.4215 -0.5139 -0.7471
vn -0.4262 -0.4582 -0.7800
vn -0.3017 -0.4590 -0.8356
vn -0.1690 -0.4556 -0.8740
vn -0.2543 -0.4028 -0.8793
vn -0.2246 -0.5813 -0.7821
vn -0.1131 -0.5843 -0.8036
vn 0.7519 0.3735 0.5432
vn 0.8069 0.4004 0.4344
vn 0.6667 0.4034 0.6267
vn 0.9127 0.3988 0.0892
vn 0.8757 0.3941 0.2790
vn 0.4878 0.3993 0.7763
vn 0.2804 0.3954 0.8747
vn 0.3328 0.4353 0.8365
vn 0.2109 0.5191 0.8283
vn 0.4521 0.4540 0.7678
vn 0.1076 0.4623 0.8801
vn 0.5126 0.5209 0.6826
vn 0.6175 0.4624 0.6363
vn 0.3962 0.5148 0.7603
vn 0.7978 0.4639 0.3851
vn -0.6460 -0.4624 -0.6073
vn 0.2654 0.4990 0.8250
vn -0.4303 -0.6409 -0.6356
vn -0.4574 -0.6404 -0.6170
vn -0.4273 -0.6407 -0.6379
vn -0.3626 -0.6406 -0.6769
vn -0.3967 -0.6410 -0.6571
vn -0.3960 -0.6405 -0.6580
vn -0.3546 -0.6420 -0.6798
vn -0.3283 -0.6407 -0.6941
vn -0.3277 -0.6423 -0.6929
vn -0.2941 -0.6407 -0.7093
vn -0.2962 -0.6402 -0.7088
vn -0.2583 -0.6406 -0.7231
vn -0.2857 -0.6408 -0.7126
vn 0.2257 0.6413 0.7333
vn 0.1881 0.6407 0.7444
vn 0.2234 0.6406 0.7347
vn -0.0237 -0.6411 -0.7671
vn -0.0771 -0.6409 -0.7637
vn -0.0754 -0.6408 -0.7640
vn -0.1130 -0.6407 -0.7594
vn 0.1882 0.6403 0.7448
vn 0.1520 0.6406 0.7527
vn -0.0421 -0.6406 -0.7668
vn 0.0222 0.6409 0.7673
vn 0.0742 0.6405 0.7643
vn 0.0668 0.6409 0.7647
vn -0.1513 -0.6405 -0.7529
vn -0.1880 -0.6410 -0.7441
vn -0.1866 -0.6408 -0.7447
vn -0.1490 -0.6407 -0.7532
vn -0.1120 -0.6406 -0.7596
vn -0.5561 -0.6401 -0.5302
vn -0.5010 -0.6410 -0.5815
vn -0.5128 -0.6404 -0.5718
vn -0.5550 -0.6416 -0.5296
vn -0.6044 -0.6420 -0.4717
vn -0.7323 -0.6415 -0.2285
vn -0.7510 -0.6413 -0.1574
vn -0.6327 -0.6404 -0.4355
vn -0.6594 -0.6418 -0.3915
vn -0.6690 -0.6401 -0.3777
vn -0.6974 -0.6404 -0.3216
vn -0.7046 -0.6423 -0.3017
vn -0.7442 -0.6403 -0.1904
vn -0.7603 -0.6412 -0.1041
vn -0.8148 -0.5793 -0.0217
vn -0.6377 -0.6410 -0.4271
vn -0.6647 -0.6411 -0.3836
vn -0.5676 -0.6406 -0.5172
vn -0.6007 -0.6397 -0.4796
vn -0.6894 -0.6401 -0.3391
vn -0.7268 -0.6409 -0.2470
vn 0.7422 0.6398 0.1994
vn 0.7174 0.6408 0.2734
vn 0.7381 0.6408 0.2109
vn 0.7273 0.6409 0.2455
vn 0.6906 0.6415 0.3341
vn 0.7661 0.6421 0.0277
vn 0.7623 0.6412 0.0880
vn -0.6081 -0.6409 -0.4685
vn -0.6171 -0.6406 -0.4570
vn -0.5937 -0.6402 -0.4874
vn 0.6270 0.6411 0.4426
vn 0.6226 0.6416 0.4480
vn 0.6577 0.6405 0.3966
vn -0.6383 -0.6409 -0.4264
vn -0.5428 -0.6407 -0.5431
vn -0.5149 -0.6409 -0.5693
vn -0.5438 -0.6409 -0.5418
vn -0.4754 -0.6405 -0.6031
vn -0.4873 -0.6406 -0.5934
vn 0.5433 0.6407 0.5425
vn 0.5143 0.6407 0.5701
vn 0.5164 0.6407 0.5682
vn 0.6177 0.6405 0.4563
vn 0.6388 0.6405 0.4262
vn 0.5970 0.6412 0.4821
vn 0.5734 0.6403 0.5112
vn 0.5691 0.6407 0.5153
vn -0.4465 -0.6402 -0.6251
vn 0.5135 0.6414 0.5699
vn 0.5560 0.6406 0.5297
vn 0.4578 0.6406 0.6165
vn 0.4334 0.6416 0.6329
vn 0.4277 0.6405 0.6378
vn 0.4806 0.6406 0.5989
vn 0.4364 0.6409 0.6315
vn 0.3891 0.6414 0.6612
vn 0.3958 0.6408 0.6578
vn 0.6905 0.6401 0.3368
vn 0.7551 0.6403 0.1409
vn 0.7635 0.6409 0.0799
vn -0.4733 -0.6418 -0.6034
vn -0.4312 -0.6422 -0.6337
vn -0.3646 -0.6414 -0.6751
vn -0.3674 -0.6391 -0.6756
vn -0.3207 -0.6405 -0.6978
vn 0.3772 0.6410 0.6684
vn 0.4557 0.6411 0.6175
vn 0.3027 0.6411 0.7052
vn 0.3406 0.6399 0.6888
vn -0.3165 -0.6406 -0.6997
vn -0.2480 -0.6410 -0.7263
vn -0.2926 -0.6405 -0.7100
vn -0.1971 -0.6415 -0.7414
vn -0.1315 -0.6403 -0.7568
vn 0.0176 0.6411 0.7672
vn 0.1290 0.6419 0.7559
vn -0.1815 -0.6408 -0.7460
vn -0.4642 -0.6411 -0.6111
vn -0.2279 -0.6408 -0.7331
vn -0.4091 -0.6406 -0.6498
vn -0.3895 -0.6419 -0.6605
vn 0.7620 0.5427 0.3534
vn 0.7260 0.5132 0.4577
vn 0.7624 0.4987 0.4123
vn 0.8112 0.5100 0.2862
vn 0.8180 0.5002 0.2841
vn 0.8414 0.4946 0.2176
vn 0.8552 0.5024 0.1273
vn 0.8459 0.4919 0.2059
vn 0.7772 0.5227 0.3505
vn 0.6426 0.6412 0.4194
vn -0.3326 -0.5797 -0.7439
vn -0.4568 -0.5758 -0.6781
vn 0.4649 0.5099 0.7238
vn 0.4166 0.4975 0.7609
vn 0.3412 0.5134 0.7874
vn 0.2969 0.4885 0.8205
vn 0.6629 0.5094 0.5488
vn 0.6218 0.5128 0.5919
vn 0.6442 0.4948 0.5832
vn 0.5741 0.5112 0.6396
vn 0.5133 0.5135 0.6876
vn 0.5609 0.5099 0.6522
vn 0.3557 0.6416 0.6796
vn -0.2736 -0.6403 -0.7178
vn -0.2265 -0.6411 -0.7333
vn 0.2227 0.6415 0.7341
vn 0.2873 0.6402 0.7124
vn 0.2578 0.6409 0.7230
vn 0.3281 0.6409 0.6939
vn 0.1641 0.6405 0.7502
vn 0.1136 0.6408 0.7593
vn 0.5540 0.6420 0.5300
vn 0.2841 0.6412 0.7128
vn 0.6947 0.6407 0.3271
vn 0.7088 0.6407 0.2951
vn 0.6872 0.6411 0.3418
vn -0.4880 0.6876 -0.5377
vn -0.4599 0.6880 -0.5614
vn -0.4870 0.6878 -0.5382
vn -0.4326 0.6876 -0.5832
vn -0.4320 0.6879 -0.5832
vn -0.4611 0.6876 -0.5608
vn 0.4821 0.6497 0.5877
vn 0.4530 0.6498 0.6104
vn 0.4825 0.6498 0.5873
vn -0.3910 -0.6496 -0.6520
vn -0.3906 -0.6497 -0.6521
vn -0.4223 -0.6498 -0.6321
vn -0.3587 -0.6497 -0.6703
vn -0.3583 -0.6498 -0.6704
vn -0.3249 -0.6498 -0.6872
vn -0.3247 -0.6497 -0.6874
vn 0.3251 0.6498 0.6871
vn 0.3252 0.6498 0.6870
vn 0.3583 0.6497 0.6704
vn -0.2908 -0.6498 -0.7023
vn -0.2907 -0.6498 -0.7023
vn -0.4041 0.6874 -0.6035
vn -0.3734 0.6877 -0.6226
vn -0.4027 0.6877 -0.6041
vn 0.3909 0.6498 0.6519
vn 0.3587 0.6497 0.6702
vn 0.3907 0.6497 0.6521
vn -0.3105 0.6873 -0.6566
vn -0.3105 0.6870 -0.6570
vn -0.3426 0.6876 -0.6402
vn -0.3429 0.6877 -0.6399
vn -0.2765 0.6880 -0.6710
vn -0.2898 -0.6498 -0.7027
vn -0.4216 -0.6498 -0.6324
vn -0.2209 -0.6497 -0.7273
vn -0.2208 -0.6496 -0.7275
vn -0.2559 -0.6498 -0.7158
vn -0.1848 -0.6498 -0.7373
vn -0.1846 -0.6497 -0.7374
vn -0.1486 -0.6498 -0.7454
vn -0.1488 -0.6459 -0.7488
vn -0.1118 -0.6498 -0.7519
vn -0.1121 -0.6448 -0.7561
vn -0.0744 -0.6498 -0.7565
vn -0.0368 -0.6499 -0.7591
vn -0.0399 -0.6456 -0.7626
vn -0.0756 -0.6452 -0.7603
vn 0.1123 0.6451 0.7558
vn 0.0758 0.6455 0.7600
vn 0.1120 0.6498 0.7518
vn -0.2561 -0.6499 -0.7156
vn -0.2208 -0.6498 -0.7274
vn -0.2561 -0.6498 -0.7157
vn -0.1843 -0.6499 -0.7374
vn -0.3252 -0.6498 -0.6870
vn 0.2913 0.6499 0.7020
vn 0.2909 0.6498 0.7022
vn 0.2911 0.6498 0.7021
vn 0.2565 0.6497 0.7156
vn 0.2209 0.6498 0.7273
vn 0.2559 0.6498 0.7158
vn 0.2206 0.6497 0.7275
vn 0.1854 0.6498 0.7372
vn 0.1851 0.6497 0.7373
vn 0.1843 0.6498 0.7374
vn 0.2200 0.6499 0.7275
vn -0.2774 0.6880 -0.6706
vn -0.2443 0.6876 -0.6838
vn -0.2447 0.6877 -0.6835
vn -0.1760 0.6879 -0.7042
vn -0.2109 0.6873 -0.6951
vn -0.1762 0.6877 -0.7042
vn -0.1416 0.6879 -0.7118
vn -0.1406 0.6880 -0.7120
vn -0.2099 0.6871 -0.6956
vn 0.2554 0.6500 0.7158
vn 0.2903 0.6503 0.7020
vn -0.1108 -0.6498 -0.7520
vn -0.0740 -0.6498 -0.7565
vn -0.0741 -0.6498 -0.7565
vn -0.0386 -0.6497 -0.7592
vn 0.1497 0.6496 0.7454
vn 0.1487 0.6498 0.7454
vn 0.0747 0.6498 0.7564
vn 0.0751 0.6497 0.7565
vn 0.1113 0.6498 0.7519
vn -0.0009 -0.6495 -0.7603
vn 0.0396 0.6454 0.7628
vn 0.0015 0.6498 0.7601
vn 0.0383 0.6498 0.7592
vn 0.0020 0.6498 0.7601
vn -0.1068 0.6880 -0.7178
vn -0.1055 0.6878 -0.7182
vn -0.0716 0.6882 -0.7220
vn -0.0014 0.6874 -0.7263
vn -0.0369 0.6878 -0.7250
vn -0.0364 0.6879 -0.7249
vn -0.0704 0.6879 -0.7224
vn -0.1486 -0.6498 -0.7455
vn 0.1477 0.6499 0.7456
vn -0.6705 -0.6498 -0.3580
vn -0.6732 -0.6460 -0.3600
vn -0.6357 -0.6445 -0.4249
vn -0.6139 -0.6459 -0.4539
vn -0.6170 -0.6407 -0.4570
vn -0.5880 -0.6496 -0.4820
vn -0.5920 -0.6435 -0.4853
vn -0.5874 -0.6498 -0.4824
vn -0.5633 -0.6497 -0.5104
vn -0.6104 -0.6498 -0.4529
vn -0.6551 -0.6455 -0.3926
vn -0.5937 -0.6407 -0.4869
vn -0.5686 -0.6406 -0.5160
vn -0.4876 -0.6406 -0.5931
vn -0.4579 -0.6407 -0.6163
vn -0.4575 -0.6407 -0.6166
vn 0.5937 0.6406 0.4871
vn 0.5693 0.6407 0.5152
vn 0.5668 0.6447 0.5129
vn -0.5162 -0.6406 -0.5684
vn 0.5162 0.6407 0.5684
vn 0.5441 0.6407 0.5418
vn -0.4246 -0.6455 -0.6348
vn -0.4531 -0.6498 -0.6102
vn -0.4223 -0.6498 -0.6320
vn -0.5108 -0.6496 -0.5630
vn -0.4824 -0.6498 -0.5873
vn -0.4851 -0.6448 -0.5906
vn -0.4551 -0.6460 -0.6129
vn -0.3944 -0.6407 -0.6588
vn -0.3945 -0.6447 -0.6548
vn -0.3912 -0.6498 -0.6517
vn -0.3906 -0.6498 -0.6520
vn -0.3583 -0.6498 -0.6703
vn -0.3605 -0.6472 -0.6717
vn 0.4228 0.6499 0.6316
vn 0.4546 0.6464 0.6128
vn 0.4239 0.6450 0.6358
vn 0.4830 0.6497 0.5871
vn -0.5120 -0.6460 -0.5662
vn 0.5908 0.6451 0.4845
vn 0.6166 0.6406 0.4576
vn 0.4850 0.6438 0.5918
vn 0.4577 0.6406 0.6165
vn 0.5128 0.6468 0.5645
vn -0.7093 -0.6406 -0.2940
vn -0.7233 -0.6406 -0.2577
vn -0.7091 -0.6408 -0.2941
vn -0.6774 -0.6407 -0.3615
vn -0.6939 -0.6407 -0.3285
vn -0.6768 -0.6409 -0.3623
vn -0.7595 -0.6406 -0.1127
vn -0.7351 -0.6407 -0.2217
vn -0.7450 -0.6406 -0.1857
vn 0.7531 0.6407 0.1496
vn 0.7531 0.6406 0.1503
vn 0.7447 0.6407 0.1872
vn 0.7447 0.6407 0.1868
vn 0.7643 0.6406 0.0739
vn 0.7599 0.6405 0.1112
vn 0.7561 0.6448 0.1123
vn -0.7531 -0.6406 -0.1500
vn -0.7195 -0.6449 -0.2579
vn -0.7050 -0.6464 -0.2916
vn 0.7046 0.6465 0.2925
vn 0.6904 0.6453 0.3271
vn 0.6731 0.6459 0.3601
vn 0.7318 0.6442 0.2224
vn 0.7190 0.6455 0.2575
vn -0.6912 -0.6444 -0.3271
vn 0.6943 0.6407 0.3278
vn 0.6769 0.6408 0.3623
vn -0.6586 -0.6406 -0.3947
vn 0.7095 0.6410 0.2927
vn 0.7232 0.6408 0.2574
vn -0.7490 -0.6456 -0.1488
vn 0.7402 0.6464 0.1850
vn 0.7667 0.6407 0.0419
vn -0.7097 -0.6408 -0.2926
vn -0.7228 -0.6407 -0.2591
vn -0.6590 -0.6406 -0.3941
vn 0.6776 0.6407 0.3610
vn 0.6586 0.6408 0.3946
vn -0.6177 -0.6406 -0.4562
vn 0.7234 0.6406 0.2577
vn 0.7095 0.6406 0.2938
vn 0.7095 0.6407 0.2933
vn -0.6386 -0.6406 -0.4263
vn 0.6164 0.6407 0.4578
vn 0.6385 0.6406 0.4265
vn -0.6391 -0.6406 -0.4256
vn 0.6762 0.6407 0.3636
vn 0.6582 0.6409 0.3950
vn 0.6587 0.6406 0.3946
vn 0.5936 0.6408 0.4869
vn 0.6384 0.6407 0.4266
vn 0.6348 0.6459 0.4241
vn 0.6554 0.6447 0.3934
vn -0.5631 -0.6498 -0.5105
vn -0.5636 -0.6498 -0.5101
vn -0.5377 -0.6497 -0.5373
vn -0.5105 -0.6498 -0.5632
vn -0.5106 -0.6498 -0.5630
vn -0.5375 -0.6498 -0.5374
vn 0.5876 0.6498 0.4822
vn 0.5633 0.6498 0.5104
vn 0.5631 0.6498 0.5106
vn 0.5875 0.6498 0.4823
vn -0.4825 -0.6498 -0.5873
vn -0.5377 -0.6496 -0.5374
vn -0.4821 -0.6499 -0.5876
vn 0.5103 0.6497 0.5634
vn 0.4822 0.6498 0.5876
vn 0.5376 0.6498 0.5374
vn 0.5105 0.6498 0.5631
vn -0.6321 -0.6498 -0.4221
vn 0.6105 0.6497 0.4529
vn 0.5872 0.6497 0.4827
vn -0.5137 0.6872 -0.5136
vn -0.5385 0.6875 -0.4873
vn -0.5139 0.6873 -0.5133
vn 0.5110 0.6497 0.5627
vn 0.4225 0.6498 0.6319
vn 0.3910 0.6498 0.6518
vn 0.3906 0.6498 0.6521
vn -0.3281 -0.6405 -0.6943
vn -0.3615 -0.6408 -0.6773
vn -0.3262 -0.6440 -0.6920
vn 0.4265 0.6407 0.6385
vn 0.4267 0.6406 0.6384
vn -0.3612 -0.6407 -0.6775
vn -0.3946 -0.6407 -0.6586
vn -0.4266 -0.6407 -0.6384
vn 0.4877 0.6407 0.5931
vn 0.4873 0.6406 0.5934
vn -0.2945 -0.6406 -0.7091
vn -0.2586 -0.6406 -0.7230
vn -0.2584 -0.6407 -0.7230
vn 0.3954 0.6407 0.6581
vn 0.3283 0.6407 0.6941
vn 0.3624 0.6406 0.6770
vn 0.2943 0.6406 0.7092
vn 0.3289 0.6407 0.6938
vn 0.3602 0.6452 0.6737
vn 0.3950 0.6406 0.6586
vn 0.3625 0.6407 0.6769
vn 0.3276 0.6444 0.6910
vn -0.3253 -0.6498 -0.6870
vn 0.3251 0.6496 0.6872
vn 0.2927 0.6460 0.7049
vn 0.3582 0.6498 0.6704
vn -0.2228 -0.6446 -0.7313
vn -0.2582 -0.6450 -0.7192
vn -0.2922 -0.6459 -0.7053
vn 0.2575 0.6444 0.7201
vn -0.2936 -0.6407 -0.7095
vn 0.3924 0.6452 0.6555
vn 0.1867 0.6407 0.7448
vn 0.2223 0.6406 0.7350
vn 0.0748 0.6406 0.7642
vn 0.0025 0.6452 0.7641
vn 0.0413 0.6404 0.7669
vn -0.1501 -0.6407 -0.7530
vn -0.1136 -0.6405 -0.7595
vn 0.1495 0.6406 0.7531
vn 0.1128 0.6407 0.7595
vn -0.2234 -0.6406 -0.7347
vn -0.1870 -0.6407 -0.7447
vn -0.1867 -0.6406 -0.7448
vn -0.2221 -0.6407 -0.7350
vn 0.2580 0.6407 0.7232
vn 0.2933 0.6407 0.7096
vn 0.1502 0.6407 0.7529
vn -0.0764 -0.6406 -0.7641
vn -0.0035 -0.6451 -0.7641
vn -0.0037 -0.6406 -0.7679
vn -0.1861 -0.6449 -0.7413
vn 0.2222 0.6452 0.7310
vn 0.1864 0.6465 0.7398
vn 0.1487 0.6448 0.7497
vn 0.5433 0.6406 0.5426
vn 0.4864 0.6405 0.5943
vn -0.6872 -0.6498 -0.3247
vn -0.5940 -0.6406 -0.4866
vn -0.7592 -0.6498 0.0369
vn -0.7601 -0.6454 0.0753
vn -0.7565 -0.6498 0.0746
vn 0.7604 0.6451 -0.0757
vn 0.7592 0.6498 -0.0363
vn 0.7565 0.6498 -0.0739
vn 0.7629 0.6455 -0.0370
vn 0.7519 0.6498 -0.1116
vn 0.7490 0.6454 -0.1497
vn 0.7553 0.6456 -0.1130
vn -0.7454 -0.6499 0.1486
vn -0.7519 -0.6498 0.1117
vn -0.7487 -0.6460 0.1488
vn -0.7592 -0.6499 0.0365
vn -0.7560 -0.6449 0.1121
vn -0.7024 -0.6499 0.2901
vn -0.7156 -0.6499 0.2559
vn -0.7049 -0.6460 0.2928
vn -0.7592 -0.6497 0.0375
vn -0.7564 -0.6498 0.0743
vn -0.7565 -0.6498 0.0739
vn -0.7520 -0.6498 0.1108
vn -0.7454 -0.6498 0.1487
vn -0.7456 -0.6498 0.1478
vn -0.7373 -0.6498 0.1846
vn -0.7273 -0.6498 0.2209
vn -0.7274 -0.6498 0.2207
vn -0.7157 -0.6498 0.2560
vn -0.7024 -0.6499 0.2904
vn -0.7249 0.6880 0.0347
vn -0.7259 0.6878 -0.0012
vn -0.7181 0.6878 0.1057
vn -0.7223 0.6879 0.0711
vn -0.7223 0.6879 0.0707
vn -0.7251 0.6877 0.0361
vn -0.7046 0.6874 0.1762
vn -0.7049 0.6871 0.1758
vn -0.7126 0.6873 0.1405
vn -0.6835 0.6879 0.2443
vn -0.6954 0.6873 0.2095
vn -0.6949 0.6874 0.2112
vn -0.7372 -0.6498 0.1853
vn 0.7519 0.6498 -0.1110
vn 0.7455 0.6497 -0.1488
vn 0.7455 0.6500 -0.1475
vn 0.7565 0.6498 -0.0742
vn 0.7376 0.6498 -0.1836
vn 0.7372 0.6497 -0.1855
vn 0.7271 0.6499 -0.2213
vn 0.7274 0.6498 -0.2208
vn 0.7022 0.6498 -0.2908
vn 0.7158 0.6497 -0.2560
vn 0.7023 0.6498 -0.2906
vn 0.7372 0.6498 -0.1851
vn 0.7159 0.6498 -0.2556
vn 0.7156 0.6500 -0.2558
vn -0.7023 -0.6498 0.2907
vn 0.7023 0.6499 -0.2905
vn 0.6873 0.6498 -0.3246
vn -0.6873 -0.6498 0.3246
vn -0.7272 -0.6498 0.2212
vn 0.7454 0.6498 -0.1484
vn -0.6872 -0.6498 0.3250
vn -0.6872 -0.6499 0.3248
vn -0.6704 -0.6497 0.3584
vn -0.6521 -0.6498 0.3906
vn -0.6704 -0.6498 0.3582
vn 0.6703 0.6499 -0.3583
vn 0.6707 0.6499 -0.3576
vn -0.6320 -0.6498 0.4222
vn -0.6520 -0.6499 0.3905
vn -0.6320 -0.6498 0.4223
vn 0.6872 0.6499 -0.3248
vn 0.6704 0.6498 -0.3582
vn 0.6518 0.6498 -0.3910
vn 0.6320 0.6498 -0.4223
vn 0.6518 0.6498 -0.3909
vn -0.6405 0.6874 0.3424
vn -0.6571 0.6869 0.3105
vn -0.6403 0.6875 0.3425
vn -0.6227 0.6878 0.3731
vn -0.6226 0.6878 0.3732
vn -0.6037 0.6878 0.4031
vn -0.6034 0.6878 0.4036
vn 0.6106 0.6496 -0.4529
vn 0.6105 0.6498 -0.4529
vn 0.6319 0.6499 -0.4224
vn -0.5831 0.6878 0.4323
vn -0.5621 0.6876 0.4597
vn -0.5608 0.6879 0.4608
vn 0.5876 0.6497 -0.4822
vn -0.6707 0.6880 0.2772
vn -0.6710 0.6876 0.2774
vn -0.6834 0.6878 0.2448
vn -0.7529 -0.6406 0.1509
vn -0.7591 -0.6409 0.1138
vn -0.7583 -0.6406 0.1205
vn -0.7447 -0.6407 0.1872
vn -0.7527 -0.6407 0.1516
vn -0.7641 -0.6405 0.0760
vn -0.7654 -0.6412 0.0554
vn -0.7671 -0.6406 0.0345
vn 0.7661 0.6413 -0.0426
vn 0.7669 0.6410 -0.0316
vn 0.7642 0.6406 -0.0753
vn 0.7534 0.6407 -0.1476
vn 0.7589 0.6400 -0.1201
vn 0.7479 0.6408 -0.1733
vn 0.7530 0.6406 -0.1500
vn -0.7082 -0.6409 0.2961
vn -0.6945 -0.6403 0.3282
vn -0.7091 -0.6406 0.2945
vn 0.7220 0.6410 -0.2605
vn 0.7103 0.6404 -0.2921
vn 0.7022 0.6399 -0.3123
vn 0.7345 0.6405 -0.2242
vn 0.7341 0.6409 -0.2243
vn -0.7228 -0.6406 0.2592
vn -0.7223 -0.6404 0.2610
vn -0.7442 -0.6407 0.1889
vn -0.7341 -0.6407 0.2249
vn -0.7343 -0.6406 0.2245
vn -0.6175 -0.6405 0.4566
vn -0.6384 -0.6407 0.4266
vn -0.6383 -0.6410 0.4263
vn -0.6584 -0.6409 0.3947
vn -0.6607 -0.6407 0.3911
vn -0.7712 -0.0699 0.6327
vn -0.8636 -0.0606 0.5006
vn -0.9381 -0.0793 0.3371
vn -0.0134 0.0583 -0.9982
vn -0.0194 0.0556 -0.9983
vn -0.0127 0.0555 -0.9984
vn 0.3060 0.0596 -0.9502
vn 0.9883 0.0822 -0.1286
vn 0.9419 0.0624 -0.3302
vn 0.7499 0.0769 -0.6571
vn 0.7007 0.0606 -0.7109
vn 0.7832 0.0680 -0.6181
vn -0.3454 -0.0790 0.9351
vn -0.9948 -0.0690 0.0749
vn 0.4642 0.0637 -0.8834
vn -0.9800 -0.0913 0.1769
vn -0.9932 -0.0950 0.0667
vn -0.5657 -0.0935 0.8193
vn -0.7185 -0.0803 0.6909
vn -0.6454 -0.0729 0.7604
vn -0.8036 -0.0778 0.5901
vn 0.3596 0.0904 -0.9287
vn 0.2482 0.0817 -0.9653
vn -0.0500 -0.0878 0.9949
vn 0.5935 0.0869 -0.8001
vn -0.3841 -0.0841 0.9195
vn -0.4868 -0.0762 0.8702
vn -0.1966 -0.0981 0.9756
vn -0.8847 -0.0943 0.4565
vn -0.9809 -0.0989 0.1677
vn -0.9951 -0.0990 -0.0084
vn -0.7702 -0.5832 0.2582
vn -0.7970 -0.5813 0.1638
vn -0.8714 -0.4605 0.1692
vn -0.9034 -0.4022 0.1487
vn -0.9164 -0.4002 -0.0066
vn -0.8182 -0.4621 0.3422
vn -0.8608 -0.4053 0.3079
vn -0.8100 -0.5822 0.0706
vn 0.8489 0.5098 -0.1397
vn 0.8179 0.5061 -0.2737
vn 0.8623 0.4652 -0.2000
vn -0.5897 -0.5862 0.5556
vn -0.6712 -0.5853 0.4549
vn -0.6732 -0.4650 0.5750
vn -0.7292 -0.5820 0.3600
vn -0.7463 -0.4621 0.4790
vn -0.7866 -0.4068 0.4645
vn 0.9896 0.0994 -0.1039
vn 0.9319 0.0928 -0.3506
vn 0.9540 0.1011 -0.2824
vn 0.8747 0.0963 -0.4750
vn -0.6585 -0.0959 0.7464
vn -0.7509 -0.0978 0.6531
vn -0.5763 -0.0967 0.8115
vn -0.2805 -0.0968 0.9550
vn -0.4240 -0.0973 0.9004
vn 0.3048 0.0995 -0.9472
vn 0.2118 0.1014 -0.9721
vn 0.4088 0.0963 -0.9075
vn 0.7851 0.0975 -0.6117
vn 0.8105 0.0896 -0.5788
vn -0.9365 -0.0965 0.3372
vn 0.6992 0.0933 -0.7088
vn 0.5991 0.1075 -0.7935
vn -0.8566 -0.0982 0.5065
vn -0.0916 -0.0981 0.9909
vn 0.9111 0.3992 -0.1024
vn 0.8855 0.4596 -0.0684
vn 0.8140 0.3945 -0.4264
vn 0.8770 0.3956 -0.2727
vn -0.5332 -0.4078 0.7413
vn -0.5854 -0.4644 0.6646
vn -0.6859 -0.4092 0.6018
vn -0.4804 -0.3933 0.7839
vn 0.7813 0.4541 -0.4282
vn 0.8308 0.4500 -0.3275
vn 0.7041 0.4648 -0.5369
vn 0.6269 0.5086 -0.5902
vn 0.5946 0.4566 -0.6618
vn 0.5145 0.5190 -0.6826
vn 0.4588 0.3916 -0.7976
vn 0.2790 0.3995 -0.8732
vn 0.4692 0.4022 -0.7862
vn 0.6213 0.3946 -0.6770
vn 0.2449 0.4538 -0.8568
vn 0.0952 0.3968 -0.9129
vn 0.4183 0.4582 -0.7843
vn 0.2760 0.5053 -0.8176
vn 0.7207 0.3962 -0.5689
vn -0.2871 -0.5834 0.7598
vn -0.4091 -0.5185 0.7509
vn -0.3338 -0.4630 0.8211
vn -0.4448 -0.5823 0.6805
vn -0.5189 -0.5778 0.6300
vn -0.5084 -0.5269 0.6811
vn -0.4356 -0.4700 0.7677
vn -0.2246 -0.4591 0.8595
vn -0.2551 -0.4028 0.8790
vn -0.1244 -0.4602 0.8791
vn -0.0886 -0.4073 0.9090
vn -0.0158 -0.5829 0.8124
vn -0.1100 -0.5838 0.8044
vn -0.3815 -0.4048 0.8310
vn -0.2033 -0.5791 0.7895
vn -0.3628 -0.5767 0.7320
vn -0.5971 -0.5204 0.6104
vn 0.6757 0.1067 -0.7295
vn 0.1461 0.5116 -0.8467
vn 0.9163 0.0792 -0.3926
vn -0.7296 -0.6410 0.2383
vn -0.7314 -0.6406 0.2339
vn -0.7107 -0.6409 0.2900
vn -0.7474 -0.6406 0.1763
vn -0.6749 -0.6397 0.3677
vn -0.6478 -0.6393 0.4144
vn -0.6662 -0.6424 0.3788
vn 0.7444 0.6473 -0.1642
vn 0.7412 0.6405 -0.2010
vn 0.7585 0.6422 -0.1107
vn -0.6904 -0.6404 0.3364
vn -0.7033 -0.6413 0.3069
vn 0.7202 0.6415 -0.2641
vn 0.6916 0.6409 -0.3332
vn 0.7020 0.6410 -0.3104
vn -0.6176 -0.6403 0.4567
vn -0.6383 -0.6409 0.4263
vn -0.7074 -0.6393 0.3014
vn -0.5455 -0.6405 0.5405
vn -0.5781 -0.6415 0.5043
vn -0.6028 -0.6421 0.4736
vn -0.5803 -0.6415 0.5018
vn 0.6022 0.6403 -0.4768
vn 0.5675 0.6406 -0.5173
vn 0.6185 0.6430 -0.4518
vn 0.6572 0.6439 -0.3918
vn -0.7643 -0.6409 0.0722
vn -0.5452 -0.6406 0.5407
vn -0.6661 -0.6409 0.3816
vn -0.6872 -0.6403 0.3433
vn 0.7140 0.6410 -0.2816
vn 0.6887 0.6406 -0.3395
vn 0.6664 0.6407 -0.3814
vn 0.6407 0.6409 -0.4228
vn -0.6071 -0.6403 0.4707
vn 0.6373 0.6401 -0.4290
vn 0.6066 0.6406 -0.4708
vn 0.6192 0.6409 -0.4537
vn 0.6580 0.6408 -0.3954
vn 0.5708 0.6405 -0.5138
vn 0.5945 0.6408 -0.4858
vn -0.5695 -0.6407 0.5150
vn -0.5941 -0.6406 0.4866
vn -0.5714 -0.6407 0.5128
vn -0.5434 -0.6407 0.5424
vn -0.5431 -0.6408 0.5426
vn -0.5171 -0.6406 0.5677
vn -0.5019 -0.6407 0.5810
vn 0.5586 0.6422 -0.5249
vn 0.5299 0.6415 -0.5547
vn 0.5068 0.6418 -0.5755
vn 0.4915 0.6408 -0.5898
vn -0.4871 -0.6408 0.5935
vn -0.4562 -0.6404 0.6178
vn -0.4438 -0.6418 0.6254
vn -0.4122 -0.6406 0.6479
vn -0.3819 -0.6417 0.6651
vn 0.5441 0.6405 -0.5419
vn -0.4881 -0.6406 0.5928
vn 0.5162 0.6406 -0.5684
vn 0.4870 0.6406 -0.5937
vn 0.4583 0.6407 -0.6160
vn 0.4272 0.6407 -0.6380
vn 0.4272 0.6409 -0.6378
vn 0.4633 0.6413 -0.6116
vn 0.3981 0.6400 -0.6572
vn 0.3822 0.6407 -0.6660
vn 0.8226 0.4903 -0.2880
vn 0.8493 0.4792 -0.2213
vn 0.8566 0.5138 -0.0467
vn 0.8523 0.5054 -0.1348
vn 0.7860 0.5113 -0.3475
vn -0.4839 -0.6416 0.5952
vn 0.5181 0.6412 -0.5661
vn 0.4611 0.6408 -0.6138
vn -0.4227 -0.6406 0.6411
vn 0.4054 0.6405 -0.6522
vn 0.3278 0.6402 -0.6948
vn -0.2720 -0.6425 0.7163
vn -0.2024 -0.6405 0.7408
vn 0.3509 0.5162 -0.7813
vn 0.2885 0.4876 -0.8240
vn 0.2462 0.6406 -0.7273
vn -0.3655 -0.6418 0.6742
vn 0.7428 0.5141 -0.4290
vn 0.6722 0.4893 -0.5557
vn 0.6563 0.4650 -0.5941
vn 0.5726 0.5106 -0.6414
vn 0.5326 0.5522 -0.6414
vn 0.3363 0.6410 -0.6899
vn 0.2722 0.6408 -0.7178
vn -0.3136 -0.6408 0.7007
vn -0.3183 -0.6468 0.6931
vn -0.1460 -0.6407 0.7537
vn 0.1701 0.6411 -0.7484
vn -0.2496 -0.6405 0.7263
vn 0.2013 0.6406 -0.7410
vn 0.1345 0.6410 -0.7557
vn 0.0119 0.6403 -0.7680
vn 0.0679 0.6396 -0.7657
vn -0.0575 -0.6408 0.7655
vn 0.0982 0.6417 -0.7606
vn -0.1918 -0.6410 0.7432
vn -0.1057 -0.6403 0.7608
vn 0.4236 0.6404 -0.6406
vn -0.3146 -0.6417 0.6995
vn -0.3602 -0.6402 0.6785
vn -0.2477 -0.6410 0.7264
vn 0.2953 0.6413 -0.7082
vn 0.3390 0.6414 -0.6883
vn -0.2907 -0.6409 0.7105
vn 0.1288 0.6409 -0.7567
vn 0.1859 0.6411 -0.7446
vn 0.2430 0.6402 -0.7288
vn -0.4422 -0.6403 0.6280
vn 0.3836 0.6406 -0.6652
vn -0.1519 -0.6407 0.7526
vn -0.3953 -0.6405 0.6584
vn -0.4280 -0.6410 0.6371
vn -0.4576 -0.6408 0.6164
vn -0.3285 -0.6407 0.6940
vn -0.3638 -0.6414 0.6755
vn -0.1878 -0.6407 0.7445
vn -0.2249 -0.6405 0.7343
vn 0.2600 0.6407 -0.7224
vn -0.2582 -0.6406 0.7232
vn -0.2600 -0.6406 0.7225
vn -0.2931 -0.6407 0.7096
vn -0.2225 -0.6406 0.7349
vn -0.1156 -0.6405 0.7592
vn 0.0727 0.6409 -0.7642
vn 0.0181 0.6408 -0.7675
vn -0.0039 -0.6411 0.7674
vn -0.0420 -0.6406 0.7667
vn -0.1125 -0.6406 0.7596
vn -0.1497 -0.6407 0.7530
vn 0.6778 0.6412 -0.3598
vn 0.6946 0.6406 -0.3274
vn 0.4503 0.5116 -0.7318
vn -0.7637 -0.6446 0.0361
vn -0.7350 -0.6407 0.2221
vn -0.7419 -0.6442 0.1860
vn -0.7445 -0.6407 0.1876
vn -0.7230 -0.6408 0.2582
vn 0.7595 0.6408 -0.1122
vn 0.7529 0.6409 -0.1495
vn 0.7446 0.6408 -0.1870
vn 0.7346 0.6407 -0.2233
vn 0.7445 0.6407 -0.1877
vn -0.7595 -0.6407 0.1126
vn -0.7529 -0.6407 0.1506
vn -0.7529 -0.6407 0.1508
vn -0.6941 -0.6407 0.3283
vn -0.6940 -0.6407 0.3286
vn -0.7092 -0.6408 0.2940
vn 0.7229 0.6406 -0.2588
vn 0.7230 0.6408 -0.2580
vn 0.7095 0.6409 -0.2932
vn 0.7406 0.6457 -0.1861
vn 0.7641 0.6406 -0.0757
vn 0.7669 0.6405 -0.0394
vn -0.7305 -0.6456 0.2226
vn -0.7187 -0.6455 0.2584
vn 0.7273 0.6498 -0.2209
vn 0.7316 0.6443 -0.2231
vn 0.7050 0.6459 -0.2928
vn 0.7190 0.6453 -0.2583
vn 0.6522 0.6499 -0.3903
vn 0.6549 0.6457 -0.3927
vn -0.6751 -0.6441 0.3597
vn -0.6911 -0.6451 0.3258
vn 0.6742 0.6447 -0.3603
vn 0.6586 0.6408 -0.3945
vn 0.6349 0.6455 -0.4244
vn 0.6902 0.6458 -0.3265
vn 0.6771 0.6408 -0.3619
vn 0.6940 0.6408 -0.3282
vn -0.6706 -0.6497 0.3581
vn 0.7597 0.6405 -0.1119
vn -0.6766 -0.6408 0.3627
vn -0.6774 -0.6407 0.3615
vn -0.6939 -0.6406 0.3288
vn 0.6587 0.6407 -0.3945
vn -0.7090 -0.6408 0.2945
vn -0.6392 -0.6406 0.4255
vn -0.6385 -0.6407 0.4263
vn -0.6592 -0.6405 0.3940
vn -0.6167 -0.6408 0.4572
vn 0.6770 0.6407 -0.3623
vn 0.6388 0.6408 -0.4259
vn 0.6174 0.6407 -0.4564
vn -0.6170 -0.6406 0.4572
vn -0.5930 -0.6407 0.4877
vn -0.5686 -0.6407 0.5160
vn 0.5937 0.6407 -0.4869
vn 0.5696 0.6407 -0.5148
vn 0.5699 0.6412 -0.5139
vn 0.6167 0.6407 -0.4574
vn 0.6383 0.6408 -0.4265
vn -0.6551 -0.6452 0.3932
vn -0.7224 -0.6407 0.2601
vn -0.6148 -0.6450 0.4539
vn -0.6347 -0.6455 0.4248
vn 0.6108 0.6499 -0.4524
vn 0.6133 0.6455 -0.4551
vn 0.5875 0.6499 -0.4822
vn 0.5904 0.6457 -0.4843
vn -0.5873 -0.6498 0.4825
vn -0.6102 -0.6499 0.4531
vn -0.5888 -0.6477 0.4835
vn 0.5630 0.6499 -0.5105
vn 0.6324 0.6498 -0.4217
vn -0.5933 -0.6410 0.4871
vn -0.5432 -0.6407 0.5426
vn -0.5688 -0.6407 0.5158
vn 0.5435 0.6413 -0.5416
vn 0.5431 0.6405 -0.5429
vn -0.4573 -0.6407 0.6168
vn -0.4576 -0.6407 0.6165
vn -0.4876 -0.6406 0.5932
vn -0.5651 -0.6449 0.5145
vn 0.5668 0.6446 -0.5132
vn 0.5935 0.6407 -0.4871
vn -0.5159 -0.6407 0.5686
vn -0.5408 -0.6453 0.5396
vn 0.5378 0.6498 -0.5371
vn 0.5393 0.6467 -0.5394
vn 0.5107 0.6499 -0.5628
vn 0.5128 0.6451 -0.5665
vn -0.4848 -0.6451 0.5906
vn -0.5131 -0.6457 0.5655
vn 0.5159 0.6408 -0.5685
vn 0.4847 0.6454 -0.5904
vn 0.4874 0.6407 -0.5932
vn 0.4552 0.6460 -0.6128
vn 0.4581 0.6407 -0.6161
vn -0.5378 -0.6498 0.5372
vn -0.4827 -0.6498 0.5872
vn -0.5110 -0.6498 0.5627
vn 0.4823 0.6498 -0.5875
vn -0.4552 -0.6458 0.6130
vn -0.4252 -0.6455 0.6345
vn -0.4273 -0.6406 0.6380
vn -0.4227 -0.6498 0.6317
vn -0.4532 -0.6498 0.6102
vn 0.4223 0.6498 -0.6320
vn 0.4246 0.6453 -0.6351
vn 0.4530 0.6499 -0.6103
vn 0.3906 0.6499 -0.6520
vn 0.3928 0.6456 -0.6549
vn -0.6106 -0.6498 0.4527
vn 0.5877 0.6498 -0.4820
vn -0.5633 -0.6498 0.5103
vn -0.5875 -0.6499 0.4821
vn -0.5634 -0.6499 0.5101
vn 0.5635 0.6498 -0.5101
vn 0.5110 0.6497 -0.5628
vn 0.5104 0.6498 -0.5633
vn 0.5375 0.6499 -0.5374
vn -0.5106 -0.6498 0.5630
vn -0.5107 -0.6499 0.5629
vn -0.5376 -0.6499 0.5372
vn -0.4824 -0.6499 0.5873
vn -0.4821 -0.6498 0.5876
vn 0.4824 0.6496 -0.5876
vn 0.4822 0.6498 -0.5876
vn 0.5374 0.6498 -0.5376
vn 0.5629 0.6498 -0.5107
vn 0.4529 0.6498 -0.6104
vn -0.4528 -0.6498 0.6105
vn -0.4225 -0.6498 0.6318
vn -0.3908 -0.6498 0.6519
vn -0.3910 -0.6497 0.6519
vn 0.4224 0.6498 -0.6320
vn 0.3907 0.6498 -0.6520
vn 0.5149 0.6408 -0.5695
vn -0.4870 -0.6407 0.5936
vn -0.3945 -0.6406 0.6588
vn -0.4263 -0.6407 0.6385
vn 0.4867 0.6407 -0.5938
vn 0.4576 0.6406 -0.6166
vn 0.4275 0.6407 -0.6378
vn -0.3957 -0.6406 0.6581
vn -0.3623 -0.6406 0.6771
vn 0.3952 0.6407 -0.6582
vn 0.3955 0.6406 -0.6581
vn -0.3629 -0.6407 0.6766
vn 0.3632 0.6406 -0.6765
vn 0.3285 0.6407 -0.6939
vn 0.3341 0.6409 -0.6911
vn -0.2938 -0.6406 0.7094
vn -0.3287 -0.6407 0.6939
vn -0.2579 -0.6406 0.7233
vn -0.3290 -0.6406 0.6938
vn 0.3285 0.6406 -0.6940
vn 0.2944 0.6406 -0.7091
vn 0.2596 0.6406 -0.7227
vn 0.2938 0.6407 -0.7094
vn 0.2589 0.6407 -0.7229
vn 0.3623 0.6407 -0.6770
vn -0.3629 -0.6408 0.6766
vn -0.2217 -0.6405 0.7353
vn -0.2584 -0.6407 0.7230
vn -0.2941 -0.6407 0.7093
vn -0.3941 -0.6446 0.6551
vn 0.3603 0.6450 -0.6739
vn 0.3270 0.6450 -0.6906
vn -0.3594 -0.6467 0.6728
vn 0.3582 0.6498 -0.6705
vn 0.3252 0.6496 -0.6872
vn -0.3252 -0.6498 0.6870
vn -0.3585 -0.6498 0.6703
vn -0.3251 -0.6497 0.6871
vn -0.2926 -0.6454 0.7056
vn -0.2911 -0.6498 0.7022
vn 0.2923 0.6454 -0.7057
vn 0.2582 0.6454 -0.7189
vn -0.2578 -0.6456 0.7189
vn -0.2222 -0.6449 0.7313
vn -0.1855 -0.6456 0.7408
vn -0.2209 -0.6499 0.7272
vn 0.2912 0.6497 -0.7022
vn 0.2558 0.6498 -0.7158
vn 0.2206 0.6497 -0.7275
vn 0.2235 0.6440 -0.7317
vn 0.1858 0.6456 -0.7407
vn -0.3265 -0.6448 0.6912
vn 0.2253 0.6406 -0.7341
vn 0.2239 0.6404 -0.7347
vn -0.1866 -0.6406 0.7448
vn -0.1500 -0.6407 0.7530
vn 0.2232 0.6407 -0.7347
vn 0.1877 0.6408 -0.7444
vn 0.1498 0.6407 -0.7530
vn 0.1506 0.6405 -0.7530
vn -0.0772 -0.6406 0.7640
vn -0.0750 -0.6406 0.7642
vn 0.1127 0.6406 -0.7595
vn 0.0760 0.6406 -0.7641
vn -0.0027 -0.6453 0.7640
vn 0.0422 0.6404 -0.7669
vn 0.1875 0.6405 -0.7447
vn -0.0387 -0.6455 0.7628
vn -0.0749 -0.6452 0.7603
vn -0.1128 -0.6406 0.7595
vn 0.0020 0.6455 -0.7637
vn 0.0398 0.6452 -0.7630
vn 0.1129 0.6448 -0.7560
vn -0.1862 -0.6407 0.7449
vn 0.1495 0.6453 -0.7492
vn -0.1489 -0.6457 0.7489
vn -0.1118 -0.6449 0.7560
vn 0.1488 0.6497 -0.7454
vn 0.1116 0.6497 -0.7519
vn 0.0761 0.6454 -0.7600
vn -0.3584 -0.6498 0.6703
vn -0.4878 0.6875 0.5380
vn -0.4605 0.6876 0.5614
vn -0.4607 0.6877 0.5611
vn -0.4323 0.6877 0.5833
vn -0.4326 0.6876 0.5831
vn 0.4224 0.6498 -0.6319
vn 0.4526 0.6497 -0.6108
vn -0.4035 0.6877 0.6036
vn 0.3909 0.6498 -0.6519
vn -0.3909 -0.6498 0.6519
vn -0.4221 -0.6498 0.6322
vn -0.3583 -0.6498 0.6704
vn -0.3248 -0.6498 0.6872
vn -0.3248 -0.6498 0.6873
vn -0.2905 -0.6498 0.7024
vn -0.2908 -0.6498 0.7023
vn 0.3585 0.6498 -0.6703
vn 0.3584 0.6498 -0.6703
vn -0.3734 0.6878 0.6225
vn -0.4033 0.6876 0.6038
vn -0.3420 0.6878 0.6403
vn -0.3106 0.6871 0.6568
vn -0.3427 0.6876 0.6402
vn 0.2901 0.6501 -0.7023
vn 0.2911 0.6498 -0.7021
vn 0.3249 0.6497 -0.6873
vn -0.2775 0.6874 0.6712
vn -0.3105 0.6866 0.6574
vn 0.3252 0.6498 -0.6870
vn -0.2560 -0.6498 0.7157
vn -0.2207 -0.6497 0.7274
vn -0.1849 -0.6499 0.7372
vn -0.1117 -0.6498 0.7518
vn -0.1481 -0.6498 0.7455
vn -0.0744 -0.6498 0.7564
vn -0.0375 -0.6498 0.7592
vn 0.3250 0.6498 -0.6871
vn 0.2907 0.6498 -0.7023
vn -0.2562 -0.6498 0.7156
vn -0.1850 -0.6499 0.7372
vn -0.1485 -0.6498 0.7454
vn 0.2214 0.6498 -0.7272
vn 0.1851 0.6498 -0.7372
vn 0.1851 0.6498 -0.7373
vn 0.2206 0.6498 -0.7274
vn -0.2561 -0.6498 0.7157
vn -0.2210 -0.6498 0.7272
vn -0.2206 -0.6498 0.7274
vn 0.1849 0.6498 -0.7373
vn -0.1759 0.6877 0.7043
vn -0.1773 0.6873 0.7044
vn -0.2104 0.6876 0.6949
vn 0.1480 0.6498 -0.7456
vn -0.1408 0.6878 0.7121
vn 0.1486 0.6498 -0.7455
vn -0.1105 -0.6498 0.7520
vn -0.0740 -0.6498 0.7565
vn 0.1116 0.6499 -0.7518
vn 0.0746 0.6498 -0.7565
vn 0.0386 0.6498 -0.7592
vn 0.0016 0.6498 -0.7601
vn 0.0753 0.6497 -0.7564
vn -0.0387 -0.6498 0.7592
vn -0.0740 -0.6499 0.7564
vn -0.0009 -0.6496 0.7603
vn -0.1054 0.6878 0.7182
vn -0.1072 0.6880 0.7177
vn -0.0370 0.6880 0.7248
vn -0.0019 0.6880 0.7257
vn -0.0367 0.6880 0.7248
vn 0.2207 0.6497 -0.7274
vn -0.6106 -0.6500 0.4524
vn -0.7641 -0.6407 0.0752
vn 0.7442 0.6407 -0.1890
vn -0.5137 0.6878 0.5128
vn -0.4881 0.6876 0.5375
vn 0.0481 -0.2604 -0.9643
vn 0.0477 -0.2602 -0.9644
vn 0.0960 -0.2603 -0.9607
vn 0.0950 -0.2600 -0.9609
vn 0.0006 -0.9488 0.3160
vn -0.0155 -0.9421 0.3349
vn 0.0156 -0.9420 0.3353
vn 0.1402 -0.2606 -0.9552
vn 0.1416 -0.2606 -0.9550
vn 0.1872 -0.2608 -0.9471
vn 0.1868 -0.2603 -0.9473
vn 0.2327 -0.2604 -0.9370
vn 0.2342 -0.2604 -0.9367
vn -0.0154 -0.9488 0.3155
vn -0.0308 -0.9488 0.3144
vn 0.0555 0.9488 -0.3109
vn 0.0461 0.9488 -0.3124
vn 0.0316 0.9489 -0.3141
vn 0.0829 0.9489 -0.3045
vn 0.0756 0.9489 -0.3063
vn 0.0616 0.9489 -0.3094
vn -0.0610 -0.9489 0.3098
vn -0.0735 -0.9419 0.3277
vn -0.0462 -0.9488 0.3123
vn 0.0558 0.9419 -0.3312
vn 0.0225 0.9422 -0.3344
vn 0.0367 0.9348 -0.3533
vn 0.0587 0.9343 -0.3517
vn 0.0823 0.9421 -0.3250
vn -0.0991 -0.9490 0.2994
vn -0.1037 -0.9420 0.3192
vn -0.1345 -0.9422 0.3067
vn -0.1381 -0.9344 0.3283
vn -0.0421 -0.9420 0.3329
vn 0.2792 -0.2603 -0.9243
vn -0.0769 -0.9489 0.3060
vn -0.0909 -0.9489 0.3023
vn -0.1060 -0.9488 0.2975
vn -0.1203 -0.9489 0.2917
vn 0.3677 -0.2604 -0.8927
vn 0.4114 -0.2605 -0.8734
vn 0.4135 -0.2602 -0.8725
vn 0.4558 -0.2598 -0.8513
vn -0.1491 -0.9487 0.2789
vn -0.1385 -0.9488 0.2838
vn -0.1351 -0.9488 0.2856
vn -0.1574 -0.9489 0.2737
vn 0.0914 0.9488 -0.3024
vn 0.1054 0.9490 -0.2972
vn 0.1201 0.9488 -0.2921
vn 0.1278 0.9490 -0.2883
vn 0.1352 0.9488 -0.2854
vn 0.1626 0.9489 -0.2706
vn 0.1481 0.9488 -0.2789
vn 0.1551 0.9490 -0.2746
vn -0.1628 -0.9423 0.2924
vn -0.1899 -0.9418 0.2775
vn 0.1911 0.9421 -0.2756
vn 0.1810 0.9489 -0.2586
vn 0.1667 0.9420 -0.2913
vn 0.1675 0.9347 -0.3136
vn 0.1381 0.9419 -0.3061
vn -0.1807 -0.9489 0.2588
vn -0.2049 -0.9490 0.2395
vn 0.2130 0.9419 -0.2596
vn 0.1997 0.9488 -0.2447
vn -0.1883 -0.9488 0.2535
vn 0.2784 -0.2608 -0.9244
vn 0.3238 -0.2604 -0.9096
vn -0.1748 -0.9488 0.2631
vn -0.1624 -0.9488 0.2709
vn 0.1752 0.9489 -0.2626
vn 0.1220 0.9346 -0.3341
vn 0.0777 0.9345 -0.3473
vn 0.1150 0.9345 -0.3369
vn -0.0708 -0.9343 0.3493
vn -0.1156 -0.9175 0.3806
vn -0.0698 -0.8637 0.4992
vn -0.1734 -0.9347 0.3104
vn -0.2002 -0.8631 0.4636
vn 0.2103 0.9342 -0.2881
vn 0.1851 0.9343 -0.3046
vn 0.2828 0.8630 -0.4185
vn 0.1587 0.9350 -0.3171
vn -0.2083 -0.9344 0.2888
vn -0.0476 -0.7657 0.6415
vn 0.0191 -0.7628 0.6464
vn -0.1606 -0.8149 0.5570
vn -0.1467 -0.7657 0.6262
vn -0.3116 -0.8619 0.4001
vn 0.2651 0.9156 -0.3024
vn 0.3593 0.8291 -0.4284
vn -0.3935 -0.8227 0.4104
vn -0.3847 -0.7623 0.5205
vn -0.2404 -0.9346 0.2623
vn -0.2692 -0.9345 0.2328
vn -0.2899 -0.9177 0.2717
vn -0.3645 -0.8974 0.2487
vn -0.4862 -0.8100 0.3279
vn 0.5097 0.8009 -0.3144
vn 0.4521 0.8622 -0.2283
vn 0.3075 0.9183 -0.2493
vn 0.4196 0.8343 -0.3575
vn -0.3920 -0.9125 0.1170
vn -0.5456 -0.8090 0.2187
vn -0.4024 -0.8932 0.2008
vn -0.4714 -0.8424 0.2610
vn -0.6454 -0.7632 0.0325
vn -0.6457 -0.7631 0.0279
vn -0.6352 -0.7643 0.1110
vn 0.1353 -0.9902 -0.0346
vn -0.2279 -0.9490 0.2179
vn -0.2494 -0.9490 0.1930
vn -0.2463 -0.9424 0.2263
vn -0.2161 -0.9420 0.2567
vn -0.2745 -0.9421 0.1925
vn 0.2678 0.9350 -0.2326
vn 0.2639 0.9420 -0.2072
vn 0.2378 0.9423 -0.2357
vn 0.2902 0.9347 -0.2052
vn 0.2843 0.9419 -0.1787
vn 0.2445 0.9352 -0.2564
vn 0.2884 0.9347 -0.2079
vn -0.2904 -0.9344 0.2063
vn -0.2927 -0.9419 0.1649
vn -0.3139 -0.9344 0.1684
vn 0.3145 0.9344 -0.1674
vn -0.3503 -0.9345 0.0634
vn -0.3550 -0.9347 0.0175
vn -0.4945 -0.8634 0.0995
vn 0.3407 0.9364 -0.0845
vn 0.3189 0.9394 -0.1257
vn 0.3443 0.9325 -0.1092
vn 0.3508 0.9354 -0.0437
vn 0.3532 0.9344 -0.0467
vn -0.3194 -0.9420 0.1029
vn -0.3427 -0.9344 0.0967
vn -0.3315 -0.9346 0.1292
vn 0.3311 0.9346 -0.1299
vn 0.2983 0.9419 -0.1545
vn 0.3446 0.9345 -0.0889
vn 0.3355 0.9420 -0.0117
vn 0.4111 0.3517 -0.8410
vn 0.4973 0.3528 -0.7926
vn 0.5052 0.3459 -0.7906
vn 0.6213 0.3555 -0.6983
vn 0.6511 0.3497 -0.6737
vn 0.1075 0.7653 -0.6346
vn 0.2247 0.7659 -0.6024
vn 0.2094 0.7637 -0.6106
vn 0.3443 0.7664 -0.5422
vn 0.2901 0.7620 -0.5790
vn -0.7598 -0.3525 0.5463
vn -0.6258 -0.3532 0.6955
vn -0.7356 -0.3521 0.5787
vn -0.6378 -0.3506 0.6858
vn -0.4922 -0.3534 0.7956
vn -0.9199 -0.3567 0.1627
vn -0.8656 -0.3540 0.3541
vn -0.8871 -0.3546 0.2956
vn 0.7112 0.3615 -0.6029
vn -0.8477 -0.2320 0.4771
vn -0.8265 -0.3499 0.4410
vn -0.5202 -0.3555 0.7765
vn -0.3436 -0.3561 0.8690
vn -0.3674 -0.3521 0.8609
vn -0.9337 -0.3549 0.0476
vn -0.9090 -0.3559 0.2171
vn 0.1047 0.1001 -0.9895
vn 0.1929 0.0996 -0.9762
vn 0.2679 0.1004 -0.9582
vn 0.3284 0.3556 -0.8750
vn 0.3833 0.3541 -0.8531
vn -0.6618 -0.3668 0.6538
vn -0.4349 -0.2811 0.8555
vn -0.2184 -0.3576 0.9080
vn -0.2819 -0.2149 0.9351
vn -0.1202 -0.0824 0.9893
vn -0.0997 -0.0957 0.9904
vn -0.8336 -0.1010 0.5431
vn -0.7356 -0.0815 0.6725
vn -0.7977 -0.1035 0.5941
vn -0.5010 -0.0959 0.8601
vn -0.5008 -0.0915 0.8607
vn -0.5905 -0.0996 0.8009
vn 0.8020 0.3583 -0.4779
vn 0.7870 0.3531 -0.5059
vn 0.6089 0.3606 -0.7065
vn -0.9302 -0.3584 0.0790
vn -0.9076 -0.2703 0.3213
vn -0.9727 -0.1090 0.2051
vn -0.9904 -0.0994 0.0964
vn -0.9614 -0.0863 0.2611
vn 0.4460 0.0869 -0.8908
vn 0.5636 0.0983 -0.8202
vn 0.5346 0.0972 -0.8395
vn -0.5946 -0.1007 0.7977
vn 0.5778 0.7628 -0.2903
vn 0.5210 0.7652 -0.3782
vn 0.8634 0.3570 -0.3565
vn 0.8340 0.3490 -0.4274
vn 0.7601 0.3477 -0.5489
vn 0.9163 0.3561 -0.1833
vn 0.8840 0.3544 -0.3048
vn 0.6315 0.7640 -0.1327
vn 0.6422 0.7614 -0.0887
vn 0.6208 0.7610 -0.1884
vn 0.6421 0.7655 -0.0413
vn -0.6104 -0.7648 0.2064
vn -0.5683 -0.7647 0.3038
vn 0.8600 0.3588 -0.3629
vn 0.9064 0.3602 -0.2206
vn 0.9319 0.3626 -0.0077
vn 0.9946 0.0884 -0.0553
vn 0.9660 0.1023 -0.2376
vn 0.9664 0.0961 -0.2384
vn -0.5087 -0.7646 0.3958
vn 0.3122 0.0942 -0.9453
vn 0.2089 0.0715 -0.9753
vn -0.8763 -0.0906 0.4732
vn -0.8041 -0.0749 0.5897
vn -0.3668 -0.0897 0.9260
vn 0.3339 0.0789 -0.9393
vn 0.5022 0.0630 -0.8624
vn -0.1378 -0.0703 0.9880
vn -0.7964 -0.0779 0.5998
vn -0.9639 -0.0793 0.2541
vn -0.9482 -0.0615 0.3117
vn -0.5367 -0.0697 0.8409
vn -0.3875 -0.0522 0.9204
vn 0.9757 0.0668 -0.2089
vn 0.9363 0.0776 -0.3425
vn 0.9341 0.0768 -0.3488
vn 0.6198 0.0728 -0.7814
vn 0.8012 0.0818 -0.5928
vn 0.8934 0.0821 -0.4418
vn 0.7818 0.0983 -0.6157
vn 0.0700 0.0642 -0.9955
vn 0.2271 0.0507 -0.9725
vn 0.0836 0.0462 -0.9954
vn 0.3687 0.0558 -0.9279
vn -0.9493 -0.0501 0.3104
vn -0.9471 -0.0565 0.3159
vn -0.8201 -0.0639 0.5686
vn -0.7090 -0.0478 0.7036
vn 0.7583 0.0641 -0.6487
vn 0.6348 0.0477 -0.7712
vn 0.9225 0.0518 -0.3825
vn 0.8565 0.0599 -0.5126
vn 0.7051 0.0765 -0.7050
vn 0.6525 0.1009 -0.7510
vn -0.0019 0.7652 -0.6438
vn 0.0667 0.7625 -0.6435
vn 0.1398 0.7636 -0.6304
vn 0.5370 -0.2604 -0.8024
vn 0.5754 -0.2606 -0.7753
vn 0.5351 -0.2610 -0.8034
vn 0.6125 -0.2601 -0.7464
vn 0.5745 -0.2604 -0.7760
vn 0.6482 -0.2603 -0.7156
vn 0.6127 -0.2604 -0.7462
vn -0.2005 -0.9488 0.2441
vn -0.2125 -0.9489 0.2335
vn 0.6824 -0.2599 -0.6832
vn 0.7146 -0.2603 -0.6493
vn 0.6833 -0.2596 -0.6824
vn 0.6492 -0.2601 -0.7148
vn 0.7159 -0.2607 -0.6477
vn -0.2336 -0.9488 0.2127
vn -0.2443 -0.9488 0.2001
vn -0.2392 -0.9488 0.2062
vn -0.2230 -0.9490 0.2228
vn -0.2531 -0.9489 0.1884
vn 0.1885 0.9488 -0.2535
vn 0.2127 0.9488 -0.2335
vn 0.2001 0.9489 -0.2442
vn 0.2281 0.9489 -0.2181
vn 0.2233 0.9487 -0.2237
vn 0.2120 0.9488 -0.2342
vn 0.2537 0.9487 -0.1886
vn 0.2442 0.9488 -0.2003
vn 0.2435 0.9489 -0.2007
vn 0.2344 0.9488 -0.2120
vn 0.2586 0.9488 -0.1815
vn 0.2629 0.9487 -0.1755
vn 0.7757 -0.2604 -0.5748
vn 0.7745 -0.2603 -0.5766
vn 0.7460 -0.2602 -0.6130
vn -0.2627 -0.9488 0.1753
vn -0.2629 -0.9489 0.1747
vn -0.2709 -0.9488 0.1628
vn 0.8283 -0.2599 -0.4963
vn 0.8031 -0.2605 -0.5359
vn 0.8282 -0.2599 -0.4966
vn 0.8026 -0.2601 -0.5368
vn 0.2942 0.9488 -0.1152
vn 0.3068 0.9424 -0.1332
vn 0.3191 0.9418 -0.1055
vn 0.2710 0.9489 -0.1620
vn 0.3272 0.9420 -0.0747
vn -0.3023 -0.9489 0.0907
vn -0.3078 -0.9488 0.0712
vn 0.3080 0.9489 -0.0682
vn -0.3143 -0.9488 0.0313
vn -0.3351 -0.9417 0.0300
vn -0.3295 -0.9421 0.0628
vn -0.3121 -0.9489 0.0461
vn -0.2785 -0.9488 0.1490
vn -0.2754 -0.9489 0.1541
vn -0.2855 -0.9488 0.1351
vn -0.2922 -0.9487 0.1206
vn -0.2878 -0.9490 0.1289
vn -0.2967 -0.9489 0.1080
vn 0.8733 -0.2607 -0.4115
vn 0.8727 -0.2602 -0.4132
vn 0.8510 -0.2600 -0.4562
vn 0.8923 -0.2607 -0.3686
vn -0.2976 -0.9488 0.1060
vn 0.9247 -0.2598 -0.2782
vn 0.9373 -0.2599 -0.2321
vn 0.9369 -0.2601 -0.2335
vn 0.9249 -0.2599 -0.2775
vn 0.9096 -0.2606 -0.3235
vn 0.8926 -0.2608 -0.3679
vn -0.3099 -0.9488 0.0609
vn 0.9474 -0.2602 -0.1865
vn 0.9471 -0.2606 -0.1876
vn 0.9551 -0.2610 -0.1406
vn 0.9551 -0.2607 -0.1410
vn 0.2789 0.9487 -0.1489
vn 0.2710 0.9488 -0.1623
vn 0.3019 0.9490 -0.0909
vn 0.3160 0.9488 -0.0006
vn 0.3155 0.9488 -0.0165
vn 0.3144 0.9488 -0.0311
vn 0.3325 0.9422 -0.0424
vn 0.3100 0.9488 -0.0609
vn 0.3064 0.9488 -0.0765
vn 0.3124 0.9488 -0.0463
vn -0.3156 -0.9487 0.0161
vn -0.3348 -0.9423 0.0051
vn -0.3073 -0.9419 0.1358
vn -0.3064 -0.9488 0.0768
vn 0.4969 -0.2599 -0.8280
vn 0.4953 -0.2605 -0.8288
vn 0.8522 -0.2609 -0.4535
vn 0.5554 0.0394 -0.8306
vn -0.6535 -0.0434 0.7557
vn -0.4807 -0.0599 0.8748
vn 0.4040 0.0396 -0.9139
vn -0.8838 -0.0301 0.4669
vn -0.7256 -0.0390 0.6870
vn 0.8235 0.0343 -0.5663
vn 0.9122 0.0459 -0.4073
vn 0.9706 0.0342 -0.2382
vn 0.7021 0.0443 -0.7107
vn 0.9961 0.0459 -0.0757
vn 0.0808 0.0298 -0.9963
vn 0.2262 0.0326 -0.9735
vn 0.5902 0.0274 -0.8068
vn -0.4082 -0.0336 0.9123
vn -0.4087 -0.0337 0.9120
vn -0.4127 -0.0357 0.9102
vn -0.5021 -0.0196 0.8646
vn 0.9636 0.0201 -0.2665
vn 0.9971 0.0276 -0.0716
vn 0.9039 0.0238 -0.4270
vn 0.7084 0.0206 -0.7055
vn 0.0826 0.0087 -0.9965
vn 0.2527 0.0150 -0.9674
vn -0.9205 -0.0380 0.3888
vn -0.8854 -0.0200 0.4643
vn -0.1636 -0.1370 0.9770
vn -0.4629 -0.0178 0.8862
vn -0.3996 -0.0068 0.9167
vn -0.4659 -0.0184 0.8846
vn 0.4393 0.0233 -0.8980
vn 0.5804 0.0087 -0.8143
vn 0.4504 0.0014 -0.8928
vn -0.9077 -0.0102 0.4195
vn -0.8952 -0.0015 0.4458
vn -0.4341 -0.0005 0.9009
vn -0.4337 -0.0016 0.9011
vn 0.0739 -0.0107 -0.9972
vn 0.6230 0.0001 -0.7823
vn 0.8946 0.0046 -0.4468
vn 0.9972 0.0114 -0.0733
vn 0.9622 -0.0035 -0.2722
vn 0.7996 0.0156 -0.6004
vn 0.7867 -0.0047 -0.6173
vn -0.4256 0.0105 0.9048
vn 0.7015 -0.0099 -0.7126
vn 0.2661 -0.0214 -0.9637
vn 0.2709 -0.0027 -0.9626
vn 0.4257 -0.0184 -0.9047
vn -0.9056 0.0089 0.4241
vn -0.8878 0.0174 0.4599
vn 0.5865 -0.0280 -0.8094
vn 0.6014 -0.0141 -0.7989
vn 0.8129 -0.0227 -0.5819
vn 0.9612 -0.0182 -0.2751
vn 0.9966 -0.0109 -0.0814
vn 0.9012 -0.0218 -0.4330
vn -0.8994 0.0272 0.4362
vn -0.8679 0.0239 0.4962
vn -0.7044 0.0408 0.7086
vn 0.3981 -0.0504 -0.9160
vn -0.4956 0.0260 0.8682
vn -0.3158 0.0524 0.9474
vn -0.4265 0.0284 0.9041
vn 0.9958 -0.0335 -0.0855
vn 0.9692 -0.0407 -0.2428
vn 0.9179 -0.0508 -0.3935
vn 0.5490 -0.0428 -0.8347
vn 0.7023 -0.0313 -0.7112
vn 0.8240 -0.0381 -0.5653
vn 0.0573 -0.0506 -0.9971
vn 0.2329 -0.0369 -0.9718
vn 0.0818 -0.0305 -0.9962
vn -0.9400 0.0407 0.3386
vn -0.9397 0.0447 0.3390
vn -0.7101 0.0483 0.7024
vn 0.1868 -0.0665 -0.9801
vn 0.9774 -0.0672 -0.2003
vn 0.9955 -0.0617 -0.0724
vn 0.7182 -0.0510 -0.6940
vn 0.9643 -0.2601 -0.0494
vn 0.9608 -0.2601 -0.0957
vn 0.9607 -0.2606 -0.0951
vn 0.9642 -0.2604 -0.0501
vn 0.9656 -0.2600 -0.0020
vn -0.3196 -0.0527 0.9461
vn -0.1890 -0.7658 -0.6147
vn -0.1526 -0.8160 -0.5576
vn -0.0757 -0.8640 -0.4978
vn -0.0785 -0.7658 -0.6383
vn 0.0055 -0.7632 -0.6462
vn -0.2912 -0.7637 -0.5761
vn -0.3922 -0.7644 -0.5117
vn -0.2967 -0.8370 -0.4598
vn -0.2415 -0.7656 -0.5962
vn -0.2181 -0.9060 -0.3628
vn -0.5889 -0.7631 -0.2661
vn -0.4377 -0.8621 -0.2555
vn -0.5409 -0.7525 -0.3758
vn -0.5433 -0.8157 -0.1989
vn -0.3939 -0.9116 -0.1177
vn -0.3609 -0.9146 -0.1825
vn -0.6231 -0.7618 -0.1771
vn -0.4612 -0.7659 -0.4481
vn -0.4756 -0.7743 -0.4175
vn 0.2026 0.9279 0.3131
vn 0.2949 0.9115 0.2868
vn 0.3857 0.8010 0.4578
vn -0.2852 -0.9344 -0.2137
vn -0.2592 -0.9345 -0.2442
vn -0.2626 -0.9366 -0.2321
vn 0.0558 0.9343 0.3520
vn 0.0454 0.8621 0.5047
vn 0.0213 0.9420 0.3348
vn -0.0809 -0.9343 -0.3471
vn -0.0167 -0.9423 -0.3344
vn 0.0556 0.9422 0.3304
vn 0.0886 0.9423 0.3229
vn -0.1393 -0.9353 -0.3253
vn -0.1362 -0.9188 -0.3705
vn 0.1664 0.9346 0.3143
vn 0.1620 0.9333 0.3205
vn 0.1701 0.8646 0.4728
vn 0.1990 0.9345 0.2952
vn -0.2980 -0.8655 -0.4027
vn 0.0959 0.9341 0.3439
vn 0.1334 0.9345 0.3300
vn -0.3353 -0.9344 -0.1205
vn -0.3348 -0.9420 -0.0224
vn -0.3552 -0.9343 -0.0297
vn -0.4927 -0.8654 -0.0916
vn 0.3380 0.9376 0.0813
vn 0.3497 0.9358 0.0436
vn 0.3344 0.9353 0.1158
vn -0.3193 -0.9343 -0.1582
vn -0.3058 -0.9342 -0.1836
vn -0.2829 -0.9422 -0.1794
vn -0.3273 -0.9420 -0.0742
vn 0.3478 0.9344 0.0767
vn 0.3330 0.9422 0.0373
vn 0.3354 0.9420 0.0145
vn 0.3005 0.9345 0.1908
vn 0.3177 0.9343 0.1614
vn 0.3085 0.9351 0.1742
vn 0.3110 0.9419 0.1272
vn 0.3389 0.9345 0.1090
vn 0.3265 0.9346 0.1410
vn -0.1707 -0.9421 -0.2886
vn -0.1730 -0.9349 -0.3100
vn -0.2051 -0.9346 -0.2906
vn -0.2207 -0.9421 -0.2526
vn -0.1994 -0.9417 -0.2709
vn -0.2330 -0.9343 -0.2696
vn 0.2765 0.9342 0.2252
vn 0.2782 0.9368 0.2124
vn 0.2582 0.9345 0.2448
vn 0.1792 0.9421 0.2834
vn 0.2053 0.9422 0.2649
vn 0.1503 0.9421 0.2999
vn -0.2995 -0.9423 -0.1493
vn 0.1961 0.9489 0.2473
vn 0.2280 0.9423 0.2452
vn -0.2478 -0.9490 -0.1949
vn -0.2422 -0.9422 -0.2313
vn -0.2648 -0.9418 -0.2072
vn -0.1929 -0.9489 -0.2496
vn 0.2459 0.9425 0.2265
vn 0.2706 0.9422 0.1974
vn 0.2304 0.9346 0.2708
vn 0.2193 0.9391 0.2647
vn 0.1873 -0.2605 0.9471
vn 0.1868 -0.2601 0.9473
vn 0.1410 -0.2604 0.9551
vn 0.1415 -0.2607 0.9550
vn 0.2325 -0.2603 0.9371
vn 0.2375 -0.2638 0.9349
vn 0.0945 -0.2603 0.9609
vn -0.0423 -0.9424 -0.3318
vn -0.0151 -0.9488 -0.3154
vn -0.1361 -0.9418 -0.3073
vn -0.1273 -0.9490 -0.2883
vn -0.1037 -0.9422 -0.3187
vn -0.0788 -0.9488 -0.3060
vn -0.0614 -0.9489 -0.3097
vn -0.0722 -0.9420 -0.3278
vn 0.0930 0.9488 0.3018
vn 0.0762 0.9488 0.3065
vn 0.1192 0.9423 0.3129
vn -0.0462 -0.9488 -0.3124
vn 0.0630 0.9488 0.3094
vn -0.0306 -0.9488 -0.3143
vn 0.0460 0.9489 0.3122
vn 0.0311 0.9489 0.3141
vn 0.0152 0.9488 0.3155
vn 0.0609 0.9488 0.3099
vn -0.1534 -0.9488 -0.2759
vn -0.1625 -0.9488 -0.2709
vn -0.1485 -0.9489 -0.2786
vn -0.1006 -0.9488 -0.2995
vn -0.0787 -0.9488 -0.3060
vn -0.1000 -0.9489 -0.2993
vn 0.3092 -0.2639 0.9136
vn 0.2762 -0.2630 0.9244
vn -0.1197 -0.9488 -0.2923
vn 0.3662 -0.2618 0.8929
vn 0.3673 -0.2614 0.8926
vn 0.4115 -0.2607 0.8733
vn 0.4121 -0.2608 0.8730
vn 0.1541 0.9486 0.2764
vn -0.1349 -0.9489 -0.2854
vn -0.1752 -0.9490 -0.2623
vn 0.1752 0.9489 0.2624
vn 0.1536 0.9490 0.2753
vn 0.1058 0.9489 0.2973
vn 0.0912 0.9488 0.3024
vn 0.1480 0.9488 0.2790
vn 0.1628 0.9487 0.2710
vn -0.1134 -0.3515 -0.9293
vn -0.2781 -0.3558 -0.8922
vn -0.2785 -0.3493 -0.8947
vn -0.8986 -0.3567 -0.2554
vn -0.8476 -0.3579 -0.3917
vn -0.8778 -0.3543 -0.3222
vn -0.5303 -0.7649 -0.3657
vn -0.5031 -0.7634 -0.4050
vn -0.4467 -0.7643 -0.4650
vn -0.6520 -0.3508 -0.6722
vn -0.7095 -0.3506 -0.6113
vn -0.7727 -0.3618 -0.5216
vn -0.9088 -0.3571 -0.2157
vn -0.8559 -0.2855 -0.4311
vn -0.7770 -0.3575 -0.5182
vn -0.9202 -0.3582 -0.1579
vn -0.0886 -0.3560 -0.9303
vn -0.5173 -0.3609 -0.7759
vn -0.4134 -0.3562 -0.8380
vn 0.2466 0.3569 0.9010
vn 0.3665 0.3559 0.8596
vn 0.3683 0.3621 0.8563
vn 0.2478 0.7625 0.5977
vn 0.2949 0.7624 0.5761
vn 0.5066 0.3533 0.7865
vn 0.5030 0.3561 0.7875
vn 0.6320 0.2334 0.7390
vn 0.6430 0.3506 0.6809
vn 0.1102 0.8281 0.5496
vn 0.1778 0.7603 0.6248
vn 0.1256 0.3547 0.9265
vn 0.1022 0.3574 0.9284
vn -0.0129 0.3507 0.9364
vn 0.3620 0.7623 0.5365
vn 0.3464 0.7661 0.5414
vn -0.4211 -0.2891 -0.8597
vn -0.6489 -0.3749 -0.6621
vn -0.5672 -0.3579 -0.7417
vn -0.4998 -0.0954 -0.8609
vn -0.6126 -0.0847 -0.7859
vn -0.5816 -0.1023 -0.8070
vn 0.4617 0.0918 0.8823
vn 0.3390 0.0792 0.9374
vn 0.2719 0.1015 0.9570
vn 0.1717 0.0970 0.9804
vn -0.2209 -0.0794 -0.9721
vn -0.2580 -0.0919 -0.9618
vn -0.1975 -0.1042 -0.9747
vn -0.9124 -0.2684 -0.3089
vn 0.6795 0.3574 0.6408
vn 0.7648 0.2283 0.6025
vn -0.8896 -0.0939 -0.4470
vn -0.9265 -0.0899 -0.3653
vn 0.6818 0.0944 0.7255
vn 0.5743 0.1043 0.8120
vn -0.7690 -0.1052 -0.6305
vn -0.7895 -0.1033 -0.6051
vn -0.7862 -0.1045 -0.6090
vn 0.5171 0.2308 0.8242
vn 0.3945 0.1019 0.9132
vn -0.3026 -0.2759 -0.9123
vn 0.0709 0.0922 0.9932
vn 0.1069 0.0992 0.9893
vn 0.5836 0.7622 0.2799
vn 0.6055 0.7648 0.2200
vn 0.5609 0.7654 0.3156
vn 0.4165 0.8663 0.2758
vn 0.5111 0.7649 0.3922
vn 0.6316 0.7620 0.1426
vn 0.6425 0.7612 0.0881
vn 0.6413 0.7644 0.0660
vn 0.4522 0.8067 0.3804
vn 0.4430 0.7655 0.4666
vn 0.9948 0.0854 0.0548
vn 0.9688 0.0990 0.2273
vn 0.9952 0.0975 -0.0096
vn 0.8391 0.2145 0.4999
vn 0.8592 0.3562 0.3673
vn 0.8589 0.3581 0.3661
vn 0.7433 0.3516 0.5691
vn 0.9091 0.3588 0.2115
vn 0.9085 0.3605 0.2116
vn -0.9852 -0.0684 -0.1572
vn -0.9895 -0.0793 -0.1205
vn -0.3633 -0.0608 -0.9297
vn -0.5476 -0.0702 -0.8338
vn -0.4723 -0.0919 -0.8766
vn 0.0690 0.0619 0.9957
vn 0.5153 0.0613 0.8548
vn -0.9771 -0.1001 -0.1879
vn 0.9754 0.0714 0.2087
vn 0.9470 0.0985 0.3057
vn 0.9774 0.0951 0.1886
vn 0.6465 0.0689 0.7598
vn 0.5731 0.0777 0.8158
vn 0.8040 0.0834 0.5888
vn 0.7682 0.0640 0.6370
vn -0.7133 -0.0860 -0.6956
vn -0.8064 -0.0753 -0.5865
vn 0.8612 0.0647 0.5041
vn 0.8887 0.0889 0.4497
vn -0.3433 -0.0469 -0.9380
vn 0.9954 0.0631 0.0728
vn 0.9357 0.0814 0.3432
vn 0.9271 0.0576 0.3704
vn 0.9707 0.0535 0.2344
vn -0.8985 -0.0742 -0.4326
vn -0.7406 -0.0456 -0.6704
vn -0.7605 -0.0530 -0.6472
vn -0.6762 -0.0538 -0.7347
vn 0.8317 0.0482 0.5532
vn -0.0099 0.7646 0.6445
vn 0.3297 0.9422 0.0604
vn 0.3234 0.9419 0.0908
vn 0.3038 0.9490 0.0843
vn -0.3121 -0.9489 -0.0466
vn -0.3080 -0.9488 -0.0697
vn -0.3322 -0.9419 -0.0497
vn 0.2919 0.9421 0.1649
vn 0.2854 0.9488 0.1354
vn 0.2624 0.9489 0.1753
vn -0.2740 -0.9488 -0.1570
vn 0.2484 0.9489 0.1944
vn -0.2622 -0.9489 -0.1754
vn 0.2379 0.9489 0.2073
vn 0.2748 0.9489 0.1551
vn -0.2919 -0.9488 -0.1206
vn -0.3124 -0.9420 -0.1224
vn 0.2950 0.9489 0.1119
vn -0.3156 -0.9488 -0.0151
vn -0.3144 -0.9488 -0.0314
vn -0.3159 -0.9488 0.0009
vn -0.3098 -0.9488 -0.0610
vn -0.3064 -0.9488 -0.0768
vn 0.9551 -0.2604 0.1414
vn 0.9470 -0.2605 0.1878
vn 0.9372 -0.2601 0.2323
vn 0.9474 -0.2601 0.1865
vn 0.9367 -0.2605 0.2338
vn 0.9608 -0.2604 0.0952
vn -0.2857 -0.9488 -0.1347
vn -0.2788 -0.9487 -0.1490
vn 0.9245 -0.2602 0.2784
vn 0.9245 -0.2604 0.2785
vn 0.9097 -0.2606 0.3234
vn 0.9095 -0.2607 0.3238
vn 0.8926 -0.2604 0.3680
vn 0.8926 -0.2605 0.3680
vn 0.3154 0.9488 0.0157
vn 0.3022 0.9489 0.0914
vn 0.3067 0.9488 0.0759
vn 0.3143 0.9488 0.0312
vn 0.3127 0.9487 0.0461
vn 0.2710 0.9487 0.1628
vn 0.2790 0.9488 0.1481
vn 0.2918 0.9488 0.1207
vn 0.2976 0.9488 0.1054
vn 0.2852 0.9490 0.1344
vn -0.2708 -0.9488 -0.1627
vn -0.2978 -0.9488 -0.1058
vn -0.3023 -0.9489 -0.0908
vn -0.3207 -0.9422 -0.0976
vn -0.1881 -0.9488 -0.2539
vn -0.2021 -0.9487 -0.2433
vn -0.2120 -0.9489 -0.2337
vn -0.2437 -0.9488 -0.2007
vn -0.2292 -0.9490 -0.2164
vn -0.2333 -0.9488 -0.2130
vn -0.2541 -0.9487 -0.1879
vn -0.2185 -0.9486 -0.2288
vn 0.7064 -0.2590 0.6587
vn 0.6687 -0.2608 0.6963
vn 0.7124 -0.2619 0.6510
vn -0.1751 -0.9488 -0.2628
vn 0.4966 -0.2599 0.8282
vn 0.4955 -0.2602 0.8287
vn 0.5351 -0.2607 0.8036
vn 0.6126 -0.2603 0.7463
vn 0.5754 -0.2607 0.7752
vn 0.6150 -0.2635 0.7432
vn 0.5368 -0.2604 0.8025
vn 0.2175 0.9488 0.2290
vn 0.2004 0.9488 0.2441
vn 0.2138 0.9487 0.2327
vn 0.1879 0.9488 0.2541
vn 0.2533 0.9489 0.1881
vn 0.2309 0.9487 0.2162
vn 0.1755 0.9488 0.2626
vn -0.2628 -0.9488 -0.1752
vn 0.7752 -0.2602 0.5756
vn 0.7757 -0.2601 0.5750
vn 0.7457 -0.2598 0.6136
vn 0.8026 -0.2602 0.5368
vn 0.2626 0.9488 0.1754
vn 0.2444 0.9489 0.1998
vn 0.6515 -0.2607 0.7124
vn 0.4548 -0.2603 0.8517
vn 0.0477 -0.2604 0.9643
vn 0.0465 -0.2600 0.9645
vn 0.0948 -0.2603 0.9609
vn -0.3459 -0.0433 -0.9373
vn -0.3170 -0.0587 -0.9466
vn -0.7321 -0.0448 -0.6797
vn 0.2016 0.0701 0.9770
vn 0.0830 0.0457 0.9955
vn 0.9950 0.0486 0.0872
vn 0.9128 0.0410 0.4064
vn 0.9691 0.0434 0.2427
vn -0.9416 -0.0538 -0.3324
vn -0.8765 -0.0224 -0.4809
vn -0.9150 -0.0366 -0.4019
vn -0.8090 -0.0372 -0.5867
vn -0.4976 -0.0289 -0.8669
vn -0.5874 -0.0364 -0.8085
vn 0.5513 0.0440 0.8331
vn 0.4220 0.0317 0.9061
vn 0.3989 0.0530 0.9154
vn 0.2337 0.0402 0.9715
vn 0.9954 0.0321 0.0907
vn 0.9698 0.0276 0.2423
vn 0.7032 0.0259 0.7106
vn 0.8144 0.0347 0.5793
vn 0.7101 0.0585 0.7016
vn -0.4160 -0.0293 -0.9089
vn -0.4598 -0.0185 -0.8878
vn -0.8761 -0.0213 -0.4817
vn 0.2611 0.0211 0.9651
vn 0.0748 0.0047 0.9972
vn 0.0691 0.0252 0.9973
vn 0.9963 0.0135 0.0845
vn 0.8996 0.0215 0.4363
vn 0.9679 0.0100 0.2512
vn 0.7088 0.0052 0.7054
vn 0.5943 0.0187 0.8040
vn -0.9034 -0.0064 -0.4288
vn 0.4365 -0.0043 0.8997
vn 0.4518 0.0115 0.8921
vn 0.3463 -0.0006 0.9381
vn 0.8979 0.0036 0.4403
vn 0.8042 0.0160 0.5941
vn 0.9951 -0.0004 0.0985
vn 0.9662 -0.0069 0.2576
vn 0.6130 -0.0015 0.7901
vn 0.5795 0.0360 0.8142
vn -0.8912 0.0008 -0.4535
vn -0.9010 0.0099 -0.4337
vn -0.4304 0.0090 -0.9026
vn -0.4410 0.0007 -0.8975
vn -0.4199 -0.0064 -0.9076
vn 0.7741 -0.0086 0.6330
vn -0.4543 0.0262 -0.8905
vn -0.4612 0.0194 -0.8871
vn -0.8851 0.0187 -0.4650
vn -0.8915 0.0265 -0.4523
vn -0.8620 0.0244 -0.5063
vn 0.9653 -0.0227 0.2602
vn 0.9001 -0.0189 0.4352
vn 0.2407 -0.0304 0.9701
vn 0.0723 -0.0180 0.9972
vn 0.1944 -0.0077 0.9809
vn 0.5662 -0.0250 0.8239
vn 0.4493 -0.0187 0.8932
vn 0.6261 -0.0134 0.7796
vn 0.9950 -0.0196 0.0979
vn 0.8001 -0.0215 0.5994
vn -0.5248 0.0338 -0.8506
vn -0.5923 0.0311 -0.8051
vn 0.0916 -0.0387 0.9950
vn -0.3416 0.0473 -0.9386
vn 0.3939 -0.0506 0.9178
vn 0.2397 -0.0405 0.9700
vn 0.9974 -0.0277 0.0670
vn 0.9702 -0.0371 0.2393
vn 0.9117 -0.0462 0.4082
vn 0.8199 -0.0371 0.5714
vn 0.7121 -0.0348 0.7012
vn 0.5512 -0.0443 0.8332
vn -0.9794 0.0441 -0.1969
vn -0.7183 0.0448 -0.6943
vn -0.8053 0.0282 -0.5922
vn -0.5887 0.0482 -0.8069
vn -0.7179 0.0431 -0.6949
vn -0.3352 0.0493 -0.9409
vn 0.1945 -0.0670 0.9786
vn 0.0731 -0.0601 0.9955
vn 0.5239 -0.0563 0.8499
vn 0.9949 -0.0502 0.0869
vn 0.9221 -0.0526 0.3834
vn 0.9771 -0.0675 0.2016
vn 0.6543 -0.0593 0.7539
vn 0.9643 -0.2603 0.0478
vn 0.9643 -0.2605 0.0472
vn 0.9608 -0.2603 0.0956
vn -0.3248 0.0457 0.9447
vn -0.2865 0.0672 0.9557
vn -0.9487 0.0572 0.3109
vn -0.9215 0.0585 0.3839
vn -0.7148 0.0567 0.6970
vn -0.8267 0.0677 0.5586
vn -0.7046 0.0814 0.7049
vn 0.6335 -0.0621 -0.7712
vn 0.9387 -0.0762 -0.3361
vn 0.5113 -0.0584 -0.8574
vn 0.3477 -0.0792 -0.9342
vn -0.5597 0.0686 0.8258
vn 0.7665 -0.0640 -0.6390
vn 0.8550 -0.0643 -0.5147
vn 0.0527 -0.0836 -0.9951
vn -0.3438 0.0875 0.9350
vn -0.1308 0.0849 0.9878
vn -0.3671 0.0559 0.9285
vn 0.1879 -0.0921 -0.9779
vn 0.4579 -0.0864 -0.8848
vn 0.2987 -0.0927 -0.9498
vn -0.5723 0.0891 0.8152
vn -0.7749 0.0969 0.6246
vn -0.8672 0.0856 0.4906
vn 0.8039 -0.0785 -0.5895
vn 0.5894 -0.0808 -0.8038
vn 0.7059 -0.0689 -0.7049
vn 0.8902 -0.0876 -0.4471
vn 0.9783 -0.0887 -0.1873
vn 0.6680 -0.0951 -0.7381
vn 0.9476 -0.0972 -0.3042
vn -0.9713 0.0776 0.2250
vn -0.9615 0.0909 0.2595
vn 0.1091 -0.1014 -0.9889
vn 0.4457 -0.0971 -0.8899
vn -0.8570 0.1002 0.5055
vn -0.8640 0.1039 0.4926
vn -0.7215 0.1030 0.6847
vn 0.7475 -0.0961 -0.6573
vn 0.8547 -0.1006 -0.5092
vn 0.7480 -0.1068 -0.6550
vn 0.6125 -0.0992 -0.7842
vn 0.5630 -0.0979 -0.8206
vn -0.9743 0.1017 0.2008
vn -0.9754 0.1025 0.1950
vn -0.9107 0.1060 0.3993
vn -0.6053 0.0994 0.7897
vn -0.2994 0.0994 0.9489
vn -0.4733 0.0997 0.8753
vn 0.8159 -0.0965 -0.5701
vn 0.1624 -0.4566 -0.8748
vn 0.3300 -0.4615 -0.8235
vn 0.2598 -0.4045 -0.8769
vn 0.1014 -0.4067 -0.9079
vn -0.0099 -0.4627 -0.8865
vn 0.1114 -0.5851 -0.8033
vn 0.2284 -0.5813 -0.7809
vn 0.4737 -0.4582 -0.7521
vn 0.4072 -0.4074 -0.8174
vn 0.5916 -0.5192 -0.6169
vn 0.4632 -0.5851 -0.6657
vn -0.4534 0.4583 0.7644
vn -0.3414 0.4509 0.8247
vn -0.4296 0.3921 0.8135
vn -0.2153 0.4520 0.8657
vn -0.1063 0.3979 0.9112
vn -0.2843 0.3921 0.8749
vn -0.2887 0.5181 0.8052
vn -0.1500 0.5153 0.8438
vn 0.7886 -0.4045 -0.4631
vn 0.6906 -0.4021 -0.6012
vn 0.7567 -0.3619 -0.5444
vn 0.5669 -0.4597 -0.6836
vn 0.5593 -0.4045 -0.7236
vn 0.6578 -0.4587 -0.5974
vn -0.8205 0.3965 0.4118
vn -0.7061 0.4457 0.5503
vn -0.6826 0.3921 0.6167
vn -0.9130 0.3984 0.0873
vn -0.8640 0.4583 0.2086
vn -0.8722 0.4039 0.2761
vn -0.7886 0.3901 0.4753
vn -0.8290 0.4491 0.3333
vn -0.5335 0.5087 0.6757
vn -0.6175 0.4171 0.6668
vn -0.6897 0.5126 0.5114
vn -0.6227 0.5123 0.5915
vn -0.4002 0.5132 0.7592
vn -0.7697 0.4634 0.4391
vn 0.9898 -0.0968 -0.1047
vn 0.9404 -0.0958 -0.3263
vn 0.6314 -0.5795 -0.5153
vn 0.5537 -0.5850 -0.5926
vn 0.7689 -0.4637 -0.4402
vn 0.8061 -0.5166 -0.2886
vn 0.8696 -0.4591 -0.1816
vn 0.8247 -0.4609 -0.3277
vn 0.8855 -0.4631 -0.0385
vn 0.9084 -0.4079 -0.0917
vn 0.7496 -0.5186 -0.4112
vn 0.7381 -0.5795 -0.3455
vn -0.8853 0.4612 0.0604
vn -0.8457 0.5086 0.1616
vn 0.8044 -0.5828 -0.1152
vn -0.8120 0.5101 0.2837
vn 0.2805 -0.1043 -0.9542
vn 0.6799 -0.5236 -0.5133
vn 0.0338 -0.6407 -0.7671
vn 0.0399 -0.6408 -0.7666
vn 0.1154 -0.6405 -0.7592
vn 0.1522 -0.6404 -0.7528
vn 0.1440 -0.6414 -0.7536
vn -0.0800 0.6407 0.7636
vn -0.0328 0.6408 0.7670
vn -0.0475 0.6411 0.7660
vn -0.1513 0.6404 0.7530
vn -0.1109 0.6407 0.7597
vn -0.1324 0.6405 0.7564
vn 0.1879 -0.6407 -0.7445
vn 0.2235 -0.6407 -0.7345
vn 0.1886 -0.6410 -0.7440
vn 0.1515 -0.6407 -0.7527
vn 0.0748 -0.6407 -0.7641
vn 0.0877 -0.6410 -0.7625
vn 0.3283 -0.6407 -0.6941
vn 0.2943 -0.6406 -0.7092
vn 0.3282 -0.6406 -0.6942
vn 0.4270 -0.6406 -0.6382
vn 0.3950 -0.6407 -0.6584
vn 0.3950 -0.6406 -0.6585
vn 0.3618 -0.6407 -0.6772
vn 0.4566 -0.6407 -0.6172
vn 0.4261 -0.6404 -0.6389
vn 0.4571 -0.6406 -0.6170
vn 0.2330 -0.6396 -0.7326
vn 0.3028 -0.6408 -0.7055
vn 0.2917 -0.6405 -0.7104
vn 0.2369 -0.6410 -0.7301
vn -0.1185 0.6410 0.7584
vn -0.2314 0.6409 0.7319
vn -0.1747 0.6408 0.7476
vn -0.1868 0.6405 0.7449
vn 0.1876 -0.6421 -0.7433
vn 0.3353 -0.6410 -0.6904
vn 0.2868 -0.6409 -0.7120
vn -0.4015 0.6413 0.6539
vn -0.4541 0.6412 0.6186
vn -0.3665 0.6421 0.6733
vn 0.5305 -0.6428 -0.5526
vn 0.4645 -0.6405 -0.6115
vn 0.4920 -0.6416 -0.5884
vn 0.4399 -0.6396 -0.6304
vn 0.4046 -0.6401 -0.6531
vn -0.2989 0.6405 0.7074
vn -0.2471 0.6409 0.7268
vn 0.3294 -0.6410 -0.6933
vn 0.3825 -0.6408 -0.6657
vn -0.2562 0.4908 0.8328
vn 0.4667 -0.6404 -0.6100
vn 0.5849 -0.6419 -0.4958
vn 0.6417 -0.6414 -0.4205
vn 0.6851 -0.5781 -0.4431
vn 0.5204 -0.6405 -0.5647
vn 0.3575 -0.6416 -0.6786
vn 0.3869 -0.6411 -0.6628
vn 0.7170 -0.6400 -0.2763
vn 0.7835 -0.5803 -0.2223
vn -0.6759 0.6393 0.3666
vn -0.4864 0.6403 0.5945
vn -0.5794 0.6402 0.5044
vn -0.5423 0.6412 0.5429
vn -0.5280 0.6419 0.5561
vn -0.5038 0.6380 0.5823
vn -0.5281 0.6398 0.5584
vn -0.7569 0.6410 0.1274
vn -0.1245 0.6407 0.7576
vn 0.2619 -0.6408 -0.7217
vn 0.2398 -0.6407 -0.7294
vn 0.3614 -0.6405 -0.6776
vn 0.2941 -0.6409 -0.7090
vn -0.2858 0.6404 0.7129
vn -0.2288 0.6414 0.7323
vn -0.4109 0.6436 0.6457
vn -0.4081 0.6405 0.6505
vn -0.3724 0.6403 0.6718
vn -0.3309 0.6408 0.6928
vn -0.3958 0.6409 0.6577
vn -0.3600 0.6404 0.6785
vn -0.2569 0.6408 0.7234
vn -0.1857 0.6410 0.7447
vn 0.6223 -0.6410 -0.4493
vn 0.6681 -0.6396 -0.3803
vn 0.6893 -0.6395 -0.3404
vn 0.7582 -0.6407 -0.1210
vn 0.7482 -0.6412 -0.1703
vn 0.6278 -0.6403 -0.4426
vn 0.6448 -0.6409 -0.4165
vn 0.5988 -0.6411 -0.4801
vn 0.6659 -0.6406 -0.3824
vn 0.7015 -0.6404 -0.3127
vn -0.7675 0.6408 0.0174
vn -0.7654 0.6404 0.0643
vn 0.7673 -0.6412 -0.0042
vn 0.7650 -0.6403 -0.0694
vn 0.7648 -0.6409 -0.0654
vn -0.7436 0.6423 0.1857
vn -0.7084 0.6410 0.2954
vn -0.7575 0.6413 0.1222
vn 0.4980 -0.6404 -0.5848
vn 0.4859 -0.6407 -0.5945
vn -0.5527 0.6409 0.5326
vn -0.4978 0.6405 0.5847
vn -0.6099 0.6416 0.4651
vn -0.4418 0.6407 0.6279
vn -0.4566 0.6404 0.6176
vn -0.4260 0.6406 0.6388
vn 0.5916 -0.6404 -0.4898
vn 0.5703 -0.6421 -0.5123
vn 0.5528 -0.6412 -0.5322
vn 0.6391 -0.6405 -0.4258
vn 0.6164 -0.6406 -0.4579
vn 0.5414 -0.6403 -0.5449
vn 0.5166 -0.6409 -0.5678
vn -0.6368 0.6427 0.4259
vn -0.6477 0.6405 0.4126
vn -0.6177 0.6408 0.4559
vn 0.3968 -0.6403 -0.6577
vn -0.6250 0.6404 0.4464
vn -0.6630 0.6422 0.3848
vn 0.6785 -0.6407 -0.3593
vn 0.6978 -0.6424 -0.3168
vn -0.7282 0.6444 0.2334
vn -0.7143 0.6412 0.2806
vn -0.6924 0.6404 0.3324
vn -0.6654 0.6409 0.3827
vn 0.7108 -0.6410 -0.2894
vn 0.7267 -0.6409 -0.2472
vn 0.7433 -0.6403 -0.1935
vn 0.7528 -0.6406 -0.1514
vn 0.7598 -0.6406 -0.1113
vn -0.7009 0.6409 0.3131
vn -0.7528 0.6405 0.1519
vn -0.7440 0.6409 0.1892
vn -0.7640 0.6406 0.0773
vn 0.7277 -0.6401 -0.2464
vn -0.6609 0.6417 0.3892
vn 0.4423 -0.6412 -0.6270
vn -0.3325 0.6374 0.6951
vn 0.6593 -0.6407 -0.3935
vn 0.6379 -0.6407 -0.4273
vn 0.7437 -0.6412 -0.1891
vn 0.7285 -0.6411 -0.2412
vn 0.7099 -0.6408 -0.2922
vn 0.7594 -0.6407 -0.1132
vn 0.7529 -0.6407 -0.1504
vn 0.7667 -0.6406 -0.0420
vn 0.7640 -0.6406 -0.0770
vn -0.7350 0.5101 0.4467
vn 0.0365 -0.6498 -0.7592
vn 0.0747 -0.6497 -0.7565
vn 0.0742 -0.6460 -0.7597
vn 0.0376 -0.6497 -0.7592
vn 0.1492 -0.6463 -0.7483
vn 0.1117 -0.6497 -0.7519
vn 0.1482 -0.6498 -0.7455
vn 0.1849 -0.6499 -0.7372
vn -0.1486 0.6499 0.7454
vn -0.1863 0.6454 0.7408
vn -0.1844 0.6498 0.7374
vn 0.1847 -0.6498 -0.7373
vn 0.2209 -0.6497 -0.7274
vn 0.2555 -0.6496 -0.7160
vn 0.2199 -0.6494 -0.7279
vn 0.2908 -0.6499 -0.7022
vn 0.2564 -0.6497 -0.7156
vn 0.0374 -0.6497 -0.7593
vn 0.0740 -0.6499 -0.7564
vn -0.0926 0.6496 0.7546
vn -0.0750 0.6498 0.7564
vn -0.0742 0.6499 0.7564
vn -0.0366 0.6498 0.7592
vn -0.0756 0.6453 0.7602
vn -0.0372 0.6454 0.7629
vn -0.1482 0.6498 0.7455
vn -0.1100 0.6497 0.7522
vn -0.1118 0.6498 0.7518
vn -0.1478 0.6498 0.7456
vn 0.0346 0.6876 -0.7253
vn 0.0359 0.6878 -0.7250
vn 0.0706 0.6879 -0.7223
vn -0.1106 0.6495 0.7522
vn 0.0884 0.6875 -0.7208
vn 0.1058 0.6880 -0.7180
vn -0.0911 0.6495 0.7549
vn -0.0870 0.6500 0.7549
vn -0.0914 0.6498 0.7546
vn -0.0920 0.6497 0.7546
vn 0.0719 0.6876 -0.7225
vn -0.0007 0.6875 -0.7262
vn 0.2201 -0.6499 -0.7275
vn 0.2557 -0.6499 -0.7158
vn 0.2210 -0.6500 -0.7271
vn -0.2559 0.6498 0.7157
vn -0.2206 0.6498 0.7274
vn -0.2208 0.6499 0.7273
vn -0.1837 0.6499 0.7375
vn 0.3248 -0.6498 -0.6872
vn 0.2909 -0.6497 -0.7023
vn 0.2562 -0.6498 -0.7156
vn -0.2910 0.6499 0.7022
vn -0.2909 0.6498 0.7022
vn -0.2561 0.6498 0.7156
vn -0.2551 0.6498 0.7160
vn -0.2194 0.6500 0.7276
vn 0.1756 0.6875 -0.7046
vn 0.1414 0.6877 -0.7121
vn 0.1410 0.6879 -0.7120
vn 0.2437 0.6878 -0.6838
vn 0.2101 0.6876 -0.6950
vn 0.2094 0.6875 -0.6954
vn 0.2770 0.6879 -0.6709
vn 0.2441 0.6878 -0.6837
vn 0.1485 -0.6498 -0.7455
vn 0.1053 0.6881 -0.7179
vn 0.3581 -0.6498 -0.6704
vn 0.3905 -0.6498 -0.6521
vn 0.3908 -0.6496 -0.6521
vn 0.3581 -0.6499 -0.6704
vn 0.2904 -0.6498 -0.7025
vn -0.3584 0.6498 0.6703
vn -0.3248 0.6498 0.6872
vn -0.3249 0.6498 0.6872
vn 0.4220 -0.6498 -0.6322
vn 0.4224 -0.6499 -0.6319
vn 0.4527 -0.6498 -0.6107
vn 0.3586 -0.6498 -0.6702
vn 0.3909 -0.6498 -0.6519
vn 0.4219 -0.6498 -0.6323
vn -0.4222 0.6498 0.6321
vn -0.4225 0.6499 0.6318
vn -0.3907 0.6498 0.6520
vn 0.3731 0.6878 -0.6226
vn 0.4034 0.6878 -0.6035
vn 0.4027 0.6876 -0.6042
vn 0.3731 0.6878 -0.6227
vn 0.4524 -0.6498 -0.6108
vn 0.4323 0.6878 -0.5831
vn -0.4531 0.6498 0.6103
vn 0.2772 0.6877 -0.6710
vn 0.1116 -0.6444 -0.7565
vn 0.1126 -0.6407 -0.7595
vn -0.0745 0.6406 0.7643
vn -0.0376 0.6406 0.7670
vn 0.0356 -0.6445 -0.7637
vn 0.0745 -0.6406 -0.7642
vn 0.1502 -0.6408 -0.7529
vn 0.1871 -0.6406 -0.7447
vn 0.2221 -0.6438 -0.7323
vn 0.2221 -0.6407 -0.7350
vn -0.1490 0.6407 0.7532
vn -0.1124 0.6407 0.7595
vn -0.1864 0.6406 0.7449
vn 0.2225 -0.6406 -0.7349
vn 0.2582 -0.6406 -0.7232
vn -0.2227 0.6406 0.7349
vn -0.2934 0.6407 0.7095
vn -0.2584 0.6407 0.7230
vn -0.2941 0.6406 0.7093
vn -0.1491 0.6408 0.7531
vn -0.2222 0.6407 0.7350
vn -0.1858 0.6408 0.7449
vn -0.1124 0.6454 0.7555
vn -0.2224 0.6412 0.7345
vn -0.1491 0.6453 0.7492
vn 0.1852 -0.6453 -0.7411
vn 0.2585 -0.6407 -0.7230
vn 0.2942 -0.6407 -0.7092
vn -0.3288 0.6406 0.6940
vn -0.3615 0.6406 0.6775
vn -0.3277 0.6406 0.6944
vn -0.3949 0.6407 0.6584
vn 0.3289 -0.6408 -0.6937
vn 0.2941 -0.6407 -0.7092
vn -0.3285 0.6407 0.6939
vn -0.2941 0.6407 0.7092
vn -0.4269 0.6407 0.6382
vn 0.4261 -0.6407 -0.6387
vn 0.5153 -0.6407 -0.5692
vn 0.4864 -0.6407 -0.5941
vn 0.4871 -0.6407 -0.5935
vn -0.4873 0.6407 0.5934
vn -0.4579 0.6407 0.6163
vn 0.3940 -0.6407 -0.6590
vn -0.3944 0.6407 0.6588
vn -0.3620 0.6407 0.6771
vn -0.2584 0.6410 0.7227
vn -0.2225 0.6460 0.7302
vn 0.2932 -0.6453 -0.7054
vn 0.3266 -0.6456 -0.6903
vn -0.2928 0.6454 0.7054
vn -0.2585 0.6458 0.7184
vn -0.3263 0.6454 0.6906
vn 0.3590 -0.6453 -0.6743
vn -0.3573 0.6450 0.6756
vn -0.3945 0.6417 0.6577
vn -0.4275 0.6453 0.6331
vn -0.3911 0.6491 0.6524
vn 0.3581 -0.6497 -0.6706
vn 0.3248 -0.6499 -0.6871
vn -0.3582 0.6498 0.6704
vn 0.3927 -0.6447 -0.6559
vn -0.2584 0.6406 0.7230
vn -0.5423 0.6407 0.5436
vn -0.5155 0.6407 0.5691
vn -0.5140 0.6409 0.5702
vn -0.3580 0.6498 0.6705
vn -0.5427 0.6406 0.5433
vn -0.5155 0.6406 0.5691
vn 0.5930 -0.6410 -0.4873
vn 0.6168 -0.6406 -0.4573
vn 0.6167 -0.6406 -0.4575
vn -0.4218 0.6498 0.6324
vn -0.3904 0.6498 0.6522
vn 0.5104 -0.6498 -0.5633
vn 0.5370 -0.6498 -0.5379
vn 0.5127 -0.6456 -0.5660
vn -0.4547 0.6456 0.6136
vn -0.4826 0.6497 0.5874
vn -0.4524 0.6498 0.6108
vn 0.4850 -0.6443 -0.5913
vn -0.5409 0.6439 0.5412
vn -0.5118 0.6465 0.5658
vn -0.4848 0.6439 0.5919
vn 0.4574 -0.6407 -0.6166
vn 0.5396 -0.6454 -0.5406
vn 0.5422 -0.6406 -0.5437
vn 0.5644 -0.6446 -0.5157
vn -0.5690 0.6407 0.5156
vn -0.5653 0.6450 0.5141
vn 0.5888 -0.6481 -0.4830
vn 0.5374 -0.6498 -0.5376
vn 0.5629 -0.6498 -0.5108
vn 0.5870 -0.6498 -0.4829
vn 0.6100 -0.6497 -0.4536
vn 0.6319 -0.6498 -0.4225
vn 0.6153 -0.6449 -0.4534
vn 0.6349 -0.6452 -0.4250
vn -0.6352 0.6456 0.4240
vn -0.6107 0.6498 0.4526
vn -0.6104 0.6497 0.4531
vn 0.6521 -0.6497 -0.3907
vn 0.5150 -0.6408 -0.5693
vn 0.4248 -0.6453 -0.6349
vn -0.6382 0.6404 0.4273
vn 0.6586 -0.6407 -0.3948
vn 0.6768 -0.6405 -0.3630
vn 0.6583 -0.6406 -0.3952
vn -0.6755 0.6411 0.3643
vn -0.6588 0.6405 0.3946
vn -0.5938 0.6406 0.4868
vn -0.5934 0.6408 0.4871
vn 0.6942 -0.6407 -0.3280
vn 0.6939 -0.6406 -0.3289
vn 0.7234 -0.6407 -0.2572
vn 0.7094 -0.6407 -0.2937
vn -0.6945 0.6407 0.3274
vn -0.6945 0.6405 0.3277
vn -0.6776 0.6407 0.3611
vn -0.7098 0.6408 0.2923
vn -0.7233 0.6406 0.2580
vn -0.7094 0.6406 0.2939
vn -0.6770 0.6407 0.3623
vn -0.6379 0.6407 0.4274
vn -0.6164 0.6406 0.4579
vn -0.6164 0.6408 0.4577
vn -0.7449 0.6407 0.1860
vn -0.7352 0.6402 0.2227
vn 0.7448 -0.6406 -0.1869
vn 0.7356 -0.6404 -0.2208
vn 0.7350 -0.6405 -0.2224
vn 0.7641 -0.6406 -0.0757
vn -0.7450 0.6406 0.1857
vn -0.7353 0.6406 0.2212
vn -0.7594 0.6407 0.1131
vn -0.7531 0.6407 0.1497
vn 0.7231 -0.6406 -0.2583
vn 0.7232 -0.6406 -0.2579
vn 0.7326 -0.6435 -0.2219
vn 0.6941 -0.6406 -0.3284
vn 0.7530 -0.6406 -0.1504
vn 0.7449 -0.6405 -0.1868
vn -0.7640 0.6407 0.0762
vn -0.7595 0.6407 0.1128
vn 0.7602 -0.6453 -0.0752
vn 0.7594 -0.6406 -0.1134
vn 0.7559 -0.6450 -0.1121
vn 0.7628 -0.6454 -0.0395
vn -0.6740 0.6449 0.3602
vn -0.6549 0.6458 0.3925
vn -0.6583 0.6407 0.3952
vn -0.6901 0.6457 0.3268
vn 0.6560 -0.6447 -0.3926
vn 0.6747 -0.6451 -0.3587
vn 0.6771 -0.6406 -0.3623
vn 0.6872 -0.6497 -0.3250
vn 0.6908 -0.6452 -0.3263
vn 0.6705 -0.6497 -0.3582
vn 0.7278 -0.6492 -0.2209
vn 0.7183 -0.6461 -0.2583
vn -0.7071 0.6437 0.2925
vn -0.7160 0.6496 0.2556
vn -0.7026 0.6492 0.2913
vn -0.7194 0.6454 0.2568
vn -0.7308 0.6456 0.2219
vn -0.7373 0.6498 0.1846
vn -0.7275 0.6498 0.2203
vn -0.7495 0.6450 0.1492
vn 0.7413 -0.6453 -0.1845
vn 0.7488 -0.6458 -0.1491
vn 0.7377 -0.6495 -0.1844
vn -0.7603 0.6451 0.0755
vn -0.7627 0.6456 0.0391
vn -0.7667 0.6406 0.0418
vn -0.7406 0.6457 0.1860
vn -0.7455 0.6497 0.1487
vn -0.7565 0.6498 0.0738
vn -0.7554 0.6456 0.1122
vn -0.7348 0.6408 0.2223
vn 0.7640 -0.6452 -0.0025
vn -0.6939 0.6404 0.3293
vn 0.4532 -0.6498 -0.6102
vn -0.4527 0.6498 0.6106
vn -0.4820 0.6498 0.5877
vn 0.4823 -0.6498 -0.5875
vn 0.5105 -0.6498 -0.5631
vn -0.4820 0.6498 0.5878
vn -0.5107 0.6498 0.5630
vn -0.4823 0.6498 0.5875
vn 0.5374 -0.6498 -0.5375
vn 0.6318 -0.6497 -0.4227
vn -0.6519 0.6499 0.3908
vn -0.6704 0.6498 0.3582
vn -0.6520 0.6498 0.3907
vn -0.6320 0.6498 0.4223
vn -0.6320 0.6498 0.4224
vn 0.5131 0.6878 -0.5135
vn 0.5381 0.6876 -0.4876
vn 0.5128 0.6879 -0.5136
vn -0.5372 0.6498 0.5378
vn -0.5377 0.6498 0.5373
vn 0.5685 -0.6405 -0.5163
vn 0.5630 -0.6497 -0.5107
vn -0.5631 0.6498 0.5106
vn -0.5371 0.6497 0.5379
vn -0.5876 0.6498 0.4821
vn 0.5938 -0.6406 -0.4868
vn -0.6157 0.6436 0.4546
vn 0.7155 -0.6498 -0.2565
vn 0.7519 -0.6498 -0.1117
vn 0.7455 -0.6498 -0.1484
vn 0.7373 -0.6498 -0.1846
vn -0.7640 0.6452 0.0018
vn -0.7593 0.6497 0.0378
vn 0.7592 -0.6498 -0.0378
vn -0.7519 0.6498 0.1112
vn 0.7565 -0.6498 -0.0747
vn 0.6704 -0.6497 -0.3583
vn 0.6702 -0.6498 -0.3586
vn 0.6519 -0.6498 -0.3909
vn 0.6519 -0.6498 -0.3908
vn 0.6703 -0.6498 -0.3584
vn 0.6873 -0.6497 -0.3249
vn 0.7026 -0.6497 -0.2902
vn 0.7022 -0.6498 -0.2910
vn 0.5612 0.6878 -0.4604
vn 0.5381 0.6875 -0.4876
vn -0.6104 0.6498 0.4529
vn -0.6109 0.6497 0.4524
vn 0.6035 0.6877 -0.4035
vn 0.5829 0.6879 -0.4325
vn 0.5832 0.6881 -0.4318
vn -0.6519 0.6498 0.3909
vn -0.6318 0.6497 0.4226
vn 0.6225 0.6879 -0.3731
vn 0.6226 0.6879 -0.3731
vn 0.6399 0.6879 -0.3425
vn 0.6402 0.6878 -0.3423
vn 0.6566 0.6873 -0.3105
vn -0.7022 0.6499 0.2908
vn -0.6869 0.6498 0.3253
vn -0.6871 0.6498 0.3252
vn -0.7020 0.6502 0.2905
vn 0.6711 0.6877 -0.2769
vn 0.6569 0.6872 -0.3103
vn -0.7024 0.6498 0.2905
vn -0.7024 0.6497 0.2907
vn -0.6872 0.6498 0.3249
vn 0.7023 -0.6498 -0.2908
vn 0.6870 -0.6498 -0.3252
vn -0.7274 0.6498 0.2206
vn -0.7158 0.6498 0.2559
vn 0.7274 -0.6498 -0.2206
vn 0.7272 -0.6498 -0.2213
vn 0.7157 -0.6497 -0.2562
vn -0.7160 0.6499 0.2551
vn 0.7159 -0.6497 -0.2558
vn 0.7275 -0.6498 -0.2205
vn -0.7277 0.6497 0.2200
vn -0.7373 0.6498 0.1848
vn -0.7375 0.6498 0.1839
vn -0.7455 0.6498 0.1481
vn -0.7455 0.6498 0.1485
vn -0.7518 0.6498 0.1117
vn -0.7565 0.6497 0.0746
vn 0.7457 -0.6498 -0.1476
vn 0.7374 -0.6498 -0.1843
vn 0.7455 -0.6498 -0.1485
vn -0.7519 0.6498 0.1116
vn 0.7563 -0.6500 -0.0745
vn 0.7518 -0.6499 -0.1116
vn 0.7520 -0.6499 -0.1103
vn 0.7604 -0.6495 -0.0011
vn 0.7592 -0.6497 -0.0390
vn 0.6951 0.6876 -0.2098
vn 0.6838 0.6875 -0.2445
vn 0.6846 0.6870 -0.2437
vn 0.7041 0.6880 -0.1760
vn 0.6948 0.6877 -0.2107
vn 0.7041 0.6881 -0.1755
vn 0.7179 0.6880 -0.1068
vn 0.7180 0.6880 -0.1055
vn 0.7120 0.6878 -0.1416
vn 0.7222 0.6880 -0.0713
vn -0.7565 0.6497 0.0749
vn 0.7251 0.6877 -0.0361
vn 0.7248 0.6879 -0.0371
vn 0.7224 0.6879 -0.0707
vn 0.7260 0.6877 -0.0009
vn -0.5878 0.6497 0.4820
vn -0.5632 0.6498 0.5105
vn -0.5876 0.6498 0.4822
vn -0.0191 0.0613 -0.9979
vn -0.0284 0.0450 -0.9986
vn -0.3021 0.0599 -0.9514
vn -0.9440 0.0619 -0.3242
vn -0.9884 0.0822 -0.1277
vn -0.9860 0.0539 -0.1581
vn -0.7078 0.0569 -0.7042
vn -0.8400 0.0793 -0.5368
vn -0.7839 0.0660 -0.6174
vn 0.3447 -0.0792 0.9354
vn 0.9382 -0.0792 0.3369
vn 0.8524 -0.0650 0.5188
vn -0.4601 0.0642 -0.8855
vn 0.9950 -0.0658 0.0750
vn -0.1260 0.0814 -0.9887
vn -0.3556 0.0889 -0.9304
vn -0.7537 0.0832 -0.6519
vn 0.0590 -0.0842 0.9947
vn -0.5886 0.0867 -0.8038
vn 0.3843 -0.0900 0.9188
vn 0.1930 -0.0985 0.9762
vn 0.9945 -0.0841 0.0629
vn 0.7931 -0.0772 0.6042
vn 0.7079 -0.0782 0.7020
vn 0.7667 -0.0598 0.6392
vn 0.5859 -0.0804 0.8064
vn -0.9626 0.0914 -0.2552
vn -0.9624 0.0734 -0.2615
vn 0.4807 -0.0740 0.8737
vn 0.9787 -0.0962 0.1812
vn 0.8781 -0.0925 0.4695
vn -0.7988 0.0829 -0.5959
vn -0.7092 0.0864 -0.6997
vn -0.8395 0.0979 -0.5344
vn -0.1049 0.0997 -0.9895
vn 0.4554 -0.0916 0.8856
vn 0.2865 -0.0965 0.9532
vn -0.1760 0.1026 -0.9790
vn -0.3693 0.1175 -0.9219
vn -0.5224 0.1013 -0.8467
vn -0.9897 0.0995 -0.1034
vn 0.6733 -0.0959 0.7331
vn 0.5485 -0.1005 0.8301
vn -0.9021 0.1019 -0.4194
vn -0.8832 0.0931 -0.4597
vn 0.8115 -0.0973 0.5761
vn 0.7933 -0.0964 0.6011
vn -0.8449 0.1032 -0.5249
vn 0.9330 -0.0935 0.3476
vn 0.1117 -0.0981 0.9889
vn -0.0967 0.3987 -0.9120
vn -0.2104 0.4600 -0.8626
vn -0.2676 0.3955 -0.8786
vn -0.4226 0.3987 -0.8139
vn -0.7184 0.4587 -0.5229
vn -0.8373 0.3916 -0.3816
vn -0.7720 0.4058 -0.4893
vn -0.8732 0.4058 -0.2700
vn -0.8633 0.4575 -0.2129
vn -0.8754 0.3556 -0.3274
vn 0.7404 -0.4112 0.5317
vn 0.6041 -0.4624 0.6490
vn 0.5924 -0.4098 0.6936
vn -0.7979 0.4536 -0.3970
vn -0.3762 0.4605 -0.8040
vn -0.5118 0.4946 -0.7024
vn -0.5208 0.4594 -0.7195
vn -0.6036 0.5104 -0.6126
vn -0.6883 0.5168 -0.5091
vn -0.6304 0.4605 -0.6249
vn -0.6165 0.4027 -0.6766
vn 0.1667 -0.4580 0.8732
vn 0.0028 -0.4620 0.8869
vn 0.1052 -0.4081 0.9068
vn 0.3398 -0.4616 0.8194
vn 0.2639 -0.4052 0.8753
vn -0.1393 0.5100 -0.8488
vn -0.2708 0.5052 -0.8194
vn 0.2076 -0.5817 0.7864
vn 0.1295 -0.5828 0.8022
vn 0.0587 -0.5835 0.8100
vn 0.3664 -0.5752 0.7313
vn 0.2773 -0.5779 0.7676
vn 0.8593 -0.4598 0.2240
vn 0.8213 -0.4602 0.3372
vn 0.8585 -0.4055 0.3139
vn 0.8802 -0.4639 0.0998
vn 0.9088 -0.4027 0.1090
vn 0.8064 -0.5858 0.0810
vn 0.7680 -0.5808 0.2700
vn 0.7514 -0.5169 0.4101
vn 0.7766 -0.4651 0.4249
vn 0.6665 -0.5813 0.4668
vn 0.5899 -0.5827 0.5590
vn 0.6965 -0.4688 0.5432
vn 0.8141 -0.5806 -0.0118
vn 0.7949 -0.4019 0.4546
vn 0.7971 -0.5777 0.1760
vn 0.5840 -0.5218 0.6218
vn -0.4539 0.1114 -0.8841
vn 0.6478 -0.0981 0.7554
vn -0.6739 0.1008 -0.7319
vn 0.4885 -0.4639 0.7390
vn 0.4158 -0.4095 0.8121
vn -0.2879 0.4906 -0.8224
vn -0.2213 0.4795 -0.8492
vn -0.3452 0.5071 -0.7897
vn -0.2957 0.6400 -0.7092
vn -0.3491 0.6404 -0.6841
vn 0.7531 -0.6425 0.1418
vn 0.6695 -0.6421 0.3734
vn 0.6327 -0.6417 0.4335
vn 0.7321 -0.5783 0.3600
vn -0.7007 0.6394 -0.3166
vn -0.7907 0.5031 -0.3489
vn -0.8301 0.4744 -0.2931
vn -0.8238 0.4973 -0.2721
vn 0.4695 -0.6418 0.6063
vn 0.4311 -0.5821 0.6894
vn 0.5090 -0.5787 0.6372
vn 0.5924 -0.6409 0.4882
vn 0.5179 -0.6406 0.5669
vn 0.3855 -0.6425 0.6622
vn -0.4603 0.6410 -0.6142
vn -0.4094 0.6402 -0.6501
vn -0.6584 0.6405 -0.3952
vn -0.6648 0.6404 -0.3846
vn -0.6164 0.6408 -0.4576
vn -0.5070 0.6414 -0.5758
vn -0.5079 0.6409 -0.5756
vn -0.6441 0.4986 -0.5801
vn -0.6596 0.5065 -0.5554
vn -0.3880 0.6416 -0.6616
vn -0.5584 0.5262 -0.6414
vn -0.5761 0.4983 -0.6479
vn 0.2422 -0.6408 0.7285
vn 0.1717 -0.6412 0.7479
vn 0.3151 -0.6406 0.7003
vn 0.2967 -0.6419 0.7071
vn -0.1147 0.6410 -0.7589
vn -0.1792 0.6412 -0.7462
vn -0.2275 0.6406 -0.7334
vn -0.2393 0.6410 -0.7293
vn 0.1168 -0.6410 0.7586
vn 0.0586 -0.6410 0.7653
vn 0.2430 -0.6402 0.7287
vn 0.2064 -0.6399 0.7402
vn 0.2882 -0.6410 0.7114
vn -0.2803 0.6408 -0.7147
vn 0.3300 -0.6403 0.6936
vn 0.4539 -0.6410 0.6190
vn 0.5011 -0.6410 0.5813
vn 0.4364 -0.6422 0.6301
vn 0.3798 -0.6413 0.6667
vn -0.0359 0.6403 -0.7673
vn -0.0558 0.6406 -0.7658
vn 0.1543 -0.6405 0.7523
vn 0.0338 -0.6405 0.7672
vn -0.3821 0.6404 -0.6663
vn -0.4218 0.6408 -0.6415
vn -0.3417 0.6403 -0.6879
vn -0.2991 0.6406 -0.7072
vn -0.2249 0.6409 -0.7339
vn 0.2713 -0.6410 0.7180
vn 0.2074 -0.6415 0.7386
vn -0.2588 0.6409 -0.7227
vn -0.3285 0.6403 -0.6943
vn -0.3636 0.6409 -0.6760
vn -0.1858 0.6411 -0.7446
vn -0.0778 0.6409 -0.7637
vn -0.1289 0.6411 -0.7566
vn -0.7654 0.6419 -0.0456
vn -0.7525 0.6407 -0.1524
vn -0.7363 0.6423 -0.2129
vn -0.7360 0.6402 -0.2203
vn -0.7472 0.6405 -0.1774
vn 0.7554 -0.6414 0.1337
vn 0.7324 -0.6396 0.2333
vn 0.7425 -0.6414 0.1931
vn 0.6776 -0.6403 0.3617
vn 0.7014 -0.6414 0.3110
vn 0.7014 -0.6412 0.3113
vn -0.6951 0.6417 -0.3241
vn -0.7200 0.6421 -0.2634
vn 0.6553 -0.6405 0.4006
vn 0.6255 -0.6411 0.4447
vn 0.6214 -0.6415 0.4498
vn 0.5930 -0.6413 0.4869
vn 0.5532 -0.6405 0.5326
vn 0.5684 -0.6403 0.5167
vn -0.6109 0.6409 -0.4647
vn -0.6446 0.6402 -0.4179
vn -0.6817 0.6408 -0.3531
vn -0.7140 0.6406 -0.2826
vn -0.7554 0.6407 -0.1373
vn -0.7637 0.6408 -0.0783
vn -0.7616 0.6411 -0.0948
vn 0.7397 -0.6412 0.2042
vn 0.7224 -0.6408 0.2600
vn 0.7251 -0.6407 0.2525
vn 0.7057 -0.6412 0.3013
vn -0.7336 0.6413 -0.2247
vn 0.6806 -0.6402 0.3563
vn -0.7071 0.6410 -0.2985
vn -0.6849 0.6413 -0.3458
vn -0.7530 0.6404 -0.1513
vn -0.7444 0.6405 -0.1887
vn -0.5618 0.6410 -0.5230
vn -0.5756 0.6407 -0.5081
vn -0.5285 0.6409 -0.5567
vn -0.4844 0.6407 -0.5958
vn -0.5143 0.6405 -0.5703
vn -0.4525 0.6406 -0.6204
vn -0.5895 0.6401 -0.4927
vn 0.5238 -0.6404 0.5616
vn 0.4737 -0.6405 0.6044
vn 0.4260 -0.6413 0.6382
vn 0.4656 -0.6421 0.6091
vn 0.3792 -0.6410 0.6673
vn -0.5543 0.6407 -0.5313
vn -0.5158 0.6410 -0.5684
vn 0.4882 -0.6405 0.5928
vn 0.4568 -0.6406 0.6173
vn -0.4273 0.6405 -0.6381
vn -0.4575 0.6406 -0.6168
vn 0.6058 -0.6407 0.4717
vn 0.6462 -0.6408 0.4144
vn -0.6159 0.6407 -0.4584
vn -0.6363 0.6406 -0.4298
vn -0.5923 0.6412 -0.4879
vn -0.6583 0.6412 -0.3944
vn -0.6588 0.6403 -0.3950
vn -0.6380 0.6407 -0.4272
vn -0.5425 0.6405 -0.5436
vn -0.5686 0.6404 -0.5163
vn 0.5665 -0.6402 0.5189
vn 0.5676 -0.6414 0.5162
vn 0.5138 -0.6404 0.5709
vn 0.3803 -0.6407 0.6669
vn -0.5637 0.6408 -0.5211
vn 0.0753 -0.6406 0.7642
vn 0.1128 -0.6408 0.7594
vn -0.1473 0.6404 -0.7538
vn -0.0917 0.6411 -0.7619
vn -0.2237 0.6406 -0.7345
vn 0.2567 -0.6408 0.7235
vn 0.2583 -0.6407 0.7230
vn 0.2237 -0.6404 0.7348
vn 0.1874 -0.6405 0.7448
vn 0.1501 -0.6406 0.7530
vn 0.3304 -0.6409 0.6929
vn 0.2934 -0.6408 0.7095
vn 0.2951 -0.6404 0.7091
vn 0.3947 -0.6406 0.6587
vn 0.7589 -0.6410 0.1146
vn 0.7517 -0.6407 0.1564
vn 0.7640 -0.6405 0.0771
vn 0.7657 -0.6409 0.0544
vn -0.7672 0.6405 -0.0343
vn 0.7528 -0.6406 0.1512
vn 0.7094 -0.6407 0.2936
vn 0.6937 -0.6400 0.3304
vn 0.7232 -0.6410 0.2570
vn -0.7226 0.6406 -0.2598
vn -0.7344 0.6406 -0.2242
vn 0.7230 -0.6407 0.2586
vn 0.7670 -0.6406 0.0367
vn 0.7353 -0.6405 0.2213
vn 0.6943 -0.6407 0.3278
vn 0.6752 -0.6411 0.3647
vn 0.6587 -0.6404 0.3950
vn 0.6371 -0.6410 0.4280
vn 0.6170 -0.6405 0.4572
vn 0.5931 -0.6407 0.4876
vn -0.7599 0.5119 -0.4006
vn -0.4023 0.5113 -0.7594
vn -0.2937 0.6406 -0.7094
vn -0.5695 0.6407 -0.5149
vn -0.5170 0.6406 -0.5678
vn -0.4874 0.6407 -0.5933
vn -0.4577 0.6406 -0.6166
vn -0.0371 0.6410 -0.7666
vn -0.1155 0.6402 -0.7595
vn -0.0753 0.6410 -0.7639
vn 0.0752 -0.6406 0.7642
vn 0.0356 -0.6446 0.7637
vn 0.1129 -0.6406 0.7595
vn -0.1861 0.6408 -0.7448
vn -0.2581 0.6405 -0.7232
vn -0.1493 0.6407 -0.7531
vn 0.2237 -0.6406 0.7345
vn 0.1873 -0.6408 0.7445
vn -0.1855 0.6408 -0.7450
vn -0.2213 0.6407 -0.7352
vn -0.2226 0.6408 -0.7347
vn -0.2581 0.6408 -0.7231
vn 0.1134 -0.6407 0.7594
vn 0.0747 -0.6456 0.7600
vn -0.1127 0.6408 -0.7594
vn 0.1118 -0.6450 0.7560
vn 0.1506 -0.6408 0.7528
vn -0.0375 0.6453 -0.7630
vn -0.0763 0.6455 -0.7599
vn -0.1125 0.6456 -0.7553
vn -0.1485 0.6444 -0.7501
vn -0.1490 0.6498 -0.7453
vn -0.1864 0.6457 -0.7405
vn -0.3621 0.6407 -0.6771
vn 0.4253 -0.6406 0.6393
vn 0.3939 -0.6405 0.6592
vn 0.3618 -0.6404 0.6775
vn -0.3943 0.6406 -0.6588
vn -0.3949 0.6404 -0.6588
vn -0.3282 0.6407 -0.6941
vn 0.3271 -0.6407 0.6947
vn 0.2935 -0.6406 0.7096
vn 0.2585 -0.6406 0.7230
vn 0.3612 -0.6407 0.6775
vn -0.2937 0.6407 -0.7094
vn -0.3282 0.6408 -0.6940
vn 0.3284 -0.6407 0.6940
vn 0.4565 -0.6406 0.6174
vn 0.4573 -0.6407 0.6167
vn -0.4264 0.6408 -0.6384
vn -0.4260 0.6408 -0.6387
vn 0.4265 -0.6407 0.6384
vn -0.3617 0.6408 -0.6772
vn -0.5152 0.6407 -0.5692
vn -0.5433 0.6407 -0.5425
vn -0.4574 0.6407 -0.6166
vn -0.4245 0.6457 -0.6348
vn -0.3934 0.6446 -0.6555
vn -0.2578 0.6440 -0.7202
vn -0.2216 0.6462 -0.7303
vn 0.2933 -0.6450 0.7057
vn 0.2581 -0.6459 0.7185
vn 0.2221 -0.6451 0.7311
vn 0.2226 -0.6407 0.7348
vn 0.2212 -0.6498 0.7272
vn -0.2563 0.6499 -0.7155
vn -0.2930 0.6461 -0.7048
vn -0.3264 0.6452 -0.6908
vn -0.3591 0.6465 -0.6731
vn -0.3901 0.6498 -0.6523
vn -0.2908 0.6499 -0.7022
vn 0.3250 -0.6498 0.6872
vn 0.2909 -0.6498 0.7023
vn 0.3256 -0.6454 0.6909
vn -0.3247 0.6499 -0.6871
vn 0.3597 -0.6437 0.6755
vn 0.3581 -0.6494 0.6708
vn 0.3930 -0.6452 0.6552
vn -0.7448 0.6407 -0.1866
vn -0.7595 0.6407 -0.1127
vn -0.7593 0.6405 -0.1144
vn 0.7640 -0.6408 0.0758
vn -0.7228 0.6406 -0.2592
vn -0.7351 0.6405 -0.2221
vn -0.7529 0.6408 -0.1499
vn -0.7530 0.6406 -0.1504
vn -0.7348 0.6407 -0.2226
vn -0.7641 0.6407 -0.0753
vn -0.7668 0.6408 -0.0369
vn 0.6773 -0.6407 0.3615
vn 0.6587 -0.6407 0.3944
vn -0.6581 0.6406 -0.3955
vn 0.6386 -0.6407 0.4263
vn 0.6168 -0.6407 0.4573
vn 0.5686 -0.6407 0.5160
vn -0.6166 0.6406 -0.4576
vn -0.6378 0.6407 -0.4275
vn -0.5933 0.6406 -0.4874
vn -0.5938 0.6407 -0.4868
vn 0.7091 -0.6407 0.2946
vn 0.6942 -0.6407 0.3281
vn 0.7229 -0.6407 0.2588
vn 0.7094 -0.6407 0.2937
vn -0.7091 0.6406 -0.2946
vn -0.7091 0.6407 -0.2944
vn 0.6941 -0.6406 0.3284
vn 0.6769 -0.6407 0.3623
vn -0.7229 0.6407 -0.2585
vn -0.6582 0.6407 -0.3953
vn 0.6583 -0.6408 0.3951
vn -0.6770 0.6407 -0.3622
vn -0.6764 0.6405 -0.3636
vn -0.6940 0.6407 -0.3286
vn -0.6939 0.6405 -0.3292
vn -0.6352 0.6450 -0.4248
vn -0.7676 0.6408 0.0074
vn -0.7594 0.6408 -0.1122
vn 0.7601 -0.6455 0.0745
vn 0.7594 -0.6407 0.1134
vn 0.7448 -0.6407 0.1864
vn 0.7347 -0.6405 0.2233
vn 0.7446 -0.6406 0.1875
vn 0.7529 -0.6407 0.1508
vn 0.7629 -0.6454 0.0368
vn -0.7604 0.6450 -0.0756
vn -0.7627 0.6456 -0.0372
vn 0.7564 -0.6445 0.1121
vn 0.7485 -0.6460 0.1498
vn 0.7413 -0.6449 0.1859
vn -0.7554 0.6455 -0.1125
vn -0.7491 0.6455 -0.1492
vn 0.7518 -0.6499 0.1114
vn -0.7519 0.6498 -0.1118
vn -0.7372 0.6499 -0.1849
vn -0.7454 0.6498 -0.1486
vn -0.7406 0.6458 -0.1857
vn -0.6905 0.6452 -0.3269
vn -0.7060 0.6450 -0.2925
vn 0.7189 -0.6455 0.2579
vn 0.7349 -0.6407 0.2222
vn -0.7313 0.6450 -0.2219
vn -0.7191 0.6456 -0.2572
vn -0.6740 0.6449 -0.3603
vn -0.6549 0.6457 -0.3927
vn 0.6912 -0.6446 0.3267
vn 0.6730 -0.6460 0.3601
vn 0.6544 -0.6458 0.3935
vn -0.6705 0.6498 -0.3581
vn -0.6872 0.6497 -0.3250
vn 0.7305 -0.6458 0.2220
vn 0.7056 -0.6453 0.2927
vn 0.7023 -0.6497 0.2908
vn 0.6871 -0.6497 0.3253
vn -0.7023 0.6498 -0.2909
vn 0.6871 -0.6498 0.3250
vn 0.6702 -0.6499 0.3585
vn -0.7446 0.6408 -0.1872
vn 0.5429 -0.6409 0.5426
vn 0.5157 -0.6407 0.5688
vn 0.5426 -0.6408 0.5432
vn 0.5931 -0.6406 0.4876
vn -0.5691 0.6407 -0.5154
vn 0.4872 -0.6407 0.5934
vn 0.6165 -0.6408 0.4574
vn -0.5129 0.6454 -0.5660
vn -0.5408 0.6446 -0.5404
vn 0.5129 -0.6452 0.5663
vn 0.4846 -0.6447 0.5911
vn -0.4842 0.6454 -0.5908
vn -0.4870 0.6407 -0.5936
vn -0.4550 0.6456 -0.6133
vn -0.5908 0.6450 -0.4847
vn 0.5907 -0.6448 0.4851
vn 0.5658 -0.6458 0.5126
vn -0.6127 0.6461 -0.4551
vn -0.6161 0.6407 -0.4582
vn -0.5658 0.6463 -0.5120
vn 0.5399 -0.6456 0.5401
vn -0.5379 0.6498 -0.5371
vn -0.4824 0.6498 -0.5874
vn -0.5631 0.6497 -0.5107
vn -0.5869 0.6498 -0.4830
vn 0.4547 -0.6457 0.6134
vn 0.4248 -0.6454 0.6348
vn 0.4822 -0.6499 0.5875
vn -0.4219 0.6498 -0.6322
vn -0.4524 0.6499 -0.6107
vn 0.3909 -0.6498 0.6519
vn 0.3582 -0.6498 0.6704
vn 0.4530 -0.6498 0.6103
vn 0.6124 -0.6465 0.4550
vn -0.6317 0.6499 -0.4226
vn -0.6519 0.6499 -0.3907
vn 0.6318 -0.6499 0.4225
vn 0.6351 -0.6449 0.4251
vn -0.6102 0.6499 -0.4531
vn 0.5376 -0.6498 0.5374
vn 0.5871 -0.6498 0.4827
vn 0.5625 -0.6499 0.5111
vn 0.6520 -0.6498 0.3907
vn 0.6101 -0.6498 0.4533
vn 0.5109 -0.6498 0.5628
vn -0.3906 0.6498 -0.6520
vn -0.3580 0.6499 -0.6704
vn 0.4226 -0.6498 0.6318
vn 0.3908 -0.6499 0.6519
vn -0.4821 0.6498 -0.5877
vn 0.4225 -0.6498 0.6319
vn -0.4528 0.6498 -0.6105
vn -0.4527 0.6498 -0.6106
vn -0.4223 0.6498 -0.6320
vn -0.6103 0.6498 -0.4531
vn -0.5873 0.6498 -0.4825
vn -0.6520 0.6498 -0.3906
vn -0.6318 0.6498 -0.4225
vn 0.6105 -0.6498 0.4528
vn 0.6319 -0.6498 0.4223
vn -0.5875 0.6498 -0.4823
vn -0.6317 0.6498 -0.4227
vn -0.5103 0.6499 -0.5632
vn -0.5109 0.6497 -0.5629
vn 0.5105 -0.6498 0.5631
vn -0.5375 0.6498 -0.5374
vn 0.4823 -0.6498 0.5875
vn -0.5632 0.6498 -0.5104
vn -0.5107 0.6498 -0.5629
vn -0.4822 0.6498 -0.5876
vn 0.5873 -0.6499 0.4824
vn -0.5874 0.6497 -0.4825
vn 0.5378 -0.6499 0.5371
vn -0.5375 0.6499 -0.5373
vn 0.5632 -0.6498 0.5104
vn 0.5633 -0.6499 0.5103
vn 0.6703 -0.6498 0.3585
vn 0.0745 -0.6498 0.7565
vn 0.0364 -0.6498 0.7592
vn 0.0370 -0.6498 0.7592
vn 0.1116 -0.6499 0.7518
vn 0.1493 -0.6462 0.7484
vn 0.1478 -0.6499 0.7455
vn 0.1849 -0.6499 0.7372
vn 0.1857 -0.6499 0.7370
vn 0.2911 -0.6498 0.7022
vn 0.2562 -0.6498 0.7156
vn -0.0746 0.6498 -0.7564
vn -0.0366 0.6498 -0.7592
vn 0.0736 -0.6498 0.7565
vn -0.1483 0.6498 -0.7455
vn -0.1113 0.6499 -0.7518
vn -0.1115 0.6498 -0.7519
vn 0.1106 -0.6498 0.7520
vn -0.0748 0.6498 -0.7564
vn 0.0704 0.6878 0.7225
vn 0.0350 0.6880 0.7249
vn 0.0359 0.6879 0.7249
vn 0.1055 0.6879 0.7181
vn 0.0711 0.6880 0.7222
vn -0.0884 0.6498 -0.7549
vn -0.0868 0.6500 -0.7550
vn -0.0920 0.6497 -0.7546
vn 0.1065 0.6880 0.7178
vn 0.0887 0.6884 0.7199
vn -0.1108 0.6498 -0.7520
vn -0.0918 0.6498 -0.7546
vn -0.0009 0.6878 0.7259
vn -0.1844 0.6499 -0.7373
vn -0.1849 0.6498 -0.7373
vn -0.1482 0.6498 -0.7455
vn -0.2564 0.6498 -0.7155
vn 0.2564 -0.6498 0.7155
vn 0.3251 -0.6498 0.6871
vn 0.2916 -0.6497 0.7020
vn 0.2209 -0.6498 0.7273
vn -0.2910 0.6498 -0.7022
vn -0.3248 0.6498 -0.6872
vn -0.2201 0.6500 -0.7274
vn -0.2557 0.6499 -0.7157
vn -0.2214 0.6497 -0.7272
vn -0.2211 0.6498 -0.7272
vn 0.2562 -0.6499 0.7155
vn 0.2206 -0.6499 0.7273
vn 0.1762 0.6874 0.7045
vn 0.1765 0.6875 0.7044
vn 0.2108 0.6876 0.6948
vn 0.2443 0.6878 0.6836
vn 0.2105 0.6876 0.6949
vn 0.2775 0.6878 0.6708
vn 0.2772 0.6874 0.6713
vn 0.2448 0.6878 0.6834
vn 0.3582 -0.6498 0.6703
vn -0.3908 0.6499 -0.6518
vn 0.3583 -0.6499 0.6703
vn 0.3249 -0.6499 0.6871
vn 0.4528 -0.6498 0.6106
vn 0.4222 -0.6499 0.6320
vn 0.3904 -0.6500 0.6520
vn -0.4224 0.6499 -0.6319
vn -0.2903 0.6500 -0.7023
vn -0.3240 0.6499 -0.6875
vn 0.3728 0.6880 0.6227
vn 0.3728 0.6878 0.6228
vn 0.3424 0.6881 0.6398
vn 0.4034 0.6877 0.6036
vn 0.4026 0.6876 0.6043
vn -0.4526 0.6498 -0.6106
vn 0.4604 0.6879 0.5611
vn 0.4323 0.6881 0.5828
vn 0.4601 0.6880 0.5613
vn 0.4324 0.6880 0.5828
vn 0.4875 0.6877 0.5380
vn 0.4880 0.6876 0.5376
vn 0.4218 -0.6500 0.6322
vn -0.7454 0.6499 -0.1488
vn 0.7455 -0.6499 0.1479
vn 0.7369 -0.6497 0.1866
vn 0.7564 -0.6498 0.0742
vn 0.7374 -0.6498 0.1844
vn 0.7274 -0.6498 0.2206
vn 0.7157 -0.6498 0.2559
vn 0.7022 -0.6498 0.2908
vn 0.7592 -0.6499 0.0360
vn 0.7521 -0.6498 0.1103
vn -0.7592 0.6498 -0.0370
vn -0.7601 0.6498 0.0011
vn -0.7518 0.6499 -0.1119
vn -0.7564 0.6498 -0.0744
vn -0.7157 0.6498 -0.2560
vn -0.7272 0.6499 -0.2209
vn -0.7156 0.6498 -0.2562
vn -0.7276 0.6498 -0.2201
vn -0.7374 0.6497 -0.1849
vn -0.7022 0.6498 -0.2910
vn -0.6871 0.6498 -0.3251
vn 0.7272 -0.6499 0.2209
vn 0.7156 -0.6499 0.2561
vn 0.7273 -0.6500 0.2205
vn 0.7024 -0.6498 0.2904
vn -0.7564 0.6497 -0.0752
vn 0.7456 -0.6498 0.1476
vn 0.7422 -0.6498 0.1644
vn 0.7373 -0.6499 0.1845
vn 0.7158 -0.6498 0.2559
vn 0.7248 0.6880 0.0361
vn 0.7250 0.6879 0.0353
vn 0.7225 0.6878 0.0703
vn 0.7220 0.6882 0.0715
vn 0.7180 0.6881 0.1050
vn 0.7175 0.6882 0.1078
vn 0.7120 0.6878 0.1414
vn -0.7274 0.6498 -0.2207
vn -0.7372 0.6499 -0.1850
vn 0.7041 0.6877 0.1767
vn 0.7119 0.6880 0.1408
vn 0.6950 0.6876 0.2104
vn 0.7041 0.6878 0.1763
vn 0.6949 0.6876 0.2106
vn -0.7273 0.6498 -0.2209
vn -0.7157 0.6499 -0.2556
vn -0.7024 0.6499 -0.2902
vn -0.7454 0.6499 -0.1483
vn 0.6872 -0.6498 0.3249
vn 0.6703 -0.6498 0.3584
vn 0.6519 -0.6498 0.3908
vn 0.6109 -0.6497 0.4524
vn -0.6706 0.6498 -0.3579
vn -0.6704 0.6498 -0.3582
vn -0.6518 0.6500 -0.3907
vn -0.6870 0.6498 -0.3251
vn -0.6106 0.6498 -0.4527
vn -0.6321 0.6498 -0.4220
vn 0.6872 -0.6498 0.3248
vn 0.6702 -0.6498 0.3585
vn 0.6519 -0.6498 0.3909
vn 0.5877 -0.6498 0.4820
vn 0.6401 0.6876 0.3428
vn 0.6566 0.6873 0.3107
vn 0.6567 0.6872 0.3107
vn -0.6873 0.6497 -0.3248
vn -0.6701 0.6500 -0.3585
vn 0.6042 0.6875 0.4029
vn 0.6228 0.6877 0.3730
vn 0.6039 0.6875 0.4033
vn 0.5829 0.6879 0.4325
vn 0.5827 0.6880 0.4325
vn 0.5607 0.6881 0.4605
vn 0.5381 0.6878 0.4872
vn 0.5611 0.6881 0.4600
vn 0.6712 0.6875 0.2773
vn 0.6711 0.6874 0.2775
vn 0.7449 -0.6404 0.1870
vn 0.4861 -0.6405 0.5945
vn -0.1854 0.6499 -0.7371
vn 0.0684 -0.7670 0.6380
vn -0.0856 -0.3555 0.9307
vn -0.0661 -0.3538 0.9330
vn 0.0555 0.0873 -0.9946
vn -0.0051 -0.0959 0.9954
vn -0.0271 -0.0474 0.9985
vn -0.0007 -0.0369 0.9993
vn -0.0232 -0.0547 0.9982
vn -0.0332 -0.0097 0.9994
vn -0.0205 -0.0031 0.9998
vn -0.0045 -0.0171 0.9998
vn -0.0229 0.0015 0.9997
vn -0.0236 0.0106 0.9997
vn -0.0240 0.0126 0.9996
vn -0.0244 0.0287 0.9993
vn -0.0244 0.0275 0.9993
vn -0.0201 0.0492 0.9986
vn -0.0174 -0.0567 -0.9982
vn -0.0168 -0.0814 -0.9965
vn -0.0174 -0.0816 -0.9965
vn 0.0033 -0.0977 -0.9952
vn -0.0241 -0.0419 -0.9988
vn -0.0184 -0.0589 -0.9981
vn -0.0243 -0.0278 -0.9993
vn -0.0248 -0.0433 -0.9988
vn -0.0244 -0.0271 -0.9993
vn -0.0232 -0.0120 -0.9997
vn -0.0147 0.0017 -0.9999
vn -0.0228 -0.0093 -0.9997
vn -0.0309 0.0115 -0.9995
vn -0.0253 0.0244 -0.9994
vn -0.0251 0.0247 -0.9994
vn -0.0199 0.0485 0.9986
vn -0.0126 0.0669 0.9977
vn -0.0128 0.0649 0.9978
vn 0.0003 0.0965 0.9953
vn -0.0215 0.0786 0.9967
vn -0.0908 -0.4074 -0.9087
vn -0.0627 0.4625 0.8844
vn 0.0869 0.3957 0.9143
vn -0.0281 0.0972 -0.9949
vn -0.0071 0.0847 -0.9964
vn -0.0665 0.4601 -0.8854
vn 0.6438 -0.7643 0.0359
vn 0.6440 -0.7641 0.0378
vn -0.9307 0.3577 -0.0761
vn -0.9361 0.3512 -0.0206
vn -0.9896 0.1003 0.1033
vn -0.9951 0.0655 -0.0736
vn 0.9976 -0.0666 0.0177
vn 0.9961 -0.0869 -0.0175
vn 0.9954 -0.0948 -0.0156
vn 0.9990 -0.0365 -0.0246
vn 0.9987 -0.0424 -0.0297
vn 0.9984 -0.0528 -0.0218
vn 0.9995 -0.0300 -0.0119
vn 0.9995 -0.0110 -0.0298
vn 0.9995 -0.0102 -0.0294
vn 0.9997 0.0057 -0.0220
vn -0.9977 -0.0062 -0.0668
vn 0.9986 0.0314 -0.0437
vn 0.9998 0.0173 -0.0057
vn 0.9991 0.0410 0.0090
vn 0.9983 -0.0557 -0.0195
vn 0.7678 0.6407 0.0072
vn 0.9965 0.0824 -0.0104
vn 0.9979 0.0555 -0.0326
vn 0.9977 0.0583 -0.0353
vn 0.9953 0.0957 -0.0153
vn 0.8557 0.5157 0.0434
vn -0.6415 -0.7654 -0.0509
vn -0.6450 -0.7632 -0.0385
vn 0.3558 0.9346 -0.0022
vn -0.9333 -0.3547 -0.0555
vn -0.9938 -0.1070 -0.0295
vn -0.9899 -0.1122 0.0867
vn 0.9309 0.3525 0.0958
vn 0.9351 0.3495 -0.0587
vn -0.9965 -0.0820 -0.0168
vn -0.9974 -0.0711 -0.0116
vn 0.9956 0.0617 -0.0706
vn 0.6467 0.7627 -0.0042
vn -0.9983 -0.0537 -0.0241
vn -0.9984 -0.0503 -0.0245
vn -0.9992 -0.0373 -0.0131
vn -0.9995 -0.0142 -0.0277
vn -0.9995 -0.0122 -0.0300
vn -0.9966 -0.0007 0.0818
vn -0.9998 0.0049 -0.0189
vn -0.9992 0.0141 -0.0379
vn -0.9993 0.0271 -0.0246
vn -0.9994 0.0232 -0.0259
vn -0.9989 0.0390 -0.0247
vn -0.9966 0.0820 -0.0103
vn -0.9982 0.0559 -0.0212
vn 0.9946 -0.0903 -0.0507
vn -0.9953 0.0957 -0.0156
vn -0.9116 0.3989 -0.0999
vn -0.8536 0.5046 0.1294
vn -0.8507 0.5079 -0.1354
vn -0.8480 0.5116 -0.1383
vn -0.8439 0.4962 0.2040
vn 0.2215 0.4772 -0.8504
vn 0.1825 0.5241 -0.8319
vn 0.5154 0.4876 0.7047
vn 0.5345 0.4906 0.6882
vn -0.8564 0.5142 -0.0470
vn -0.8856 0.4596 -0.0668
vn -0.8555 0.5159 0.0434
vn -0.1346 0.5054 -0.8523
vn -0.0467 0.5140 -0.8565
vn -0.8397 0.4978 0.2168
vn -0.4518 0.5103 0.7317
vn -0.4178 0.4961 0.7611
vn 0.0669 0.4622 -0.8842
vn 0.3721 0.5044 0.7791
vn -0.8170 0.5022 0.2834
vn -0.7794 0.5209 0.3480
vn -0.6612 0.5222 0.5386
vn -0.7155 0.5009 0.4870
vn -0.6916 0.5098 0.5117
vn -0.4918 0.5021 0.7114
vn -0.5137 0.5144 0.6867
vn -0.3323 0.5267 0.7824
vn -0.3046 0.5079 0.8058
vn 0.1386 0.5121 -0.8477
vn 0.5225 0.5411 -0.6590
vn 0.5116 0.5102 -0.6914
vn 0.4876 0.5010 -0.7150
vn 0.6122 0.4829 -0.6262
vn -0.6826 0.5059 -0.5274
vn -0.7064 0.5092 -0.4916
vn -0.8587 0.4612 -0.2234
vn -0.8258 0.5347 -0.1793
vn -0.3706 0.5027 -0.7810
vn -0.6165 0.4922 -0.6146
vn -0.6439 0.4968 0.5819
vn -0.0484 0.5165 0.8549
vn -0.7307 0.5098 -0.4541
vn -0.5764 0.5087 0.6395
vn -0.5608 0.5053 0.6559
vn 0.6097 0.4997 0.6153
vn 0.1394 0.5113 0.8480
vn 0.6747 0.5134 0.5302
vn -0.7809 0.5025 -0.3711
vn -0.4984 0.4699 -0.7285
vn -0.5474 0.4671 -0.6944
vn -0.4502 0.5029 -0.7378
vn -0.7664 0.5363 0.3535
vn -0.7706 0.4809 0.4182
vn -0.1302 0.5098 0.8504
vn -0.2267 0.4361 0.8709
vn 0.6868 0.5338 -0.4933
vn 0.8169 0.3117 0.4853
vn 0.4854 0.3116 0.8169
vn -0.0000 -1.0000 0.0004
vn 0.6986 0.6406 0.3188
vn -0.2721 0.5203 0.8095
vn -0.8568 0.5123 0.0583
vn -0.3233 0.4288 -0.8436
vn 0.8521 0.4989 0.1582
vn 0.8344 0.4502 0.3180
vn -0.0012 -0.2601 -0.9656
vn -0.7757 -0.2603 -0.5749
vn 0.1754 -0.9487 0.2631
vn -0.4544 -0.2601 -0.8520
vn -0.9246 -0.2602 -0.2783
vn 0.3024 -0.9488 0.0915
vn 0.3043 -0.9488 0.0842
vn 0.3065 -0.9488 0.0761
vn -0.2790 0.9488 -0.1484
vn -0.2856 0.9488 -0.1353
vn -0.3194 0.9418 -0.1047
vn -0.4128 -0.2611 -0.8726
vn -0.4569 -0.2604 -0.8505
vn -0.4109 -0.2602 -0.8738
vn 0.1498 -0.9488 0.2782
vn 0.1623 -0.9488 0.2710
vn 0.1344 -0.9488 0.2859
vn -0.3230 -0.2603 -0.9099
vn -0.2788 -0.2603 -0.9244
vn 0.0908 -0.9489 0.3023
vn 0.0164 -0.9487 0.3157
vn -0.0769 0.9488 -0.3064
vn -0.0605 0.9488 -0.3100
vn 0.0456 -0.9488 0.3126
vn 0.0310 -0.9488 0.3142
vn -0.2453 0.9420 -0.2289
vn -0.2589 0.9343 -0.2448
vn 0.3547 -0.9348 0.0203
vn -0.0030 0.9345 -0.3559
vn 0.6274 -0.7656 0.1423
vn -0.4119 0.7626 -0.4988
vn -0.9206 0.3505 -0.1721
vn -0.0040 0.3506 -0.9365
vn -0.3551 0.3487 -0.8674
vn 0.4750 -0.7617 0.4407
vn -0.2531 0.1001 -0.9622
vn -0.3684 0.1010 -0.9242
vn -0.9193 0.1029 -0.3798
vn 0.5911 -0.0968 0.8008
vn -0.4625 0.7660 -0.4464
vn 0.7726 -0.0458 0.6333
vn 0.9045 -0.0284 0.4254
vn -0.0006 -0.2000 0.9798
vn 0.4652 0.0214 0.8849
vn 0.7497 0.0456 0.6602
vn 0.3210 0.0489 0.9458
vn -0.9241 -0.2614 0.2788
vn -0.9098 -0.2607 0.3230
vn 0.2857 -0.9488 -0.1349
vn -0.2708 0.9488 0.1627
vn -0.3193 0.9418 0.1053
vn -0.3260 0.9419 0.0811
vn 0.3065 -0.9419 -0.1372
vn -0.7163 -0.2602 0.6475
vn -0.7465 -0.2602 0.6124
vn -0.2538 0.9487 0.1884
vn -0.2629 0.9488 0.1753
vn 0.2149 -0.9485 -0.2326
vn 0.1888 -0.9488 -0.2534
vn 0.2002 -0.9488 -0.2444
vn -0.6130 -0.2606 0.7459
vn -0.5357 -0.2606 0.8032
vn -0.4965 -0.2602 0.8281
vn -0.6293 0.7607 0.1592
vn 0.6439 -0.7639 -0.0431
vn 0.5809 -0.7623 -0.2855
vn -0.5587 0.7759 0.2929
vn -0.2769 -0.2606 0.9249
vn 0.0160 -0.9488 -0.3156
vn 0.0008 -0.9488 -0.3159
vn -0.0767 0.9488 0.3065
vn -0.0606 0.9488 0.3100
vn 0.2044 -0.7653 -0.6103
vn 0.7232 -0.5926 -0.3547
vn 0.9783 -0.1005 -0.1810
vn -0.7677 0.1047 0.6322
vn 0.7796 -0.1067 -0.6171
vn 0.8483 -0.1072 -0.5185
vn 0.2044 -0.1050 -0.9732
vn 0.2461 -0.0808 -0.9659
vn -0.0017 -0.2601 0.9656
vn 0.4235 -0.0216 -0.9056
vn 0.6679 -0.0453 -0.7428
vn 0.9289 0.0420 -0.3680
vn -0.7024 -0.6499 -0.2904
vn 0.7490 0.6454 0.1496
vn -0.6565 0.6874 -0.3105
vn -0.6700 -0.6499 -0.3587
vn -0.5380 0.6876 -0.4876
vn 0.6871 0.6498 0.3250
vn 0.7024 0.6498 0.2905
vn -0.6709 0.6877 -0.2776
vn -0.7457 -0.6497 -0.1477
vn -0.7520 -0.6497 -0.1111
vn -0.7565 -0.6497 -0.0743
vn -0.7047 0.6874 -0.1759
vn -0.7117 0.6882 -0.1410
vn 0.7022 0.6499 0.2907
vn -0.7278 -0.6496 -0.2199
vn 0.9505 0.0484 0.3070
vn 0.2970 0.0670 0.9525
vn -0.8627 -0.4016 -0.3073
vn -0.2761 -0.1044 -0.9554
vn 0.4162 0.0990 0.9039
vn 0.6213 0.1061 0.7764
vn -0.3710 -0.4021 -0.8371
vn -0.0048 -0.5818 -0.8133
vn -0.4869 -0.4008 -0.7761
vn -0.6063 -0.4008 -0.6868
vn -0.7137 -0.4026 -0.5732
vn 0.6687 0.5615 0.4873
vn 0.2961 0.6399 0.7091
vn -0.7116 -0.6390 -0.2921
vn 0.6633 0.6407 0.3866
vn 0.5917 0.6413 0.4884
vn -0.5779 -0.6406 -0.5056
vn -0.5687 -0.6404 -0.5162
vn -0.5184 -0.6412 -0.5658
vn 0.6983 0.4978 0.5144
vn 0.7260 0.4970 0.4752
vn 0.1788 0.5367 0.8246
vn 0.2236 0.4603 0.8592
vn -0.4529 -0.6498 -0.6105
vn -0.4523 -0.6499 -0.6107
vn 0.4225 0.6498 0.6318
vn 0.4224 0.6498 0.6319
vn -0.3728 0.6875 -0.6232
vn -0.4812 -0.6502 -0.5880
vn -0.2209 -0.6499 -0.7273
vn -0.1477 -0.6499 -0.7455
vn 0.6139 0.6446 0.4556
vn -0.5658 -0.6457 -0.5127
vn -0.5408 -0.6445 -0.5406
vn 0.5412 0.6450 0.5395
vn 0.5631 0.6497 0.5107
vn 0.5377 0.6498 0.5373
vn 0.7352 0.6406 0.2219
vn 0.5378 0.6497 0.5372
vn 0.2582 0.6406 0.7232
vn -0.7371 -0.6498 0.1856
vn -0.7178 0.6882 0.1053
vn -0.7121 0.6876 0.1414
vn 0.7278 0.6497 -0.2196
vn 0.7159 0.6498 -0.2555
vn -0.6703 -0.6498 0.3585
vn 0.6874 0.6498 -0.3243
vn -0.6321 -0.6499 0.4221
vn -0.6519 -0.6497 0.3910
vn -0.6577 0.6864 0.3104
vn -0.5830 0.6878 0.4325
vn -0.5383 0.6877 0.4872
vn -0.5374 0.6881 0.4876
vn -0.5882 -0.6501 0.4811
vn 0.8359 0.5169 -0.1845
vn 0.7773 0.5125 -0.3648
vn 0.7663 0.4872 -0.4189
vn 0.7095 0.6407 -0.2935
vn -0.6518 -0.6497 0.3912
vn -0.5628 -0.6499 0.5107
vn 0.6107 0.6498 -0.4526
vn -0.5131 0.6880 0.5132
vn -0.4526 -0.6498 0.6107
vn -0.4224 -0.6497 0.6320
vn -0.3730 0.6879 0.6226
vn -0.2774 0.6877 0.6709
vn 0.2567 0.6498 -0.7154
vn 0.2556 0.6499 -0.7158
vn -0.1844 -0.6498 0.7374
vn -0.1476 -0.6499 0.7456
vn -0.2449 0.6875 0.6837
vn -0.2440 0.6876 0.6838
vn -0.2103 0.6877 0.6948
vn -0.1416 0.6881 0.7117
vn -0.0704 0.6878 0.7225
vn -0.0716 0.6881 0.7220
vn 0.0155 0.9488 -0.3155
vn 0.1081 0.9420 -0.3177
vn 0.3232 -0.2606 -0.9097
vn 0.3678 -0.2603 -0.8927
vn 0.4538 -0.2602 -0.8523
vn -0.2500 -0.7631 0.5959
vn -0.3205 -0.7619 0.5628
vn -0.3361 -0.7647 0.5498
vn -0.1751 -0.9347 0.3093
vn 0.1585 0.3529 -0.9221
vn 0.3259 0.3493 -0.8785
vn 0.1013 0.3567 -0.9287
vn 0.2479 0.3600 -0.8994
vn -0.2127 -0.3519 0.9116
vn -0.4313 -0.7663 0.4762
vn 0.4078 0.0988 -0.9077
vn 0.7524 0.1042 -0.6504
vn 0.8540 0.0997 -0.5107
vn 0.9180 0.1019 -0.3833
vn 0.9159 0.3514 -0.1941
vn 0.6121 0.7623 -0.2105
vn 0.4472 0.7657 -0.4622
vn -0.9509 -0.0690 0.3016
vn -0.7480 -0.0429 0.6623
vn 0.7459 -0.2607 -0.6130
vn 0.2824 0.9488 -0.1415
vn 0.9093 -0.2606 -0.3243
vn 0.2859 0.9488 -0.1343
vn 0.2919 0.9488 -0.1207
vn 0.2977 0.9489 -0.1050
vn -0.4969 -0.0192 0.8676
vn -0.4575 0.0177 0.8890
vn -0.7156 0.0504 0.6967
vn 0.9656 -0.2599 -0.0025
vn -0.3741 -0.7614 -0.5295
vn -0.6389 -0.7613 -0.1105
vn 0.2141 0.9182 0.3334
vn -0.2333 -0.9371 -0.2598
vn 0.3487 0.9246 0.1536
vn 0.0863 0.9204 0.3814
vn 0.3266 -0.2605 0.9085
vn 0.4541 -0.2605 0.8520
vn 0.1289 0.9488 0.2884
vn 0.1201 0.9488 0.2921
vn 0.1349 0.9489 0.2855
vn -0.5429 -0.3526 -0.7622
vn -0.9296 -0.3574 -0.0903
vn 0.0858 0.7651 0.6382
vn 0.4475 0.3591 0.8190
vn -0.9781 -0.1008 -0.1819
vn 0.9143 0.0982 0.3931
vn -0.5869 -0.1040 -0.8029
vn -0.1896 -0.1056 -0.9762
vn 0.2528 0.3562 0.8996
vn 0.8804 0.3588 0.3101
vn 0.8157 0.3506 0.4601
vn 0.6186 0.7613 0.1942
vn -0.6702 -0.0471 -0.7407
vn -0.9464 -0.0579 -0.3178
vn 0.8732 -0.2609 0.4117
vn 0.8726 -0.2607 0.4129
vn 0.8520 -0.2608 0.4540
vn 0.8511 -0.2602 0.4560
vn 0.3099 0.9488 0.0612
vn 0.5744 -0.2605 0.7760
vn 0.8285 -0.2602 0.4959
vn 0.8281 -0.2600 0.4967
vn 0.8038 -0.2608 0.5347
vn 0.7449 -0.2605 0.6142
vn -0.9323 -0.0432 -0.3590
vn -0.9266 0.0520 -0.3724
vn -0.1041 0.0960 0.9899
vn 0.3471 -0.5825 -0.7350
vn -0.5569 0.3940 0.7312
vn 0.8615 -0.4034 -0.3083
vn 0.7036 -0.6416 -0.3056
vn 0.7294 -0.6417 -0.2371
vn 0.7676 -0.6409 -0.0096
vn -0.5871 0.6409 0.4945
vn -0.4798 0.6411 0.5990
vn -0.4868 0.6406 0.5939
vn -0.5685 0.6404 0.5164
vn 0.5913 -0.6411 -0.4893
vn -0.7283 0.6405 0.2436
vn -0.7228 0.6409 0.2585
vn 0.0738 -0.6497 -0.7566
vn 0.1109 -0.6498 -0.7519
vn 0.1481 -0.6499 -0.7455
vn 0.1843 -0.6498 -0.7374
vn -0.2905 0.6498 0.7024
vn 0.1767 0.6875 -0.7043
vn 0.3249 -0.6497 -0.6872
vn -0.3247 0.6498 0.6873
vn 0.3111 0.6872 -0.6565
vn 0.3106 0.6873 -0.6567
vn 0.3424 0.6876 -0.6402
vn 0.3424 0.6878 -0.6401
vn -0.3909 0.6497 0.6519
vn 0.4817 -0.6499 -0.5879
vn 0.4327 0.6880 -0.5826
vn 0.4606 0.6879 -0.5610
vn 0.4602 0.6879 -0.5613
vn 0.4872 0.6877 -0.5382
vn 0.4883 0.6875 -0.5374
vn 0.2584 -0.6444 -0.7197
vn 0.5682 -0.6407 -0.5163
vn 0.6384 -0.6406 -0.4267
vn 0.4541 -0.6463 -0.6133
vn 0.4228 -0.6497 -0.6317
vn 0.4820 -0.6499 -0.5877
vn -0.5102 0.6498 0.5634
vn -0.5888 0.6470 0.4844
vn 0.6774 -0.6406 -0.3615
vn -0.7228 0.6406 0.2592
vn 0.7058 -0.6450 -0.2928
vn -0.6872 0.6498 0.3248
vn -0.5100 0.6499 0.5635
vn 0.5102 -0.6498 -0.5634
vn 0.5875 -0.6498 -0.4823
vn 0.5632 -0.6498 -0.5105
vn 0.5877 -0.6497 -0.4822
vn 0.6105 -0.6498 -0.4529
vn 0.6108 -0.6497 -0.4526
vn 0.6320 -0.6498 -0.4223
vn 0.6323 -0.6497 -0.4221
vn -0.6705 0.6498 0.3582
vn -0.6703 0.6497 0.3585
vn 0.5613 0.6877 -0.4604
vn 0.6040 0.6877 -0.4028
vn 0.6708 0.6874 -0.2784
vn 0.6874 -0.6498 -0.3245
vn 0.7119 0.6880 -0.1406
vn 0.7258 0.6879 -0.0013
vn -0.9781 0.1035 -0.1809
vn 0.9881 -0.0972 0.1189
vn -0.4073 0.6414 -0.6501
vn 0.1865 -0.6448 0.7412
vn -0.2933 0.6408 -0.7094
vn 0.4819 -0.6499 0.5877
vn -0.5626 0.6498 -0.5111
vn 0.5130 0.6879 0.5135
vn 0.5373 0.6880 0.4877
vn 0.5136 0.6878 0.5130
vn 0.1492 -0.6496 0.7455
vn 0.0374 -0.6497 0.7593
vn 0.0737 -0.6498 0.7565
vn 0.1480 -0.6499 0.7455
vn -0.0929 0.6497 -0.7545
vn 0.1412 0.6875 0.7123
vn 0.1414 0.6875 0.7122
vn 0.1846 -0.6499 0.7373
vn 0.2904 -0.6499 0.7023
vn 0.4526 -0.6499 0.6106
vn 0.3105 0.6870 0.6569
vn 0.3097 0.6869 0.6575
vn 0.3427 0.6880 0.6397
vn 0.7593 -0.6496 0.0376
vn 0.7565 -0.6498 0.0737
vn 0.6840 0.6875 0.2439
vn 0.6837 0.6875 0.2448
vn 0.6322 -0.6498 0.4221
vn 0.6324 -0.6496 0.4220
vn 0.6403 0.6877 0.3421
vn 0.6225 0.6879 0.3733
vn -0.0430 -0.0256 0.9987
vn 0.0047 -0.0978 -0.9952
vn 0.9991 -0.0185 -0.0383
vn 0.9997 0.0083 -0.0229
vn -0.9993 -0.0264 -0.0265
vn -0.1846 0.5167 -0.8360
vn 0.0433 0.5160 -0.8555
vn -0.6590 0.5410 0.5225
vn -0.5321 0.4945 0.6873
vn -0.4194 0.4905 -0.7639
vn -0.6102 0.4996 0.6149
vn 0.4190 0.4790 -0.7713
vn 0.3551 0.5315 -0.7690
vn 0.7299 0.5064 -0.4592
vn 0.0421 0.5157 0.8557
vn -0.7630 0.4920 -0.4193
vn -0.3702 0.5068 0.7785
vn -0.1816 0.5155 0.8374
vn 0.6742 0.5394 -0.5044
s 1
f 3//1 1081//2 2//3
f 1112//4 3//1 1//5
f 4//6 7//7 1107//8
f 4018//9 1109//10 8//11
f 4036//12 4019//13 7//7
f 12//14 4010//15 91//16
f 113//17 98//18 1//5
f 1090//19 10//20 12//14
f 1090//19 11//21 10//20
f 13//22 4011//23 74//24
f 92//25 12//14 4012//26
f 14//27 4013//28 4011//23
f 1094//29 12//14 14//27
f 91//16 99//30 12//14
f 1094//29 1092//31 12//14
f 4055//32 71//33 3//1
f 4008//34 4037//35 9//36
f 9//36 1029//37 5//38
f 16//39 20//40 19//41
f 101//42 18//43 4056//44
f 4027//45 20//40 4021//46
f 4046//47 21//48 4004//49
f 17//50 21//48 20//40
f 18//43 16//39 19//41
f 4005//51 20//40 4020//52
f 21//48 22//53 24//54
f 1702//55 22//53 21//48
f 23//56 28//57 27//58
f 4028//59 24//54 4052//60
f 4052//60 24//54 4038//61
f 1709//62 25//63 4022//64
f 4022//64 25//63 4047//65
f 4030//66 27//58 4029//67
f 79//68 31//69 94//70
f 114//71 30//72 4048//73
f 4048//73 31//69 79//68
f 4047//65 25//63 4014//74
f 29//75 30//72 26//76
f 25//63 29//75 26//76
f 4004//49 21//48 72//77
f 1702//55 21//48 17//50
f 109//78 27//58 4030//66
f 80//79 13//22 75//80
f 4006//81 32//82 33//83
f 66//84 4006//81 33//83
f 66//84 33//83 80//79
f 36//85 34//86 95//87
f 4039//88 95//87 34//86
f 4039//88 32//82 4015//89
f 81//90 36//85 102//91
f 37//92 35//93 34//86
f 4015//89 32//82 4057//94
f 4032//95 4023//96 36//85
f 4032//95 36//85 4016//97
f 67//98 41//99 2910//100
f 41//99 39//101 82//102
f 83//103 82//102 39//101
f 96//104 42//105 84//106
f 4053//107 44//108 43//109
f 4050//110 43//109 42//105
f 4050//110 42//105 96//104
f 42//105 2915//111 41//99
f 4017//112 4033//113 41//99
f 42//105 41//99 4033//113
f 46//114 2956//115 2915//111
f 39//101 36//85 4023//96
f 83//103 39//101 85//116
f 81//90 4054//117 36//85
f 39//101 40//118 2919//119
f 97//120 76//121 47//122
f 76//121 86//123 47//122
f 48//124 103//125 4040//126
f 104//127 4041//128 49//129
f 48//124 4041//128 103//125
f 4007//130 105//131 51//132
f 51//132 105//131 4024//133
f 4058//134 68//135 47//122
f 52//136 53//137 51//132
f 4024//133 111//138 51//132
f 3480//139 52//136 49//129
f 56//140 4025//141 87//142
f 106//143 44//108 4042//144
f 112//145 55//146 106//143
f 112//145 4025//141 56//140
f 73//147 57//148 69//149
f 73//147 88//150 57//148
f 89//151 77//152 58//153
f 4034//154 69//149 57//148
f 62//155 56//140 59//156
f 63//157 64//158 58//153
f 64//158 60//159 58//153
f 53//137 3497//160 47//122
f 3497//160 63//157 47//122
f 77//152 4043//161 58//153
f 4035//162 4058//134 47//122
f 13//22 74//24 75//80
f 94//70 48//124 4040//126
f 31//69 50//163 48//124
f 26//76 114//71 108//164
f 1//5 100//165 113//17
f 47//122 4043//161 97//120
f 4038//61 27//58 109//78
f 18//43 101//42 93//166
f 4//6 4036//12 7//7
f 90//167 9//36 8//11
f 58//153 88//150 89//151
f 56//140 87//142 4034//154
f 47//122 86//123 4035//162
f 25//63 1709//62 4029//67
f 15//168 93//166 4026//169
f 15//168 107//170 4//6
f 4021//46 21//48 4046//47
f 20//40 4027//45 4020//52
f 98//18 10//20 1//5
f 72//77 24//54 4028//59
f 26//76 108//164 4014//74
f 100//165 1//5 3//1
f 3//1 70//171 4055//32
f 70//171 3//1 9//36
f 14//27 92//25 4013//28
f 10//20 1119//172 4010//15
f 9//36 90//167 4008//34
f 53//137 68//135 4007//130
f 19//41 4056//44 18//43
f 4005//51 4003//173 19//41
f 8//11 65//174 78//175
f 65//174 8//11 7//7
f 92//176 4025//176 104//176
f 105//176 4024//177 104//176
f 4024//177 111//177 104//176
f 111//177 110//176 104//176
f 104//176 4041//176 4048//176
f 4041//176 103//177 4048//176
f 103//177 4040//176 4048//176
f 4040//176 94//178 79//176
f 4048//176 4040//176 79//176
f 4048//176 114//176 104//176
f 114//176 108//177 4014//177
f 4014//177 4047//178 114//176
f 114//176 4047//178 4022//176
f 4022//179 1709//179 4029//179
f 114//176 4027//176 4056//176
f 4029//180 4030//176 4022//176
f 4030//176 109//176 4022//176
f 109//176 4038//176 4022//176
f 4038//176 4052//181 4028//176
f 4028//176 72//176 4027//176
f 72//176 4004//176 4027//176
f 4004//176 4046//178 4027//176
f 4046//178 4021//176 4027//176
f 4027//176 4020//176 4056//176
f 4020//176 4005//176 4056//176
f 4005//176 4003//176 4056//176
f 4056//176 101//176 4019//176
f 101//176 93//176 4026//176
f 4026//176 107//176 4045//176
f 4045//176 4036//176 101//176
f 4036//176 4019//176 101//176
f 4019//176 4009//176 65//176
f 65//176 78//176 4019//176
f 78//176 4018//176 4019//176
f 90//180 4008//176 4018//176
f 4008//176 4037//176 4018//176
f 4037//176 70//176 4018//176
f 70//176 4055//176 71//176
f 4018//176 70//176 4010//176
f 71//176 100//176 4010//176
f 70//176 71//176 4010//176
f 100//176 113//176 4010//176
f 113//176 98//176 4010//176
f 4010//176 91//177 92//176
f 91//177 99//178 92//176
f 99//178 4012//176 92//176
f 92//176 4013//176 66//176
f 4013//176 4011//176 66//176
f 4011//176 74//178 75//176
f 75//176 80//177 66//176
f 66//176 4006//176 92//176
f 4006//176 4031//178 4057//176
f 4057//176 4015//177 4006//176
f 4006//176 4015//177 4039//176
f 81//176 4039//176 102//176
f 81//176 4054//176 4039//176
f 4054//176 4016//177 4039//176
f 4016//177 4032//182 4023//176
f 4023//176 85//176 67//176
f 85//176 83//176 67//176
f 83//176 82//176 67//176
f 82//183 2910//183 67//183
f 67//176 4017//176 96//176
f 4039//176 96//176 4006//176
f 4017//176 4033//176 96//176
f 4033//176 84//176 96//176
f 96//176 4050//176 4006//176
f 4050//176 4053//176 4042//176
f 4053//176 115//176 4042//176
f 4042//176 106//176 4050//176
f 106//176 112//176 4050//176
f 112//176 4025//176 4050//176
f 4025//176 87//176 4034//177
f 4034//177 69//176 4025//176
f 69//176 73//176 4025//176
f 73//176 88//178 89//176
f 89//176 77//176 73//176
f 77//176 4043//176 73//176
f 4043//176 97//176 73//176
f 97//176 76//176 86//176
f 105//176 86//176 4035//176
f 97//176 86//176 105//176
f 4035//176 4058//176 105//176
f 4058//176 68//176 105//176
f 4027//176 114//176 4022//176
f 4038//176 4028//176 4027//176
f 101//176 4026//176 4045//176
f 4011//176 75//176 66//176
f 4006//176 4050//176 92//176
f 4016//177 4023//176 4039//176
f 96//176 4039//176 67//176
f 73//176 97//176 105//176
f 105//176 104//176 4025//176
f 4022//176 4038//176 4027//176
f 104//176 114//176 4056//176
f 92//176 4019//176 4018//176
f 92//176 4018//176 4010//176
f 4023//176 67//176 4039//176
f 4025//176 73//176 105//176
f 4050//176 4025//176 92//176
f 4019//176 92//176 4056//176
f 4056//176 92//176 104//176
f 117//184 116//185 173//186
f 174//187 117//184 118//188
f 119//189 117//184 174//187
f 123//190 125//191 122//192
f 122//192 125//191 124//193
f 125//191 234//194 124//193
f 121//195 123//190 122//192
f 133//196 149//197 143//198
f 129//199 128//200 131//201
f 131//201 133//196 127//202
f 135//203 137//204 144//205
f 137//204 136//206 139//207
f 144//205 137//204 138//208
f 139//207 140//209 218//210
f 149//197 141//211 143//198
f 142//212 145//213 141//211
f 146//214 143//215 141//216
f 143//215 146//214 127//217
f 223//218 144//219 138//220
f 133//221 151//222 149//223
f 134//224 151//222 132//225
f 132//225 151//222 133//221
f 152//226 135//227 142//228
f 148//229 137//230 152//226
f 146//214 190//231 127//217
f 153//232 146//214 145//233
f 151//222 150//234 149//223
f 130//235 128//200 166//236
f 144//205 145//213 142//212
f 155//237 164//238 157//239
f 155//237 157//239 154//240
f 159//241 158//242 163//243
f 169//244 160//245 162//246
f 163//243 162//246 159//241
f 166//247 184//248 154//249
f 164//250 165//251 163//252
f 164//250 167//253 165//251
f 155//254 167//253 164//250
f 170//255 172//256 168//257
f 171//258 172//256 170//255
f 177//259 158//260 159//261
f 177//259 178//262 158//260
f 179//263 177//259 162//264
f 179//263 162//264 160//265
f 134//224 128//266 130//267
f 179//263 160//265 168//268
f 170//269 180//270 171//271
f 181//272 179//263 168//268
f 182//273 172//274 116//275
f 173//276 197//277 118//278
f 198//279 182//273 117//280
f 183//281 198//279 119//282
f 182//273 116//275 117//280
f 180//270 197//277 171//271
f 131//283 185//284 129//285
f 129//285 185//284 166//247
f 189//286 184//248 185//284
f 250//287 151//222 134//224
f 187//288 199//289 165//251
f 194//290 191//291 187//288
f 192//292 186//293 193//294
f 189//286 194//290 184//248
f 192//292 134//224 186//293
f 193//294 186//293 188//295
f 196//296 200//297 180//270
f 180//270 201//298 197//277
f 197//277 201//298 175//299
f 204//300 181//272 182//273
f 204//300 203//301 181//272
f 199//289 196//296 165//251
f 214//302 232//303 216//304
f 217//305 209//306 212//307
f 210//308 213//309 209//310
f 147//311 206//312 140//313
f 148//229 147//311 136//314
f 220//315 210//316 208//317
f 221//318 215//319 213//320
f 224//321 225//322 152//226
f 222//323 229//324 223//218
f 229//324 153//232 223//218
f 229//324 251//325 153//232
f 225//322 148//229 152//226
f 209//306 242//326 227//327
f 227//327 257//328 222//323
f 230//329 228//330 219//331
f 232//303 120//332 231//333
f 121//195 233//334 231//333
f 121//195 122//192 233//334
f 237//335 215//319 221//318
f 216//336 236//337 217//305
f 231//338 236//337 216//336
f 239//339 126//340 125//341
f 238//342 123//343 121//344
f 231//338 240//345 236//337
f 236//337 244//346 241//347
f 244//346 242//326 241//347
f 243//348 248//349 247//350
f 239//339 238//342 248//349
f 236//337 240//345 244//346
f 245//351 221//318 220//315
f 245//351 220//315 228//330
f 219//331 206//312 147//311
f 153//232 251//325 252//352
f 257//328 256//353 229//324
f 253//354 259//355 250//287
f 255//356 252//352 251//325
f 194//290 263//357 191//291
f 269//358 196//296 191//291
f 266//359 200//297 196//296
f 203//301 268//360 202//361
f 205//362 274//363 198//279
f 265//364 296//365 269//358
f 271//366 259//355 253//354
f 264//367 271//366 253//354
f 269//358 295//368 266//359
f 268//360 272//369 264//367
f 275//370 268//360 203//301
f 274//363 275//370 203//301
f 266//359 298//371 200//297
f 276//372 256//353 257//328
f 292//373 255//356 256//353
f 261//374 277//375 226//376
f 242//326 282//377 276//372
f 246//378 245//351 278//379
f 280//380 258//381 279//382
f 256//353 276//372 292//373
f 240//345 281//383 306//384
f 306//384 282//377 244//346
f 278//379 283//385 246//378
f 284//386 278//379 280//380
f 285//387 306//384 281//383
f 283//385 286//388 248//349
f 282//377 291//389 276//372
f 287//390 296//365 265//364
f 288//391 289//392 261//374
f 273//393 288//391 259//355
f 292//373 293//394 290//395
f 270//396 302//397 287//398
f 294//399 302//397 270//396
f 290//395 270//400 262//401
f 290//395 293//394 294//399
f 300//402 298//403 295//404
f 296//405 300//402 295//404
f 297//406 303//407 300//402
f 282//377 305//408 291//389
f 291//389 304//409 292//373
f 291//389 305//408 304//409
f 293//394 304//409 333//410
f 306//384 305//408 282//377
f 292//373 304//409 293//394
f 256//353 255//356 229//324
f 296//365 295//368 269//358
f 260//411 265//364 189//286
f 292//373 262//401 255//356
f 310//412 288//413 273//414
f 312//415 272//416 268//417
f 274//418 316//419 275//420
f 275//420 316//419 312//415
f 310//421 336//422 309//423
f 314//424 347//425 310//421
f 312//426 315//427 314//424
f 310//412 273//414 272//416
f 315//427 318//428 314//424
f 319//429 321//430 320//431
f 319//429 320//431 315//432
f 280//433 279//434 322//435
f 284//436 280//433 322//435
f 323//437 284//436 322//435
f 322//435 279//434 311//438
f 325//439 311//440 309//423
f 328//441 286//442 283//443
f 323//437 283//443 284//436
f 305//408 308//444 324//445
f 327//446 323//447 322//448
f 328//441 283//443 323//437
f 332//449 302//450 331//451
f 334//452 331//451 333//453
f 336//422 325//439 309//423
f 337//454 340//455 335//456
f 307//457 342//458 308//459
f 342//458 354//460 334//452
f 342//458 334//452 324//461
f 334//452 332//449 331//451
f 332//449 337//454 302//450
f 343//462 341//463 307//457
f 337//454 335//456 303//464
f 299//465 301//466 338//467
f 337//454 303//464 302//450
f 344//468 330//469 328//470
f 344//471 346//472 330//473
f 325//439 327//446 326//474
f 347//425 325//439 336//422
f 348//475 340//455 337//454
f 339//476 338//467 349//477
f 317//478 361//479 347//425
f 361//479 360//480 325//481
f 339//482 349//483 353//484
f 354//460 348//475 334//452
f 358//485 352//486 348//487
f 356//488 358//485 348//487
f 360//480 357//489 327//490
f 355//491 356//492 354//460
f 352//486 349//477 340//455
f 351//493 350//494 317//478
f 348//475 337//454 332//449
f 334//452 348//475 332//449
f 304//409 324//445 333//410
f 359//495 364//496 361//479
f 364//496 360//480 361//479
f 320//431 321//430 366//497
f 366//497 367//498 362//499
f 371//500 353//501 352//486
f 377//502 368//503 357//489
f 371//500 356//488 372//504
f 363//505 353//484 373//506
f 375//507 374//508 369//509
f 364//496 377//502 357//489
f 364//496 357//489 360//480
f 364//496 365//510 379//511
f 367//498 366//497 380//512
f 375//507 384//513 374//508
f 374//514 384//515 372//516
f 386//517 382//518 370//519
f 386//517 387//520 382//518
f 385//521 386//517 370//519
f 373//506 396//522 383//523
f 384//515 388//524 372//516
f 388//525 373//526 372//504
f 379//511 377//502 364//496
f 367//498 376//527 351//493
f 350//494 359//495 361//479
f 343//528 374//508 355//529
f 374//514 356//492 355//491
f 2082//530 286//442 328//441
f 252//352 189//286 190//231
f 146//214 252//352 190//231
f 272//369 273//393 271//366
f 166//236 154//240 130//235
f 130//235 154//240 156//531
f 127//217 185//284 131//283
f 380//512 390//532 376//527
f 393//533 392//534 380//512
f 394//535 385//521 377//502
f 398//536 395//537 384//515
f 389//538 388//525 395//539
f 399//540 386//517 385//521
f 379//511 394//535 377//502
f 390//532 391//541 365//510
f 366//497 381//542 393//533
f 396//522 389//543 395//544
f 365//510 376//527 390//532
f 402//545 404//546 393//533
f 392//534 404//546 414//547
f 409//548 406//549 386//517
f 407//550 400//551 395//544
f 408//552 398//553 397//554
f 408//552 411//555 398//553
f 401//556 398//536 411//555
f 403//557 405//558 391//541
f 390//532 403//557 391//541
f 404//546 413//559 415//560
f 416//561 399//540 405//558
f 418//562 419//563 406//549
f 399//540 418//562 409//548
f 420//564 411//555 408//552
f 420//564 421//565 411//555
f 421//566 410//567 401//568
f 415//560 423//569 414//547
f 412//570 423//569 422//571
f 427//572 426//573 416//561
f 428//574 429//575 419//563
f 431//576 424//577 421//566
f 425//578 431//579 421//565
f 403//557 427//572 416//561
f 426//573 418//562 417//580
f 403//557 412//570 427//572
f 414//547 412//570 390//532
f 435//581 431//579 425//578
f 422//582 432//583 427//572
f 430//584 431//576 441//585
f 443//586 444//587 427//572
f 439//588 429//575 428//574
f 426//573 439//588 428//574
f 438//589 436//590 422//571
f 434//591 437//592 415//560
f 423//569 437//592 438//589
f 437//592 448//593 447//594
f 446//595 448//593 434//591
f 438//589 447//594 450//596
f 441//585 452//597 440//598
f 451//599 466//600 444//587
f 458//601 453//602 442//603
f 445//604 451//599 443//586
f 436//590 438//589 449//605
f 460//606 461//607 451//599
f 459//608 462//609 447//594
f 450//596 910//610 449//605
f 464//611 456//612 452//597
f 465//613 457//614 453//602
f 451//599 467//615 466//600
f 468//616 463//617 454//618
f 466//600 468//616 454//618
f 470//619 456//612 464//611
f 445//604 449//605 460//606
f 454//618 463//617 455//620
f 432//583 436//590 445//604
f 397//554 384//513 375//507
f 174//187 471//621 119//189
f 473//622 472//623 471//621
f 476//624 474//625 473//622
f 174//626 501//627 471//628
f 475//629 477//630 476//624
f 480//631 478//632 477//630
f 479//633 480//631 477//630
f 482//634 479//635 477//636
f 481//637 475//638 473//639
f 481//637 473//639 471//628
f 484//640 480//631 479//633
f 486//641 485//642 487//643
f 487//643 488//644 486//641
f 489//645 498//646 488//644
f 490//647 498//646 489//645
f 484//648 511//649 485//650
f 495//651 493//652 480//653
f 478//654 480//653 493//652
f 476//655 494//656 474//657
f 476//655 503//658 494//656
f 474//657 494//656 472//659
f 495//651 480//653 483//660
f 496//661 495//651 483//660
f 486//662 497//663 496//661
f 498//664 513//665 486//662
f 490//666 513//665 498//664
f 482//634 484//648 479//635
f 504//667 511//649 484//648
f 482//634 504//667 484//648
f 550//668 507//669 502//670
f 507//669 504//667 482//634
f 507//669 508//671 504//667
f 494//656 509//672 183//281
f 515//673 514//674 513//665
f 511//649 512//675 487//676
f 513//665 514//674 497//663
f 512//675 492//677 489//678
f 516//679 492//677 512//675
f 516//679 500//680 492//677
f 515//673 499//681 521//682
f 518//683 516//679 512//675
f 539//684 566//685 521//682
f 542//686 564//687 539//684
f 521//682 552//688 514//674
f 498//646 486//641 488//644
f 500//680 522//689 492//677
f 523//690 527//691 522//692
f 500//680 523//693 522//689
f 528//694 523//690 524//695
f 524//696 541//697 526//698
f 530//699 540//700 526//701
f 530//699 545//702 540//700
f 545//702 530//699 532//703
f 534//704 533//705 532//703
f 534//704 536//706 533//705
f 529//707 539//684 525//708
f 540//709 542//686 529//707
f 544//710 568//711 545//712
f 520//713 543//714 541//697
f 531//715 541//697 543//714
f 546//716 544//710 545//712
f 624//717 536//718 537//719
f 614//720 631//721 537//722
f 536//718 544//710 533//723
f 548//724 547//725 508//671
f 554//726 494//656 503//658
f 555//727 554//726 549//728
f 553//729 556//730 550//668
f 561//731 585//732 563//733
f 558//734 551//735 552//688
f 549//728 551//735 555//727
f 518//683 563//733 519//736
f 543//714 565//737 531//715
f 567//738 552//688 521//682
f 567//738 521//682 566//685
f 567//738 560//739 552//688
f 571//740 567//738 566//685
f 569//741 570//742 625//743
f 570//742 599//744 627//745
f 570//742 627//745 625//743
f 568//711 571//740 564//687
f 573//746 571//740 568//711
f 585//732 572//747 563//733
f 630//748 574//749 576//750
f 574//749 573//746 575//751
f 543//714 569//741 565//737
f 578//752 556//730 553//753
f 658//754 580//755 579//756
f 580//755 559//757 579//756
f 556//730 579//756 548//724
f 582//758 665//759 657//760
f 560//739 582//761 558//734
f 686//762 582//761 571//740
f 587//763 589//764 586//765
f 581//766 587//763 586//765
f 586//765 584//767 583//768
f 585//732 602//769 572//747
f 584//767 589//764 602//769
f 593//770 594//771 592//772
f 592//772 589//764 587//763
f 595//773 590//774 603//775
f 593//770 595//773 594//771
f 594//771 603//775 602//769
f 595//773 603//775 594//771
f 693//776 597//777 692//778
f 595//773 597//777 590//774
f 596//779 595//773 593//770
f 594//771 602//769 589//764
f 592//772 594//771 589//764
f 580//755 561//731 559//757
f 581//766 586//765 583//768
f 581//766 583//768 580//755
f 603//775 600//780 599//744
f 666//781 588//782 604//783
f 570//742 569//741 572//747
f 590//774 600//780 603//775
f 608//784 689//785 605//786
f 607//787 609//788 608//784
f 597//777 610//789 590//774
f 598//790 645//791 597//777
f 590//774 610//789 601//792
f 642//793 611//794 607//787
f 645//791 610//789 597//777
f 695//795 609//788 612//796
f 548//724 559//757 547//725
f 686//762 571//740 573//746
f 547//725 562//797 518//683
f 588//782 686//762 574//749
f 613//798 538//799 535//800
f 623//801 615//802 614//803
f 615//804 631//721 614//720
f 619//805 632//806 615//804
f 632//806 631//721 615//804
f 617//807 619//808 616//809
f 615//802 616//809 619//808
f 616//809 618//810 617//807
f 621//811 620//812 617//813
f 647//814 621//811 622//815
f 617//813 633//816 619//805
f 565//737 625//743 531//715
f 625//743 623//801 613//798
f 576//750 575//751 544//710
f 627//745 623//801 625//743
f 626//817 616//809 627//745
f 629//818 628//819 630//748
f 629//818 630//748 624//717
f 631//820 624//717 537//719
f 632//821 629//818 624//717
f 633//822 629//818 632//821
f 620//823 629//818 633//822
f 648//824 647//814 635//825
f 635//826 622//827 639//828
f 635//825 647//814 622//815
f 636//829 651//830 635//825
f 649//831 636//832 634//833
f 649//834 651//830 636//829
f 634//833 636//832 635//826
f 600//780 601//792 626//817
f 601//792 643//835 639//828
f 643//835 634//833 639//828
f 640//836 646//837 642//793
f 628//819 606//838 605//786
f 649//831 634//833 643//835
f 612//796 611//794 646//837
f 650//839 612//796 651//840
f 653//841 652//842 644//843
f 650//839 644//843 612//796
f 618//810 639//828 621//844
f 629//818 606//838 628//819
f 641//845 606//838 620//823
f 555//846 656//847 655//848
f 654//849 663//850 664//851
f 655//848 654//852 557//853
f 657//760 660//854 656//847
f 655//855 660//856 663//850
f 665//759 661//857 657//760
f 661//857 662//858 657//760
f 686//859 687//860 665//759
f 654//849 664//851 667//861
f 663//850 703//862 668//863
f 659//864 658//865 671//866
f 673//867 581//766 672//868
f 591//869 587//763 673//867
f 674//870 577//871 676//872
f 677//873 679//874 675//875
f 679//874 678//876 672//877
f 681//878 592//879 682//880
f 683//881 693//882 692//883
f 684//884 683//881 685//885
f 671//866 578//886 674//870
f 678//876 673//887 672//877
f 678//876 591//888 673//887
f 682//880 591//888 678//876
f 672//877 659//864 675//875
f 688//889 680//890 687//891
f 680//890 704//892 687//891
f 609//893 696//894 608//895
f 696//894 691//896 608//895
f 609//893 695//897 696//894
f 697//898 691//899 696//900
f 691//896 688//901 689//902
f 688//889 691//899 690//903
f 704//892 706//904 710//905
f 701//906 702//907 700//908
f 701//906 704//892 702//907
f 712//909 699//910 708//911
f 703//912 709//913 723//914
f 705//915 713//916 678//876
f 715//917 713//918 705//919
f 717//920 730//921 714//922
f 718//923 717//920 714//922
f 730//921 711//924 706//904
f 716//925 685//926 713//927
f 668//928 723//914 707//929
f 716//925 713//927 729//930
f 691//899 697//898 714//931
f 719//932 718//923 697//933
f 701//906 700//908 662//934
f 666//935 688//901 588//936
f 668//928 698//937 664//938
f 663//850 700//908 703//862
f 699//939 675//875 674//870
f 713//916 681//878 682//880
f 705//915 679//874 677//873
f 705//915 678//876 679//874
f 661//940 687//891 701//906
f 680//890 690//903 704//892
f 690//903 714//931 706//904
f 708//941 676//942 722//943
f 698//937 720//944 670//945
f 726//946 725//947 709//913
f 709//913 725//947 727//948
f 727//948 723//914 709//913
f 733//949 728//950 708//911
f 729//930 734//951 716//925
f 717//920 740//952 730//921
f 718//923 741//953 717//920
f 740//952 726//946 730//921
f 732//954 729//930 728//950
f 723//914 724//955 707//929
f 669//956 720//944 735//957
f 721//958 724//955 736//959
f 737//960 738//961 735//957
f 736//959 737//960 720//944
f 733//962 722//943 743//963
f 744//964 734//951 732//954
f 509//965 313//966 205//967
f 728//950 715//917 712//909
f 711//924 726//946 710//905
f 551//735 510//968 514//674
f 552//688 551//735 514//674
f 657//760 656//847 582//758
f 492//969 491//970 489//645
f 605//786 604//783 628//819
f 653//971 649//834 638//972
f 637//973 653//971 638//972
f 650//974 651//830 649//834
f 736//959 750//975 749//976
f 747//977 751//978 746//979
f 751//978 750//975 746//979
f 753//980 752//981 743//963
f 754//982 755//983 739//984
f 764//985 756//986 745//987
f 737//960 736//959 748//988
f 757//989 764//985 742//990
f 738//961 748//988 758//991
f 761//992 763//993 744//994
f 763//995 762//996 744//964
f 761//992 753//980 765//997
f 767//998 760//999 751//978
f 748//988 749//976 759//1000
f 757//989 770//1001 764//985
f 762//996 755//983 754//982
f 759//1000 772//1002 758//991
f 749//976 750//975 773//1003
f 773//1003 774//1004 759//1000
f 778//1005 765//997 777//1006
f 765//997 778//1005 763//993
f 778//1007 762//996 763//995
f 779//1008 762//996 778//1007
f 781//1009 769//1010 770//1001
f 780//1011 768//1012 769//1010
f 776//1013 775//1014 760//999
f 782//1015 773//1003 771//1016
f 774//1004 783//1017 772//1002
f 785//1018 776//1013 768//1012
f 780//1011 785//1018 768//1012
f 787//1019 775//1014 776//1013
f 775//1014 784//1020 771//1016
f 768//1012 776//1013 767//998
f 750//975 760//999 771//1016
f 789//1021 790//1022 779//1008
f 785//1018 795//1023 787//1019
f 798//1024 799//1025 790//1022
f 801//1026 798//1027 797//1028
f 800//1029 802//1030 795//1023
f 791//1031 803//1032 786//1033
f 783//1017 793//1034 792//1035
f 782//1015 796//1036 794//1037
f 782//1015 793//1034 774//1004
f 784//1020 787//1019 796//1036
f 806//1038 446//595 792//1035
f 793//1034 794//1037 806//1038
f 804//1039 814//1040 794//1037
f 808//1041 798//1024 807//1042
f 809//1043 803//1032 791//1031
f 808//1041 810//1044 799//1025
f 809//1043 812//1045 803//1032
f 812//1045 811//1046 803//1032
f 820//1047 805//1048 802//1030
f 805//1048 804//1039 796//1036
f 806//1038 813//1049 446//595
f 815//1050 816//1051 814//1040
f 814//1040 1545//1052 806//1038
f 1542//1053 815//1050 805//1048
f 805//1048 820//1047 1542//1053
f 801//1026 797//1028 817//1054
f 801//1026 819//1055 807//1056
f 819//1057 808//1041 807//1042
f 818//1058 819//1055 801//1026
f 819//1059 810//1044 808//1041
f 1551//1060 820//1047 811//1046
f 822//1061 821//1062 812//1045
f 821//1062 811//1046 812//1045
f 805//1048 815//1050 804//1039
f 789//1063 777//1006 788//1064
f 789//1021 779//1008 778//1007
f 752//981 733//962 743//963
f 754//982 739//984 734//1065
f 744//994 733//949 752//1066
f 725//947 746//979 727//948
f 740//952 745//987 747//977
f 740//952 747//977 725//947
f 1283//1067 824//1068 887//1069
f 875//1070 825//1071 823//1072
f 824//1068 827//1073 887//1069
f 828//1074 1267//1075 1298//1076
f 1297//1077 1267//1075 828//1074
f 842//1078 831//1079 832//1080
f 832//1080 833//1081 1343//1082
f 833//1081 832//1080 831//1079
f 837//1083 835//1084 849//1085
f 835//1084 837//1083 838//1086
f 836//1087 1280//1088 885//1089
f 836//1087 885//1089 878//1090
f 836//1087 878//1090 850//1091
f 837//1083 1357//1092 838//1086
f 1358//1093 840//1094 844//1093
f 844//1093 839//1095 1358//1093
f 846//1096 841//1097 1345//1098
f 848//1099 1356//1100 841//1097
f 840//1094 848//1099 844//1093
f 844//1093 843//1101 839//1095
f 849//1102 853//1103 831//1104
f 845//1105 833//1106 846//1107
f 848//1108 835//1109 834//1110
f 853//1103 849//1102 835//1109
f 848//1108 853//1103 835//1109
f 847//1111 844//1093 848//1099
f 848//1099 841//1097 853//1112
f 846//1096 853//1112 841//1097
f 850//1113 847//1114 834//1110
f 855//1115 859//1116 854//1117
f 870//1118 877//1119 883//1120
f 865//1121 872//1122 871//1123
f 868//1124 878//1125 854//1126
f 868//1124 856//1127 880//1128
f 868//1124 854//1126 856//1127
f 880//1129 869//1130 883//1120
f 869//1131 880//1128 856//1127
f 874//1132 857//1133 862//1134
f 873//1135 877//1119 870//1118
f 874//1132 873//1133 857//1133
f 866//1136 862//1134 871//1137
f 871//1137 867//1138 866//1136
f 866//1139 890//1140 874//1141
f 874//1132 862//1134 866//1136
f 855//1115 885//1089 825//1071
f 887//1069 861//1142 876//1143
f 877//1119 888//1144 883//1120
f 885//1089 855//1115 878//1090
f 882//1145 868//1146 881//1147
f 876//1143 860//1148 859//1116
f 876//1143 861//1142 860//1148
f 879//1149 883//1120 888//1144
f 880//1129 883//1120 879//1149
f 888//1144 1287//1150 879//1149
f 1287//1150 1286//1151 886//1152
f 886//1152 882//1145 881//1147
f 875//1070 887//1069 876//1143
f 875//1070 859//1116 855//1115
f 881//1147 879//1149 886//1152
f 1298//1076 1299//1153 865//1121
f 1304//1154 1303//1155 867//1156
f 828//1074 865//1121 863//1157
f 873//1135 889//1158 877//1119
f 889//1158 829//1159 877//1119
f 826//1160 863//1157 864//1161
f 888//1144 877//1119 829//1159
f 866//1139 1302//1162 890//1140
f 1036//1163 892//1164 893//1165
f 906//1166 895//1167 1268//1168
f 1066//1169 897//1170 900//1171
f 897//1170 899//1172 1270//1173
f 902//1174 1069//1175 1332//1176
f 1328//1177 902//1174 904//1178
f 897//1170 1270//1173 898//1179
f 1073//1180 1013//1181 895//1167
f 1071//1182 905//1183 1327//1184
f 1067//1185 900//1171 891//1186
f 1072//1187 1073//1180 906//1166
f 1072//1187 906//1166 905//1183
f 896//1188 1071//1182 901//1189
f 908//1190 902//1174 1328//1177
f 891//1186 900//1171 1305//1191
f 462//609 922//1192 450//596
f 467//615 930//1193 466//600
f 930//1193 468//616 466//600
f 919//1194 469//1195 465//613
f 910//610 909//1196 460//606
f 920//1197 927//1198 909//1196
f 910//610 921//1199 909//1196
f 910//610 922//1192 923//1200
f 462//609 911//1201 924//1202
f 920//1197 926//1203 957//1204
f 924//1202 928//1205 922//1192
f 931//1206 932//1207 915//1208
f 935//1209 930//1193 467//615
f 936//1210 933//1211 918//1212
f 933//1213 919//1214 918//1212
f 938//1215 916//1216 919//1194
f 937//1217 929//1218 916//1219
f 933//1213 938//1220 919//1214
f 927//1198 935//1209 467//615
f 929//1221 917//1222 913//1223
f 921//1199 923//1200 926//1203
f 909//1196 927//1198 461//607
f 927//1198 467//615 461//607
f 925//1224 939//1225 924//1202
f 924//1202 939//1225 963//1226
f 974//1227 941//1228 1101//1229
f 950//1230 949//1231 939//1232
f 946//1233 942//1234 1105//1235
f 946//1233 951//1236 947//1237
f 951//1236 1102//1238 952//1239
f 946//1233 1105//1235 951//1236
f 949//1231 950//1230 943//1240
f 979//1241 978//1242 1110//1243
f 948//1244 949//1231 942//1234
f 944//1245 948//1244 946//1233
f 955//1246 932//1207 953//1247
f 934//1248 955//1246 953//1247
f 956//1249 957//1204 926//1203
f 956//1249 944//1250 961//1251
f 956//1249 961//1251 960//1252
f 982//1253 959//1254 929//1221
f 982//1255 958//1256 980//1257
f 966//1258 934//1248 935//1209
f 953//1247 932//1207 931//1206
f 964//1259 933//1211 936//1210
f 929//1218 937//1217 958//1256
f 964//1259 987//1260 933//1211
f 987//1261 938//1220 933//1213
f 980//1257 937//1217 981//1262
f 962//1263 966//1258 935//1209
f 975//1264 966//1258 962//1263
f 965//1265 937//1266 938//1215
f 926//1203 923//1200 944//1250
f 974//1227 968//1267 967//1268
f 970//1269 971//1270 954//1271
f 1116//1272 1093//1273 971//1270
f 971//1270 970//1269 1116//1272
f 976//1274 980//1275 981//1276
f 978//1242 959//1277 982//1278
f 965//1279 987//1280 988//1281
f 973//1282 989//1283 988//1281
f 973//1282 988//1281 990//1284
f 985//1285 977//1286 989//1283
f 989//1283 969//1287 985//1285
f 980//1275 976//1274 986//1288
f 986//1288 976//1274 977//1286
f 924//1202 963//1226 928//1205
f 945//1289 952//1239 941//1228
f 973//1282 1120//1290 989//1283
f 1053//1291 1378//1292 1379//1293
f 992//1294 1054//1295 991//1296
f 992//1294 1123//1297 1054//1295
f 993//1298 998//1299 992//1294
f 1388//1300 994//1301 993//1298
f 994//1301 997//1302 999//1303
f 1003//1304 1426//1305 1428//1306
f 1088//1307 1006//1308 1009//1309
f 1005//1310 1009//1309 1006//1308
f 1137//1311 1135//1312 1426//1305
f 1009//1309 1007//1313 1088//1307
f 1434//1314 1432//1315 1138//1316
f 1133//1317 1128//1318 1004//1319
f 1133//1317 1004//1319 996//1320
f 1005//1310 996//1320 1427//1321
f 1012//1322 1011//1323 1100//1324
f 1010//1325 1012//1322 1039//1326
f 1016//1327 1017//1328 896//1188
f 1015//1329 1098//1330 1025//1331
f 1014//1332 1016//1327 1020//1333
f 1018//1334 943//1240 1019//1335
f 943//1240 1106//1336 1019//1335
f 1018//1334 1019//1335 1017//1328
f 1022//1337 1025//1331 1021//1338
f 1099//1339 1026//1340 1012//1322
f 1025//1331 1014//1332 1020//1333
f 1025//1331 1023//1341 1021//1338
f 1020//1333 1016//1327 1031//1342
f 1019//1335 1106//1336 1073//1180
f 1034//1343 1070//1344 1068//1345
f 1070//1344 1035//1346 1027//1347
f 1034//1343 1035//1346 1070//1344
f 1033//1348 1107//8 1032//1349
f 1097//1350 1015//1329 1026//1340
f 1039//1326 1319//1351 1045//1352
f 1040//1353 1046//1354 1049//1355
f 1039//1326 1044//1356 1319//1351
f 1230//1357 1042//1358 1038//1359
f 1060//1360 1234//1361 1378//1292
f 1060//1360 1042//1358 1234//1361
f 1447//1362 1043//1363 1387//1364
f 1320//1365 1323//1366 1046//1354
f 1050//1367 1048//1368 1446//1369
f 1053//1291 1052//1370 1060//1360
f 1447//1362 1058//1371 1043//1363
f 1447//1362 1048//1368 1056//1372
f 1062//1373 1063//1374 1380//1375
f 1061//1376 1063//1374 1062//1373
f 1059//1377 1063//1374 1061//1376
f 1130//1378 1063//1374 1059//1377
f 1130//1378 1065//1379 1063//1374
f 1070//1344 1024//1380 1069//1175
f 1017//1328 1019//1335 1071//1182
f 1032//1349 1075//1381 1074//1382
f 1033//1348 1032//1349 1074//1382
f 1068//1345 1070//1344 1069//1175
f 1078//1383 1079//1384 1100//1324
f 1079//1384 1122//1385 1077//1386
f 1122//1385 1121//1387 1077//1386
f 1113//1388 1130//1378 1080//1389
f 1084//1390 1125//1391 1113//1388
f 1082//1392 1089//1393 1117//1394
f 1093//1273 1086//1395 1087//1396
f 1087//1396 1006//1308 1093//1273
f 14//27 1096//1397 1138//1316
f 1095//1398 1092//31 1094//29
f 1128//1318 1087//1396 1085//1399
f 1100//1324 1079//1384 1104//1400
f 1054//1295 1122//1385 1079//1384
f 1128//1318 1089//1393 1127//1401
f 1100//1324 1099//1339 1012//1322
f 1097//1350 1098//1330 1015//1329
f 1097//1350 1102//1238 951//1236
f 1083//1402 1103//1403 1104//1400
f 1097//1350 1099//1339 941//1228
f 942//1234 943//1240 1018//1334
f 78//1404 1108//1405 4018//1406
f 1111//1407 4009//1408 4019//1409
f 4045//1410 979//1241 1110//1243
f 4045//1410 1110//1243 4036//1411
f 1108//1405 65//1412 1111//1407
f 4009//1408 1111//1407 65//1412
f 1027//1347 5//38 1028//1413
f 1103//1403 1115//1414 1114//1415
f 1117//1394 1116//1272 1115//1414
f 1119//1416 969//1287 4010//1417
f 99//1418 1120//1290 4012//1419
f 4037//1420 984//1421 70//1422
f 71//1423 1118//1424 100//1425
f 1123//1297 1122//1385 1054//1295
f 999//1303 998//1299 994//1301
f 1125//1391 1064//1426 1130//1378
f 999//1303 1127//1401 1126//1427
f 1128//1318 1127//1401 995//1428
f 995//1428 1127//1401 999//1303
f 1129//1429 1003//1304 1124//1430
f 1003//1304 1001//1431 1124//1430
f 1124//1430 1131//1432 1064//1426
f 1134//1433 1136//1434 1135//1312
f 1095//1398 1138//1316 1136//1434
f 1006//1308 1087//1396 1005//1310
f 1129//1429 1137//1311 1003//1304
f 1128//1318 1133//1317 1087//1396
f 1057//1435 1081//2 1058//1371
f 1082//1392 1117//1394 1103//1403
f 1090//19 1092//31 1091//1436
f 1307//1437 903//1438 1076//1439
f 892//1164 1067//1185 891//1186
f 1114//1415 1115//1414 968//1267
f 1364//1440 1143//1441 1341//1442
f 1144//1443 1141//1444 1145//1445
f 1354//1446 1144//1447 1145//1448
f 1162//1449 1151//1450 1149//1451
f 1148//1452 1147//1453 1151//1450
f 1148//1452 1154//1454 1147//1453
f 1165//1455 1154//1454 1148//1452
f 1157//1456 1166//1457 1159//1458
f 1154//1454 1185//1459 1182//1460
f 1157//1456 1159//1458 1156//1457
f 1146//1461 1162//1462 1139//1463
f 1153//1464 1164//1465 1163//1466
f 1166//1467 1165//1468 1148//1469
f 1164//1470 1166//1467 1148//1469
f 1166//1467 1160//1471 1165//1468
f 1165//1455 1160//1472 1185//1459
f 1139//1473 1162//1449 1149//1451
f 1193//1474 1170//1475 1169//1476
f 1193//1474 1191//1477 1170//1475
f 1170//1475 1191//1477 1172//1478
f 1172//1478 1174//1479 1173//1480
f 1175//1481 1173//1480 1174//1479
f 1437//1482 1173//1480 1175//1481
f 1176//1483 1201//1484 1442//1485
f 1442//1485 1441//1486 1176//1483
f 1441//1486 1437//1482 1175//1481
f 1438//1487 1443//1488 1203//1489
f 1175//1481 1176//1483 1441//1486
f 1177//1490 1189//1491 1186//1492
f 1189//1491 1179//1493 1191//1477
f 1154//1454 1168//1459 1167//1494
f 1157//1456 1156//1457 1183//1495
f 1183//1495 1156//1457 1184//1496
f 1182//1460 1169//1476 1168//1459
f 1158//1497 1183//1495 1187//1498
f 1188//1499 1411//1500 1171//1501
f 1194//1502 1192//1503 1171//1501
f 1192//1503 1188//1499 1171//1501
f 1197//1504 1196//1505 1188//1499
f 1161//1506 1195//1507 1177//1508
f 1179//1509 1178//1510 1197//1511
f 1197//1511 1180//1512 1179//1509
f 1180//1512 1197//1511 1181//1513
f 1197//1511 1178//1510 1196//1514
f 1158//1497 1195//1515 1161//1516
f 1198//1517 1207//1518 1199//1519
f 1207//1518 1201//1484 1199//1519
f 1207//1518 1202//1520 1201//1484
f 1198//1517 1199//1519 1175//1481
f 1175//1481 1199//1519 1176//1483
f 1440//1521 1205//1522 1194//1502
f 1203//1489 1204//1523 1209//1524
f 1208//1525 1205//1522 1203//1489
f 1201//1484 1200//1526 1442//1485
f 1444//1527 1204//1523 1443//1488
f 1444//1527 1206//1528 1210//1529
f 1204//1523 1203//1489 1443//1488
f 1206//1528 1444//1527 1445//1530
f 1208//1531 1198//1532 1181//1513
f 1209//1533 1198//1532 1208//1531
f 1206//1534 1202//1535 1210//1536
f 1210//1536 1207//1537 1209//1533
f 1191//1477 1190//1538 1174//1479
f 1205//1522 1192//1503 1194//1502
f 1181//1539 1192//1503 1205//1522
f 1210//1529 1209//1524 1204//1523
f 1214//1092 1213//1540 1357//1092
f 1214//1092 1288//1541 1213//1540
f 1218//1542 1216//1543 1252//1544
f 1216//1543 1219//1545 1226//1546
f 1219//1545 1355//1547 1338//1548
f 1211//1549 1355//1547 1219//1545
f 1221//1085 1211//1549 1216//1543
f 1215//1550 1288//1541 1214//1092
f 1308//1551 1226//1546 1232//1552
f 1227//1553 1229//1554 1228//1555
f 1255//1556 1231//1557 1251//1558
f 1233//1559 1227//1553 1234//1361
f 1235//1560 1253//1561 1387//1364
f 1242//1562 1236//1563 1244//1564
f 1237//1565 1238//1566 1257//1567
f 1238//1566 1236//1563 1241//1568
f 1242//1562 1229//1554 1241//1568
f 1395//1569 1242//1562 1396//1570
f 1396//1570 1242//1562 1245//1571
f 1245//1571 1244//1564 1368//1572
f 1244//1564 1245//1571 1242//1562
f 1368//1572 1246//1573 1245//1571
f 1245//1571 1246//1573 1397//1574
f 1369//1575 1259//1576 1243//1577
f 1366//1447 1240//1578 1259//1576
f 1257//1567 1233//1559 1250//1579
f 1254//1580 1324//1581 1255//1556
f 1257//1567 1241//1568 1229//1554
f 1258//1582 1260//1583 1259//1576
f 1240//1578 1239//1584 1258//1582
f 1229//1554 1227//1553 1257//1567
f 1263//1585 1292//1586 1266//1587
f 1321//1588 1264//1589 1261//1590
f 1329//1591 1267//1075 1297//1077
f 1262//1592 1270//1173 1269//1593
f 1274//1594 1334//1595 1331//1596
f 1274//1594 1331//1596 1272//1597
f 1275//1598 1335//1599 1300//1600
f 1268//1168 895//1167 1267//1075
f 1271//1601 1329//1591 1297//1077
f 1270//1173 899//1172 1269//1593
f 1335//1599 1334//1595 1274//1594
f 1266//1587 1292//1586 1278//1602
f 1279//1603 1278//1602 823//1072
f 1279//1603 1266//1587 1278//1602
f 839//1095 1282//1604 1290//1605
f 1290//1605 1289//1606 839//1095
f 1287//1150 1285//1607 1294//1608
f 1261//1590 1288//1541 1215//1550
f 1261//1590 1264//1589 1288//1541
f 1264//1589 1277//1609 1288//1541
f 1289//1606 1314//1610 1337//1611
f 1261//1590 1215//1550 1291//1612
f 1294//1608 1293//1613 1282//1604
f 1285//1607 1295//1614 1294//1608
f 1292//1586 1262//1592 1278//1602
f 1266//1587 1279//1603 1277//1609
f 1266//1587 1277//1609 1264//1589
f 1262//1592 1269//1593 824//1068
f 1296//1615 824//1068 1269//1593
f 1271//1601 1297//1077 1296//1615
f 1267//1075 895//1167 1298//1076
f 829//1159 1284//1616 888//1144
f 1304//1154 1330//1617 1303//1155
f 1263//1585 1264//1589 1305//1191
f 1306//1618 1265//1619 1263//1585
f 1321//1588 1261//1590 1291//1612
f 1309//1620 1321//1588 1291//1612
f 1337//1611 1313//1621 1336//1622
f 1252//1544 1308//1551 1316//1623
f 1311//1624 1312//1625 1295//1614
f 1333//1626 1314//1610 1312//1625
f 1319//1351 1315//1627 1316//1623
f 1317//1628 1326//1629 1320//1365
f 1316//1623 1315//1627 1225//1630
f 894//1631 1313//1621 1307//1437
f 1326//1629 1047//1632 1323//1366
f 1322//1633 1047//1632 1326//1629
f 894//1631 1322//1633 1313//1621
f 1231//1557 1255//1556 1325//1634
f 1325//1634 1255//1556 1324//1581
f 1310//1635 1317//1628 1324//1581
f 904//1178 1332//1176 1311//1624
f 1334//1595 1328//1177 1331//1596
f 1331//1596 1328//1177 904//1178
f 899//1172 1327//1184 1271//1601
f 898//1179 1270//1173 1265//1619
f 905//1183 1268//1168 1329//1591
f 1330//1617 1074//1382 1275//1598
f 1310//1635 1224//1636 1222//1637
f 1336//1622 1222//1637 1337//1611
f 1295//1614 1312//1625 1293//1613
f 1262//1592 824//1068 1283//1067
f 1306//1618 898//1179 1265//1619
f 903//1438 1307//1437 1333//1626
f 1355//1547 1339//1638 1338//1548
f 1339//1638 1355//1547 1343//1082
f 830//1639 1340//1640 1339//1638
f 1340//1640 1341//1641 1347//1642
f 1339//1638 1340//1640 1352//1643
f 1344//1644 1346//1645 1363//1646
f 1363//1646 845//1647 1344//1644
f 1238//1566 1347//1642 1348//1648
f 1237//1565 1350//1649 1347//1642
f 1347//1642 1140//1650 1348//1648
f 1354//1446 1353//1651 1349//1652
f 1342//1653 1367//1654 1353//1651
f 1212//1655 832//1080 1211//1549
f 1356//1100 1223//1656 1345//1098
f 832//1080 1343//1082 1355//1547
f 840//1094 1358//1093 1360//1094
f 1356//1100 840//1094 1360//1094
f 1360//1094 1359//1100 1356//1100
f 1345//1098 841//1097 1356//1100
f 1344//1644 1345//1098 1361//1657
f 1359//1100 1223//1656 1356//1100
f 1364//1440 1341//1442 1340//1658
f 830//1659 1362//1660 1340//1658
f 1354//1446 1364//1661 1353//1651
f 1142//1447 1366//1447 1152//1662
f 1142//1447 1354//1446 1349//1652
f 1247//1663 1155//1664 1152//1662
f 1372//1665 1400//1666 1371//1667
f 1234//1361 1228//1555 1378//1292
f 1383//1668 1386//1583 1380//1375
f 1413//1669 1386//1583 1383//1668
f 1376//1670 1382//1671 1395//1569
f 1400//1666 1376//1670 1395//1569
f 1395//1569 1382//1671 1377//1672
f 1387//1364 1381//1673 1385//1674
f 1381//1673 1386//1583 1385//1674
f 1382//1671 1376//1670 991//1296
f 1372//1665 1388//1300 993//1298
f 1389//1675 1390//1676 1388//1300
f 1390//1676 1389//1675 1374//1677
f 1372//1665 993//1298 992//1294
f 1388//1300 1372//1665 1389//1675
f 1391//1678 1380//1375 1065//1379
f 1393//1679 1392//1680 1131//1432
f 1394//1681 1402//1682 1393//1679
f 1396//1570 1397//1574 1400//1666
f 1398//1683 1384//1684 1401//1685
f 1403//1686 1398//1683 1402//1682
f 1246//1573 1404//1687 1397//1574
f 1405//1688 1406//1689 1184//1496
f 1405//1688 1370//1690 1398//1683
f 1172//1478 1409//1691 1170//1475
f 1409//1691 1374//1677 1408//1692
f 1169//1476 1408//1692 1407//1693
f 1410//1694 1411//1500 1406//1689
f 1411//1500 1410//1694 1171//1501
f 1371//1667 1407//1693 1373//1695
f 1406//1689 1405//1688 1403//1686
f 1398//1683 1403//1686 1405//1688
f 1399//1696 1243//1577 1413//1669
f 1399//1696 1413//1669 1384//1684
f 1416//1697 1415//1698 1430//1697
f 1443//1488 1438//1487 1422//1699
f 3105//1700 1421//1701 1434//1314
f 1418//1702 1417//1703 1427//1321
f 1438//1487 1431//1704 1433//1705
f 1424//1706 1414//1707 1419//1708
f 1002//1709 997//1302 1390//1676
f 1428//1306 1415//1698 1425//1710
f 996//1320 1004//1319 1419//1708
f 1424//1706 1419//1708 1002//1709
f 1425//1710 1000//1711 1001//1431
f 1426//1305 1135//1312 1429//1712
f 1427//1321 1420//1713 1009//1309
f 1422//1699 1433//1705 1432//1315
f 1007//1313 1423//1714 1008//1715
f 1135//1312 1136//1434 1433//1705
f 1432//1315 1434//1314 1421//1701
f 1429//1712 1433//1705 1431//1704
f 1435//1716 1173//1480 1414//1707
f 1412//1717 1416//1697 1436//1718
f 1439//1719 1436//1718 1416//1697
f 1418//1702 1173//1480 1437//1482
f 1439//1719 1416//1697 1431//1704
f 1438//1487 1203//1489 1439//1719
f 1439//1719 1440//1521 1436//1718
f 1423//1714 1007//1313 1442//1485
f 1421//1701 3105//1700 1444//1527
f 1444//1527 1443//1488 1421//1701
f 1445//1530 1444//1527 3105//1700
f 1000//1711 1393//1679 1131//1432
f 1409//1691 1172//1478 1435//1716
f 1420//1713 1442//1485 1007//1313
f 1437//1482 1441//1486 1417//1703
f 1424//1706 1409//1691 1414//1707
f 1448//1720 1446//1369 1447//1362
f 1381//1673 1387//1364 1449//1721
f 1386//1583 1449//1721 1062//1373
f 1184//1496 1156//1457 1405//1688
f 1230//1357 1233//1559 1042//1358
f 1396//1570 1245//1571 1397//1574
f 1243//1577 1260//1583 1413//1669
f 1239//1584 1240//1578 1349//1652
f 1288//1541 1276//1722 1213//1540
f 1302//1162 1300//1600 889//1158
f 997//1302 1388//1300 1390//1676
f 1319//1351 1318//1723 1045//1352
f 892//1164 1321//1588 893//1165
f 1305//1191 1321//1588 892//1164
f 1074//1382 908//1190 1335//1599
f 1155//1664 1370//1690 1159//1458
f 1451//1724 872//1122 1299//1153
f 1768//1725 1473//1726 1451//1724
f 1452//1727 1474//1728 1479//1729
f 1474//1728 1452//1727 1776//1730
f 1480//1731 1774//1732 1772//1733
f 1476//1734 1453//1735 1450//1736
f 1451//1724 1473//1726 1461//1737
f 1768//1725 1771//1738 1453//1735
f 1772//1733 1452//1727 1480//1731
f 1453//1735 1473//1726 1768//1725
f 1488//1739 1458//1740 1782//1741
f 1459//1742 1460//1743 1463//1744
f 1459//1742 872//1122 1461//1737
f 1462//1745 1463//1744 1460//1743
f 1462//1745 1475//1746 1464//1747
f 1465//1748 1464//1747 1475//1746
f 1482//1749 1471//1750 1465//1748
f 1467//1751 1471//1750 1466//1751
f 1482//1749 1466//1751 1471//1750
f 1466//1751 1494//1752 1467//1751
f 1474//1753 867//1138 872//1754
f 1469//1755 1468//1756 1463//1757
f 1459//1758 1474//1753 872//1754
f 1465//1759 1483//1760 1470//1761
f 1492//1762 1487//1763 1471//1764
f 872//1122 1451//1724 1461//1737
f 1475//1746 1476//1734 1477//1765
f 1453//1735 1460//1743 1473//1726
f 1469//1766 1478//1767 1480//1731
f 1469//1766 1470//1768 1478//1767
f 1480//1731 1479//1729 1469//1766
f 1468//1769 1469//1766 1479//1729
f 1776//1730 1304//1154 1474//1728
f 1479//1729 1480//1731 1452//1727
f 1470//1768 1483//1770 1484//1771
f 1484//1771 1485//1772 1457//1773
f 1490//1774 1486//1775 1472//1776
f 1466//1751 1482//1749 1458//1740
f 1786//1777 1478//1767 1484//1771
f 1457//1773 1786//1777 1484//1771
f 1457//1773 1489//1778 1787//1779
f 1458//1740 1481//1780 1466//1751
f 1788//1781 1489//1778 1490//1774
f 1891//1782 1788//1781 1490//1774
f 1498//1783 1481//1780 1488//1739
f 1477//1765 1456//1784 1482//1749
f 1490//1774 1489//1778 1486//1775
f 1486//1775 1457//1773 1485//1772
f 1478//1767 1786//1777 1454//1785
f 1493//1786 1494//1752 1481//1780
f 1493//1786 1495//1787 1494//1752
f 1499//1788 1839//1789 1496//1790
f 1891//1782 1501//1791 1797//1792
f 1500//1793 1503//1794 1839//1789
f 1500//1793 1839//1789 1841//1795
f 1491//1796 1509//1797 1501//1791
f 1512//1798 1502//1799 1892//1800
f 1503//1794 1496//1790 1839//1789
f 1509//1801 1495//1802 1510//1803
f 1510//1803 1512//1804 1509//1801
f 1509//1797 1512//1798 1892//1800
f 1511//1805 1497//1806 1513//1807
f 1514//1808 1896//1809 1513//1810
f 1497//1806 1514//1811 1513//1807
f 1515//1812 1505//1813 1514//1811
f 1505//1814 1896//1809 1514//1808
f 1494//1815 1472//1816 1467//1817
f 1491//1796 1891//1782 1490//1774
f 1522//1818 1518//1819 1629//1820
f 1626//1821 1519//1822 1522//1818
f 1518//1819 1517//1823 1521//1824
f 1517//1823 1516//1825 1521//1824
f 1633//1826 1799//1827 1800//1828
f 1647//1829 1525//1830 1526//1831
f 1526//1831 1525//1830 1524//1832
f 1650//1833 1530//1834 1528//1835
f 1812//1836 1532//1837 1651//1838
f 1531//1839 1526//1831 1806//1840
f 1528//1835 1520//1841 1523//1842
f 1527//1843 1529//1844 1805//1845
f 1529//1844 1527//1843 1626//1821
f 1519//1822 1626//1821 1527//1843
f 1660//1846 1539//1847 1536//1848
f 1539//1847 1538//1849 1536//1848
f 1536//1848 1538//1849 1535//1850
f 1542//1053 1543//1851 815//1050
f 1541//1852 1557//1853 816//1051
f 1550//1854 1549//1855 810//1856
f 819//1059 1550//1857 810//1044
f 1552//1858 1547//1859 817//1054
f 1554//1860 1548//1861 1547//1862
f 1556//1863 1551//1060 811//1046
f 821//1062 1556//1863 811//1046
f 813//1049 1545//1052 1544//1864
f 1548//1861 1555//1865 819//1055
f 1543//1851 1541//1852 815//1050
f 1544//1864 1570//1866 1569//1867
f 1562//1868 1559//1869 1546//1870
f 1559//1869 1558//1871 1543//1851
f 1555//1865 1548//1861 1554//1860
f 1563//1872 1564//1873 1555//1865
f 1565//1874 821//1062 822//1061
f 1590//1875 1563//1872 1555//1865
f 1567//1876 1562//1868 1560//1877
f 1557//1853 1570//1866 1545//1052
f 1565//1874 1568//1878 821//1062
f 1568//1878 1556//1863 821//1062
f 1541//1852 1558//1871 1561//1879
f 1569//1867 1573//1880 940//1881
f 1694//1882 1692//1883 1572//1884
f 1573//1885 950//1230 940//1886
f 1574//1887 1572//1884 1571//1888
f 1571//1888 1572//1884 1573//1885
f 1572//1884 1691//1889 950//1230
f 1695//1890 1577//1891 1597//1892
f 1700//1893 1579//1894 1576//1895
f 1578//1896 1694//1882 1574//1887
f 1576//1895 1579//1894 1575//1897
f 1583//1898 1574//1887 1571//1888
f 1582//1899 1588//1900 1552//1858
f 1599//1901 1585//1902 1588//1900
f 1584//1903 1586//1904 1559//1869
f 1587//1905 1584//1903 1562//1868
f 1593//1906 1591//1907 1567//1876
f 1594//1908 1608//1909 1563//1872
f 1606//1910 1594//1908 1563//1872
f 1591//1907 1562//1868 1567//1876
f 1585//1902 1592//1911 1566//1912
f 1557//1853 1561//1879 1571//1913
f 1592//1911 1589//1914 1566//1912
f 1589//1914 1606//1915 1590//1875
f 1559//1869 1583//1916 1558//1871
f 1583//1916 1571//1913 1561//1879
f 1565//1874 1595//1917 1568//1878
f 1597//1892 1582//1918 1596//1919
f 1597//1892 1585//1920 1599//1921
f 1587//1922 1601//1923 1586//1924
f 1614//1925 1601//1923 1587//1922
f 1603//1926 1585//1920 1598//1927
f 1577//1891 1603//1926 1598//1927
f 1600//1928 1604//1929 1602//1930
f 1604//1929 1612//1931 1602//1930
f 1607//1932 1594//1933 1606//1934
f 1605//1935 1607//1932 1606//1934
f 1609//1936 1608//1937 1594//1933
f 1607//1932 1609//1936 1594//1933
f 1611//1938 1713//1939 1609//1936
f 1602//1930 1607//1932 1605//1935
f 1602//1930 1612//1931 1611//1938
f 1600//1928 1602//1930 1592//1940
f 1602//1930 1605//1935 1592//1940
f 1619//1941 1617//1942 1620//1943
f 1618//1944 1581//1945 1616//1946
f 1620//1943 1617//1942 1615//1947
f 1617//1942 1618//1944 1616//1946
f 1615//1947 1617//1942 1616//1946
f 1621//1948 1620//1943 1593//1949
f 1622//1950 1593//1949 1595//1951
f 1622//1950 1625//1952 1714//1953
f 1620//1943 1614//1925 1591//1954
f 1624//1955 1619//1941 1621//1948
f 1616//1946 1601//1923 1615//1947
f 1619//1941 1710//1956 1617//1942
f 1621//1948 1619//1941 1620//1943
f 1575//1897 1583//1898 1586//1924
f 1580//1957 1576//1895 1601//1923
f 1581//1945 1580//1957 1616//1946
f 1605//1958 1606//1915 1589//1914
f 1592//1911 1605//1958 1589//1914
f 1580//1957 1700//1893 1576//1895
f 1568//1878 1593//1906 1567//1876
f 1713//1939 1613//1959 1609//1936
f 1591//1954 1614//1925 1587//1922
f 1588//1900 1566//1912 1553//1960
f 1568//1878 1567//1876 1556//1863
f 1649//1961 1626//1821 4051//1962
f 1649//1961 1652//1963 1523//1842
f 1627//1964 1629//1820 1692//1883
f 1693//1965 1631//1966 1640//1967
f 1636//1968 1647//1829 1648//1969
f 18//43 1633//1826 1635//1970
f 1635//1970 16//39 18//43
f 1628//1971 1638//1972 1640//1967
f 1638//1972 1652//1963 1649//1961
f 1638//1972 1628//1971 1652//1963
f 1634//1973 1639//1974 1637//1975
f 1696//1976 1641//1977 1640//1967
f 1630//1978 1640//1967 1638//1972
f 1697//1979 1645//1980 1642//1981
f 1697//1979 1642//1981 1699//1982
f 1659//1983 1705//1984 1644//1985
f 1637//1975 1643//1986 17//50
f 1631//1966 1696//1976 1640//1967
f 1013//1181 1632//1987 1521//1824
f 1630//1978 1638//1972 4051//1962
f 4051//1962 1638//1972 1649//1961
f 1672//1988 1645//1980 1697//1979
f 1647//1829 1635//1970 1525//1830
f 1626//1821 1649//1961 1529//1844
f 1654//1989 1534//1990 1628//1971
f 1531//1839 1653//1991 1634//1973
f 1812//1836 1651//1838 1653//1991
f 1655//1992 1639//1974 1653//1991
f 1656//1993 1658//1994 1643//1986
f 1658//1994 1659//1983 1644//1985
f 1656//1993 1639//1974 1655//1992
f 1656//1993 1643//1986 1639//1974
f 1526//1831 1531//1839 1648//1969
f 1660//1846 1536//1848 1661//1995
f 1536//1848 1535//1850 1641//1977
f 1666//1996 1665//1997 1662//1998
f 1657//1999 1666//1996 1658//1994
f 1665//1997 1668//2000 1667//2001
f 1540//2002 1664//2003 1663//2004
f 1857//2005 1540//2002 1670//2006
f 1661//1995 1641//1977 1642//1981
f 1673//2007 1670//2006 1646//2008
f 1670//2006 1663//2004 1672//1988
f 1658//1994 1662//1998 1659//1983
f 1675//2009 1659//1983 1667//2001
f 1675//2009 1705//1984 1659//1983
f 1674//2010 1676//2011 1675//2009
f 1674//2010 1677//2012 1676//2011
f 1678//2013 1673//2007 1646//2008
f 1663//2004 1661//1995 1645//1980
f 1679//2014 1678//2013 1680//2015
f 1687//2016 1680//2015 1718//2017
f 1667//2001 1668//2000 1675//2009
f 1668//2000 1683//2018 1674//2010
f 1679//2014 1671//2019 1678//2013
f 1684//2020 1688//2021 1677//2012
f 1685//2022 1923//2023 1681//2024
f 1685//2022 1681//2024 1717//2025
f 1690//2026 1689//2027 1681//2024
f 1677//2012 1685//2022 1717//2025
f 1691//1889 1692//1883 1632//1987
f 4003//2028 1577//1891 4056//2029
f 4026//2030 1695//1890 1596//1919
f 93//2031 1577//1891 1695//1890
f 4003//2028 4005//2032 1577//1891
f 1699//1982 1696//1976 1579//1894
f 1700//1893 1699//1982 1579//1894
f 1618//1944 1698//2033 1581//1945
f 1706//2034 24//54 22//53
f 23//56 1703//2035 28//57
f 1696//1976 1631//1966 1579//1894
f 1698//2033 1700//1893 1581//1945
f 1704//2036 1698//2033 1618//1944
f 1637//1975 17//50 20//40
f 1644//1985 22//53 1643//1986
f 1643//1986 22//53 1702//55
f 1720//2037 28//57 1703//2035
f 1720//2037 1712//2038 28//57
f 1703//2035 23//56 1706//2034
f 1711//2039 1710//1956 1619//1941
f 1724//2040 1711//2039 1619//1941
f 1712//2038 29//75 25//63
f 4014//2041 108//2042 1713//1939
f 1725//2043 30//72 29//75
f 1711//2039 1701//2044 1710//1956
f 1712//2038 1725//2043 29//75
f 1707//2045 1604//1929 1600//1928
f 72//2046 4028//2047 1604//1929
f 4038//2048 109//2049 1604//1929
f 1646//2008 1697//1979 1698//2033
f 1722//2050 1723//2051 1712//2038
f 1721//2052 1718//2017 1701//2044
f 1721//2052 1701//2044 1719//2053
f 1624//1955 1714//1953 1726//2054
f 1725//2043 1728//2055 30//72
f 1711//2039 1724//2040 1738//2056
f 1723//2051 1727//2057 1725//2043
f 1744//2058 1728//2055 1727//2057
f 1715//2059 31//69 1748//2060
f 1714//1953 1625//1952 1732//2061
f 1744//2058 1729//2062 1728//2055
f 1728//2055 1729//2062 30//72
f 1723//2051 1725//2043 1712//2038
f 1730//2063 1738//2056 1724//2040
f 1714//1953 1731//2064 1726//2054
f 1732//2061 1731//2064 1714//1953
f 1717//2025 1733//2065 1720//2037
f 1737//2066 1682//2067 1721//2052
f 1739//2068 1721//2052 1738//2056
f 1736//2069 1723//2051 1735//2070
f 1739//2068 1752//2071 1737//2066
f 1739//2068 1737//2066 1721//2052
f 1748//2060 1744//2058 1747//2072
f 1970//2073 1747//2072 1744//2058
f 1730//2063 1739//2068 1738//2056
f 1735//2070 1723//2051 1722//2050
f 1740//2074 1970//2073 1727//2057
f 1705//1984 22//53 1644//1985
f 1680//2015 1646//2008 1716//2075
f 1717//2025 1681//2024 1733//2065
f 1689//2027 1735//2070 1734//2076
f 1626//1821 1522//1818 1627//1964
f 1648//1969 1634//1973 16//39
f 1641//1977 1654//1989 1640//1967
f 1743//2077 1730//2063 1726//2054
f 1535//1850 1534//1990 1654//1989
f 1711//2039 1719//2053 1701//2044
f 1705//1984 1676//2011 1706//2034
f 1749//2078 1920//2079 1687//2016
f 1920//2079 1686//2080 1687//2016
f 1737//2066 1934//2081 1750//2082
f 1754//2083 1753//2084 1730//2063
f 1736//2069 1755//2085 1740//2074
f 1972//2086 1751//2087 1753//2084
f 1936//2088 1751//2087 1972//2086
f 1751//2087 1936//2088 1752//2071
f 1754//2083 1974//2089 1753//2084
f 1757//2090 1743//2077 1731//2064
f 1978//2091 1982//2092 1748//2060
f 1732//2061 1746//2093 1759//2094
f 1743//2077 1757//2090 1758//2095
f 1754//2083 1743//2077 1756//2096
f 1537//2097 1651//1838 1830//2098
f 1577//1891 1707//2045 1603//1926
f 1707//2045 1600//1928 1603//1926
f 1612//1931 1708//2099 1611//1938
f 1700//1893 1580//1957 1581//1945
f 1708//2099 1713//1939 1611//1938
f 1753//2084 1751//2087 1739//2068
f 1739//2068 1730//2063 1753//2084
f 1769//2100 1299//1153 1516//1825
f 1779//2101 1773//2102 1803//2103
f 1764//2104 1779//2101 1805//1845
f 1807//2105 1777//2106 1524//1832
f 1763//2107 1809//2108 1808//2109
f 1777//2106 1808//2109 1524//1832
f 1760//2110 1762//2111 1771//1738
f 1779//2101 1803//2103 1805//1845
f 1760//2110 1804//2112 1762//2111
f 1818//2113 1766//2114 1765//2115
f 1810//2116 1809//2108 1792//2117
f 1767//2118 1810//2116 1792//2117
f 1768//1725 1451//1724 1769//2100
f 1762//2111 1773//2102 1450//1736
f 1772//1733 1777//2106 1807//2105
f 1774//1732 1786//1777 1775//2119
f 1776//1730 1761//2120 1770//2121
f 1778//2122 1764//2104 1780//2123
f 1764//2104 1778//2122 1779//2101
f 1764//2104 1782//1741 1780//2123
f 1780//2123 1456//1784 1778//2122
f 1780//2123 1458//1740 1456//1784
f 1787//1779 1789//2124 1457//1773
f 1789//2124 1790//2125 1775//2119
f 1787//1779 1791//2126 1781//2127
f 1797//1792 1843//2128 1798//2129
f 1793//2130 1783//2131 1766//2114
f 1794//2132 1798//2129 1825//2133
f 1796//2134 1825//2133 1798//2129
f 1795//2135 1837//2136 1819//2137
f 1793//2130 1784//2138 1783//2131
f 1804//2112 1760//2110 1518//1819
f 1761//2120 1802//2139 1800//1828
f 1516//1825 1517//1823 1769//2100
f 1804//2112 1527//1843 1803//2103
f 1806//1840 1810//2116 1812//1836
f 1829//2140 1815//2141 1533//2142
f 1815//2141 1818//2113 1533//2142
f 1815//2141 1766//2114 1818//2113
f 1837//2136 1825//2133 1821//2143
f 1818//2113 1765//2115 1814//2144
f 1817//2145 1822//2146 1816//2147
f 1824//2148 1822//2146 1817//2145
f 1538//1849 1816//2147 1829//2140
f 1817//2145 1538//1849 1539//1847
f 1821//2143 1657//1999 1537//2097
f 1831//2149 1537//2097 1830//2098
f 1823//2150 1835//2151 1665//1997
f 1821//2143 1823//2150 1666//1996
f 1832//2152 1817//2145 1539//1847
f 1833//2153 1832//2152 1664//2003
f 1855//2154 1540//2002 1857//2005
f 1855//2154 1833//2153 1540//2002
f 1834//2155 1836//2156 1669//2157
f 1823//2150 1827//2158 1835//2151
f 1819//2137 1837//2136 1830//2098
f 1837//2136 1821//2143 1831//2149
f 1796//2134 1826//2159 1825//2133
f 1304//1154 1770//2121 1799//1827
f 1793//2130 1815//2141 1785//2160
f 1813//2161 1764//2104 1805//1845
f 1778//2122 1773//2102 1779//2101
f 1790//2125 1792//2117 1809//2108
f 1845//2162 1844//2163 1824//2148
f 1824//2148 1844//2163 1822//2146
f 1796//2134 1848//2164 1838//2165
f 1849//2166 1864//2167 1838//2165
f 1843//2128 1796//2134 1798//2129
f 1895//2168 1842//2169 1846//2170
f 1849//2166 1869//2171 1864//2167
f 1843//2128 1847//2172 1796//2134
f 1846//2170 1842//2169 1845//2162
f 1853//2173 1824//2148 1833//2153
f 1856//2174 1855//2154 1857//2005
f 1854//2175 1855//2154 1856//2174
f 1854//2175 1833//2153 1855//2154
f 1836//2156 1860//2176 1917//2177
f 1919//2178 1872//2179 1863//2180
f 1833//2153 1854//2175 1853//2173
f 1854//2175 1865//2181 1853//2173
f 1864//2167 1871//2182 1828//2183
f 1858//2184 1866//2185 1856//2174
f 1866//2185 1865//2181 1856//2174
f 1869//2171 1852//2186 1868//2187
f 1870//2188 1867//2189 1868//2187
f 1871//2182 1860//2176 1836//2156
f 1872//2179 1876//2190 1863//2180
f 1876//2190 1878//2191 1858//2184
f 1861//2192 1873//2193 1862//2194
f 1873//2193 1875//2195 1874//2196
f 1863//2180 1876//2190 1858//2184
f 1867//2189 1873//2193 1861//2192
f 1873//2193 1874//2196 1862//2194
f 1851//2197 1865//2181 1866//2185
f 1879//2198 1904//2199 1878//2191
f 1870//2188 1880//2200 1873//2193
f 1879//2198 1878//2191 1876//2190
f 1872//2179 1881//2201 1876//2190
f 1882//2202 1872//2179 1928//2203
f 1886//2204 1877//2205 1882//2202
f 1887//2206 1884//2207 1885//2208
f 1884//2207 1888//2209 1952//2210
f 1873//2193 1885//2208 1875//2195
f 1880//2200 1885//2208 1873//2193
f 1878//2191 1904//2199 1851//2197
f 1870//2188 1873//2193 1867//2189
f 1894//2211 1500//1793 1841//1795
f 1842//2169 1894//2211 1841//1795
f 1899//2212 1869//2171 1849//2166
f 1899//2212 1849//2166 1848//2164
f 1897//2213 1506//2214 1895//2168
f 1507//2215 1506//2214 1897//2213
f 1899//2212 1905//2216 1869//2171
f 1902//2217 1906//2218 1909//2219
f 1907//2220 1903//2221 1901//2222
f 1898//2222 1897//2213 1851//2197
f 1908//2223 1904//2199 1879//2198
f 1910//2224 1903//2221 1907//2220
f 1906//2218 2003//2225 1913//2226
f 1898//2222 1507//2215 1897//2213
f 1911//2227 1909//2219 1900//2228
f 1914//2229 1885//2208 1880//2200
f 1912//2230 1879//2198 1877//2205
f 1914//2229 1887//2206 1885//2208
f 1915//2231 1877//2205 1886//2204
f 2007//2232 1886//2204 1889//2233
f 2005//2234 1916//2235 1887//2206
f 1887//2206 1916//2235 1888//2209
f 2007//2232 1915//2231 1886//2204
f 1906//2218 1913//2226 1880//2200
f 1669//2157 1917//2177 1683//2018
f 1917//2177 1925//2236 1684//2020
f 1859//2237 1858//2184 1673//2007
f 1919//2178 1859//2237 1686//2080
f 1863//2180 1858//2184 1859//2237
f 1919//2178 1863//2180 1859//2237
f 1924//2238 1922//2239 1749//2078
f 1922//2239 1686//2080 1920//2079
f 1925//2236 1862//2194 1921//2240
f 1918//2241 1921//2240 1862//2194
f 1918//2241 1926//2242 1923//2023
f 1928//2203 1919//2178 1922//2239
f 1929//2243 1928//2203 1922//2239
f 1930//2244 1929//2243 1924//2238
f 1924//2238 1929//2243 1922//2239
f 1926//2242 1931//2245 1927//2246
f 1933//2247 1924//2238 1749//2078
f 1923//2023 1927//2246 1690//2026
f 1935//2248 1940//2249 1741//2250
f 1936//2088 1938//2251 1934//2081
f 1930//2244 1933//2247 1937//2252
f 1939//2253 1938//2251 1936//2088
f 1943//2254 1930//2244 1937//2252
f 1958//2255 1941//2256 1940//2249
f 1941//2256 1969//2257 1968//2258
f 1941//2256 1960//2259 1969//2257
f 1927//2246 1932//2260 1935//2248
f 1942//2261 1929//2243 1930//2244
f 1946//2262 1945//2263 1939//2253
f 1946//2262 1939//2253 1974//2089
f 1945//2263 1944//2264 1939//2253
f 1926//2242 1884//2207 1931//2245
f 1883//2265 1928//2203 1929//2243
f 1931//2245 1952//2210 1947//2266
f 1884//2207 1952//2210 1931//2245
f 1931//2245 1947//2266 1932//2260
f 1947//2266 1950//2267 1958//2255
f 1948//2268 1883//2265 1942//2261
f 1953//2269 1954//2270 1947//2266
f 1951//2271 1890//2272 1948//2268
f 2015//2273 1890//2272 1951//2271
f 1957//2274 1955//2275 1951//2271
f 1959//2276 1941//2256 1958//2255
f 1945//2263 1957//2274 1944//2264
f 1941//2256 1961//2277 1960//2259
f 1963//2278 1945//2263 1946//2262
f 1941//2256 1959//2276 1961//2277
f 1964//2279 1963//2278 1946//2262
f 1964//2279 1965//2280 2025//2281
f 1956//2282 1961//2277 1959//2276
f 2034//2283 1966//2284 1961//2277
f 1962//2285 1966//2284 1994//2286
f 1957//2274 1949//2287 1943//2254
f 1961//2277 1966//2284 1962//2285
f 1956//2282 1950//2267 1954//2270
f 1968//2258 1755//2085 1736//2069
f 1755//2085 1975//2288 1742//2289
f 1969//2257 1975//2288 1755//2085
f 1756//2096 1973//2290 1754//2083
f 1973//2290 1756//2096 1986//2291
f 1758//2095 1986//2291 1756//2096
f 1969//2257 1977//2292 1975//2288
f 1975//2288 1977//2292 1976//2293
f 1976//2293 1988//2294 1971//2295
f 1758//2095 1745//2296 1980//2297
f 1979//2298 1981//2299 1978//2091
f 1745//2296 1759//2094 1980//2297
f 1983//2300 1759//2094 1746//2093
f 1978//2091 1984//2301 1982//2092
f 1977//2292 1991//2302 1976//2293
f 1990//2303 1980//2297 1759//2094
f 1997//2304 1987//2305 1980//2297
f 1984//2301 1989//2306 1982//2092
f 1998//2307 1989//2306 1984//2301
f 1987//2305 1986//2291 1758//2095
f 1988//2294 1993//2308 1979//2298
f 1985//2309 1974//2089 1973//2290
f 1997//2304 1980//2297 1990//2303
f 1991//2302 1962//2285 1994//2286
f 1993//2308 1988//2294 1992//2310
f 1995//2311 1965//2280 1985//2309
f 1994//2286 1992//2310 1991//2302
f 1995//2311 1986//2291 1996//2312
f 2028//2313 1992//2310 1994//2286
f 1992//2310 2031//2314 1993//2308
f 1981//2299 1998//2307 1984//2301
f 1999//2315 1981//2299 1993//2308
f 1940//2249 1736//2069 1741//2250
f 1939//2253 1936//2088 1972//2086
f 1960//2259 1977//2292 1969//2257
f 1960//2259 1962//2285 1977//2292
f 1985//2309 1964//2279 1946//2262
f 1997//2304 1996//2312 1987//2305
f 1938//2251 1943//2254 1937//2252
f 1858//2184 1857//2005 1673//2007
f 1917//2177 1861//2192 1925//2236
f 1928//2203 1872//2179 1919//2178
f 2013//2316 1889//2233 1890//2272
f 1826//2159 1838//2165 1827//2158
f 1796//2134 1838//2165 1826//2159
f 1921//2240 1918//2241 1688//2021
f 1684//2020 1921//2240 1688//2021
f 1903//2317 1910//2318 2003//2319
f 2004//2320 2003//2319 2000//2321
f 2006//2322 2005//2234 2001//2229
f 2004//2323 2006//2322 2001//2229
f 2000//2321 2006//2324 2004//2320
f 2005//2234 2010//2325 1916//2235
f 2011//2326 2008//2327 2007//2232
f 2007//2232 2008//2327 1915//2231
f 2009//2328 2012//2316 2011//2326
f 2009//2328 2011//2326 2007//2232
f 2009//2328 2007//2232 2013//2316
f 2018//2329 2013//2316 2015//2273
f 2020//2330 2012//2316 2009//2328
f 2021//2331 2018//2329 2036//2332
f 2020//2330 2018//2329 2021//2331
f 2019//2333 2014//2334 2010//2325
f 2011//2335 2006//2324 2002//2336
f 2012//2337 2020//2338 2019//2339
f 2023//2340 2038//2341 2022//2342
f 2020//2338 2023//2343 2022//2344
f 2038//2341 2017//2345 2022//2342
f 2003//2225 2001//2229 1913//2226
f 2019//2333 2022//2342 2017//2345
f 2036//2332 2015//2273 1955//2275
f 1955//2275 2015//2273 1951//2271
f 1963//2278 2024//2346 1955//2275
f 2024//2346 2036//2332 1955//2275
f 2025//2281 2040//2347 2024//2346
f 2026//2348 2025//2281 1965//2280
f 2025//2281 2026//2348 2040//2347
f 2030//2349 2029//2350 1995//2311
f 1995//2311 2026//2348 1965//2280
f 1997//2304 1990//2303 2032//2351
f 2061//2352 2032//2351 1990//2303
f 1997//2304 2030//2349 1996//2312
f 2032//2351 2030//2349 1997//2304
f 1954//2270 2016//2353 2033//2354
f 2039//2355 2036//2332 2024//2346
f 2039//2355 2021//2331 2036//2332
f 2026//2348 2041//2356 2040//2347
f 2042//2357 2041//2356 2029//2350
f 2029//2350 2041//2356 2026//2348
f 2043//2358 2044//2359 1967//2360
f 2044//2359 2043//2358 2050//2361
f 2045//2362 2021//2331 2039//2355
f 2037//2363 2045//2362 2039//2355
f 2041//2356 2046//2364 2037//2363
f 2050//2361 2051//2365 2044//2359
f 2047//2366 2051//2367 2050//2368
f 2052//2369 2044//2359 2051//2365
f 2051//2367 2047//2366 2052//2370
f 2053//2371 2028//2313 1967//2360
f 2054//2372 2042//2357 2029//2350
f 2055//2373 2054//2372 2030//2349
f 2054//2372 2029//2350 2030//2349
f 2031//2314 2056//2374 2057//2375
f 2053//2371 2056//2374 2031//2314
f 1998//2307 1999//2315 2057//2375
f 1990//2303 1983//2300 2061//2352
f 2061//2352 2055//2373 2032//2351
f 2057//2375 2064//2376 1998//2307
f 2058//2377 1998//2307 2064//2376
f 1998//2307 2058//2377 1989//2306
f 2056//2374 2060//2378 2057//2375
f 2057//2375 2060//2378 2064//2376
f 2063//2379 2059//2380 2061//2352
f 2062//2381 2061//2352 1983//2300
f 2061//2352 2059//2380 2055//2373
f 2054//2382 2056//2383 2052//2370
f 2063//2384 2058//2385 2064//2386
f 1967//2360 2044//2359 2053//2371
f 2053//2371 2044//2359 2052//2369
f 2027//2387 1967//2360 1966//2284
f 1299//1153 1769//2100 1451//1724
f 1457//1773 1789//2124 1786//1777
f 1894//2211 1506//2214 1504//2388
f 1518//1819 1801//2389 1517//1823
f 1527//1843 1804//2112 1519//1822
f 1811//2390 1806//1840 1526//1831
f 1669//2157 1683//2018 1668//2000
f 1686//2080 1859//2237 1671//2019
f 1971//2295 1979//2298 1747//2072
f 1974//2089 1972//2086 1753//2084
f 1901//2391 1903//2317 1902//2392
f 234//194 2066//2393 2065//2394
f 2068//2395 2067//2396 2065//2394
f 234//2397 2070//2398 235//2399
f 2071//2400 2069//2401 2072//2402
f 2073//2403 2075//2404 2072//2402
f 2075//2404 2074//2405 2072//2402
f 2067//2396 2069//2401 2071//2400
f 2065//2406 2067//2407 2070//2398
f 2077//2408 2069//2409 2068//2410
f 2103//2411 2075//2412 2073//2413
f 2072//2414 2081//2415 2071//2416
f 2079//2417 2077//2408 2068//2410
f 2078//2418 2079//2417 2068//2410
f 2083//2419 2084//2420 2078//2418
f 2086//2421 2077//2408 2079//2417
f 2076//2422 2085//2423 2081//2415
f 2085//2423 2088//2424 2120//2425
f 2071//2416 2081//2415 2080//2426
f 2084//2420 2086//2421 2079//2417
f 2075//2404 2091//2427 2074//2405
f 2074//2428 2091//2429 2076//2422
f 2093//2430 2095//2431 2076//2422
f 2095//2432 2098//2433 2097//2434
f 2098//2433 2099//2435 2097//2434
f 2099//2436 2107//2437 2097//2438
f 2107//2437 2099//2436 2100//2439
f 2095//2431 2097//2438 2107//2437
f 2092//2440 2103//2411 2094//2441
f 2096//2442 2094//2441 2104//2443
f 2104//2443 2098//2444 2096//2442
f 2275//2445 2106//2446 2112//2447
f 2095//2431 2107//2437 2088//2424
f 2100//2439 2109//2448 2107//2437
f 2109//2448 2100//2439 2150//2449
f 2111//2450 2113//2451 2108//2452
f 2090//2453 2108//2452 2087//2454
f 2110//2455 2280//2456 2150//2449
f 2111//2450 2158//2457 2113//2451
f 2158//2457 2289//2458 2113//2451
f 2277//2459 2280//2456 2110//2455
f 2092//2460 2093//2461 2091//2427
f 2067//2407 2071//2416 2080//2426
f 2102//2462 2110//2455 2101//2463
f 2112//2447 2276//2464 2275//2445
f 2089//2465 2086//2421 2117//2466
f 2119//2467 2089//2465 2117//2466
f 2083//2419 2117//2466 2084//2420
f 2115//2468 2116//2469 2118//2470
f 2109//2448 2121//2471 2120//2425
f 2116//2469 2120//2425 2131//2472
f 2121//2471 2131//2472 2120//2425
f 2122//2473 2123//2474 2125//2475
f 2125//2475 2123//2474 2124//2476
f 2109//2448 2151//2477 2121//2471
f 2124//2476 2089//2465 2119//2467
f 2080//2426 2115//2468 2118//2470
f 2090//2453 2089//2465 2124//2476
f 2123//2474 2122//2473 2090//2453
f 2118//2470 2126//2478 285//2479
f 2130//2480 2127//2481 2118//2470
f 2131//2472 2130//2480 2116//2469
f 2121//2471 2151//2477 2134//2482
f 2135//2483 2125//2475 2136//2484
f 2137//2485 2197//2486 2134//2482
f 2153//2487 2155//2488 2133//2489
f 2138//2490 2144//2491 2133//2489
f 2142//2492 2143//2493 2140//2494
f 2151//2477 2153//2487 2134//2482
f 2133//2489 2137//2485 2134//2482
f 2133//2489 2144//2491 2137//2485
f 2140//2494 2135//2483 2141//2495
f 2141//2495 2135//2483 2136//2484
f 2170//2496 2145//2497 2139//2498
f 2139//2498 2148//2499 2138//2490
f 2139//2498 2145//2497 2148//2499
f 2172//2500 2203//2501 2233//2502
f 2148//2503 2145//2503 2144//2503
f 2138//2490 2148//2499 2144//2491
f 2109//2448 2150//2449 2151//2477
f 2158//2457 2111//2450 2122//2473
f 2114//2504 2301//2505 2157//2506
f 2152//2507 2150//2449 2280//2456
f 2162//2508 2157//2506 2301//2505
f 2157//2506 2162//2508 2155//2488
f 2156//2509 2160//2510 2159//2511
f 2160//2510 2156//2509 2163//2512
f 2163//2512 2164//2513 2160//2510
f 2156//2509 2159//2511 2154//2514
f 2157//2506 2155//2488 2153//2487
f 2167//2515 2154//2514 2140//2494
f 2165//2516 2161//2517 2166//2518
f 2168//2519 2163//2512 2167//2515
f 2171//2520 2172//2521 2147//2522
f 2174//2523 2173//2524 2149//2525
f 2175//2526 2183//2527 2174//2523
f 2175//2526 2174//2523 2149//2525
f 2178//2528 2177//2529 2169//2530
f 2181//2531 2180//2532 2168//2519
f 2183//2527 2182//2533 2174//2523
f 2184//2534 2183//2527 2175//2526
f 2139//2498 2166//2518 2169//2530
f 2169//2530 2170//2496 2139//2498
f 2169//2530 2177//2529 2170//2496
f 2155//2488 2165//2516 2133//2489
f 2173//2524 2143//2493 2149//2525
f 2135//2483 2154//2514 2122//2473
f 2163//2512 2156//2509 2167//2515
f 2192//2535 2213//2536 2190//2537
f 2190//2537 2204//2538 2191//2539
f 2186//2540 2189//2541 2119//2542
f 2190//2543 2125//2475 2124//2544
f 2199//2545 2200//2546 2201//2547
f 2198//2548 2129//2549 2200//2546
f 2233//2550 2205//2551 2146//2552
f 2204//2538 2236//2553 2191//2539
f 2205//2551 2206//2554 2199//2545
f 2205//2551 2199//2545 2202//2555
f 2196//2556 2193//2557 2128//2558
f 2199//2545 2198//2548 2200//2546
f 2198//2548 2196//2556 2129//2549
f 2233//2550 2203//2559 2207//2560
f 2196//2556 2128//2558 2129//2549
f 2209//2561 2212//2562 2188//2563
f 2187//2564 2210//2565 2213//2536
f 2216//2566 2215//2567 2196//2556
f 2215//2567 2194//2568 2193//2557
f 2214//2569 2217//2570 2195//2571
f 2221//2572 2247//2573 2216//2574
f 2247//2575 2220//2576 2216//2577
f 2236//2553 2224//2578 2237//2579
f 2223//2580 2204//2538 2213//2536
f 2223//2580 2236//2553 2204//2538
f 2206//2554 2216//2566 2199//2545
f 2207//2560 2208//2581 2225//2582
f 2225//2583 2226//2584 2222//2585
f 2219//2586 2255//2587 2213//2588
f 2220//2576 2214//2569 2215//2567
f 2225//2582 2221//2572 2206//2554
f 2216//2577 2220//2576 2215//2589
f 2190//2543 2136//2484 2125//2475
f 2241//2590 2142//2492 2231//2591
f 2237//2579 2238//2592 2241//2593
f 2236//2553 2231//2594 2191//2539
f 2240//2595 2232//2596 2238//2592
f 2143//2493 2142//2492 2241//2590
f 2234//2597 2175//2598 2149//2599
f 2175//2598 2234//2597 2235//2600
f 2145//2497 2146//2601 2202//2602
f 2243//2603 2242//2604 2238//2592
f 2242//2604 2239//2605 2240//2595
f 2244//2606 2242//2607 2229//2608
f 2144//2491 2202//2602 2201//2609
f 2187//2564 2213//2536 2192//2535
f 2205//2551 2207//2560 2206//2554
f 2199//2545 2216//2566 2198//2548
f 2216//2566 2196//2556 2198//2548
f 2218//2610 2188//2563 2212//2562
f 2246//2611 2218//2610 2212//2562
f 2222//2612 2248//2613 2221//2572
f 2247//2575 2245//2614 2220//2576
f 2249//2615 2219//2586 2218//2610
f 2249//2615 2250//2616 2219//2586
f 2246//2611 2249//2615 2218//2610
f 2245//2614 2251//2617 2217//2570
f 2247//2573 2248//2613 2254//2618
f 2222//2585 2253//2619 2262//2620
f 2254//2621 2252//2622 2245//2614
f 2244//2606 2229//2608 2272//2623
f 2260//2624 2272//2623 2230//2625
f 2250//2616 2258//2626 2219//2586
f 2257//2627 2228//2628 2227//2629
f 2219//2586 2258//2626 2255//2587
f 2261//2630 2264//2631 2246//2611
f 2265//2632 2264//2631 2261//2630
f 2264//2631 2266//2633 2246//2611
f 2262//2620 2270//2634 2269//2635
f 2262//2636 2268//2637 2254//2618
f 2259//2638 2258//2626 2274//2639
f 2272//2623 2260//2624 2348//2640
f 2250//2616 2274//2639 2258//2626
f 2271//2641 2260//2624 2228//2628
f 2245//2614 2217//2570 2214//2569
f 2256//2642 2223//2643 2255//2587
f 2220//2576 2245//2614 2214//2569
f 2185//2644 2083//2645 2082//530
f 2186//2540 2119//2542 2117//2646
f 2276//2647 2277//2648 2102//2649
f 2278//2650 2277//2648 2288//2651
f 2279//2652 2281//2653 2278//2650
f 2281//2654 2282//2655 2280//2456
f 2277//2459 2281//2654 2280//2456
f 2292//2656 2284//2657 2283//2658
f 2279//2652 2283//2658 2282//2659
f 2292//2656 2293//2660 2284//2657
f 2284//2661 2285//2662 2300//2663
f 2283//2664 2284//2661 2300//2663
f 2301//2505 2300//2663 2286//2665
f 2282//2655 2283//2664 2280//2456
f 2288//2666 2276//2464 2113//2451
f 2290//2667 2278//2668 2289//2458
f 2290//2667 2291//2669 2292//2670
f 2292//2670 2279//2671 2290//2667
f 2295//2672 2294//2673 2302//2674
f 2294//2673 2293//2675 2302//2674
f 2303//2676 2297//2677 2295//2672
f 2303//2676 2295//2672 2302//2674
f 2279//2671 2278//2668 2290//2667
f 2295//2678 2286//2679 2285//2680
f 2286//2665 2296//2681 2287//2682
f 2299//2683 2287//2682 2296//2681
f 2299//2684 2296//2685 2332//2686
f 2332//2686 2296//2685 2297//2687
f 2278//2668 2288//2666 2113//2451
f 2114//2504 2300//2663 2301//2505
f 2162//2508 2301//2505 2287//2682
f 2303//2676 2302//2674 2160//2510
f 2160//2510 2164//2513 2303//2676
f 2160//2510 2302//2674 2159//2511
f 2311//2688 2307//2689 2315//2690
f 2308//2691 2303//2676 2164//2513
f 2307//2689 2180//2532 2181//2531
f 2316//2692 2315//2690 2182//2533
f 2318//2693 2312//2694 2178//2528
f 2316//2692 2335//2695 2315//2690
f 2337//2696 2179//2697 2313//2698
f 2312//2694 2327//2699 2313//2698
f 2320//2700 2304//2701 2299//2683
f 2322//2702 2321//2703 2306//2704
f 2321//2703 2310//2705 2306//2704
f 2323//2706 2322//2707 2320//2708
f 2323//2706 2321//2709 2322//2707
f 2321//2703 2324//2710 2310//2705
f 2334//2711 2338//2712 2326//2713
f 2334//2711 2326//2713 2318//2714
f 2325//2715 2334//2711 2318//2714
f 2304//2701 2322//2702 2306//2704
f 2325//2715 2321//2709 2333//2716
f 2328//2717 2327//2699 2312//2694
f 2329//2718 2328//2719 2338//2712
f 2336//2720 2328//2719 2329//2718
f 2336//2720 2327//2721 2328//2719
f 2308//2691 2298//2722 2332//2723
f 2315//2690 2335//2695 2334//2724
f 2319//2725 2339//2726 2184//2534
f 2184//2534 2417//2727 2317//2728
f 2329//2729 2338//2730 2335//2695
f 2336//2731 2329//2729 2335//2695
f 2339//2726 2417//2727 2184//2534
f 2308//2691 2297//2677 2303//2676
f 2334//2724 2311//2688 2315//2690
f 2331//2732 2314//2733 2179//2697
f 2317//2728 2336//2731 2335//2695
f 2306//2704 2178//2528 2305//2734
f 2306//2704 2310//2705 2178//2528
f 2318//2693 2326//2735 2312//2694
f 2275//2736 2101//2737 2099//2435
f 2305//2734 2178//2528 2169//2530
f 2166//2518 2305//2734 2169//2530
f 2314//2733 2172//2521 2179//2697
f 2182//2533 2315//2690 2181//2531
f 2161//2517 2305//2734 2166//2518
f 2147//2522 2233//2502 2146//2601
f 2280//2456 2114//2504 2157//2506
f 2088//2424 2109//2448 2120//2425
f 2298//2738 2320//2708 2299//2684
f 2266//2633 2340//2739 2250//2616
f 2268//2637 2342//2740 2267//2741
f 2264//2631 2343//2742 2266//2633
f 2345//2743 2344//2744 2268//2637
f 2347//2745 2348//2640 2271//2641
f 2351//2746 2352//2747 2348//2640
f 2340//2739 2274//2639 2250//2616
f 2350//2748 2347//2745 2259//2638
f 2269//2635 2270//2634 2345//2743
f 2349//2749 2272//2623 2352//2747
f 2271//2641 2259//2638 2347//2745
f 2353//2750 2354//2751 2264//2631
f 2343//2742 2355//2752 2340//2739
f 2357//2753 2356//2754 2342//2755
f 2342//2740 2344//2744 2357//2756
f 2360//2757 2361//2758 2352//2747
f 2360//2757 2351//2746 2359//2759
f 2340//2739 2358//2760 2350//2748
f 2361//2758 2349//2749 2352//2747
f 2358//2760 2347//2745 2350//2748
f 2362//2761 2363//2762 2353//2750
f 2363//2762 2343//2742 2354//2751
f 2345//2743 2346//2763 2365//2764
f 2365//2765 2356//2765 2357//2765
f 2365//2766 2371//2767 2356//2768
f 2364//2769 2366//2770 2355//2752
f 2366//2770 2364//2769 2370//2771
f 2363//2762 2370//2771 2364//2769
f 2367//2772 2372//2773 2365//2764
f 2372//2774 2375//2775 2365//2766
f 2373//2776 2363//2762 2362//2761
f 2370//2771 2377//2777 2366//2770
f 2378//2778 2360//2757 2359//2759
f 2369//2779 2360//2757 2380//2780
f 2378//2778 2368//2781 2379//2782
f 2368//2781 2358//2760 2377//2777
f 2345//2743 2365//2764 2344//2744
f 2368//2781 2359//2759 2347//2745
f 2372//2774 2382//2783 2375//2775
f 2383//2784 2379//2782 2377//2777
f 2373//2776 2384//2785 2374//2786
f 2384//2785 2385//2787 2374//2786
f 2372//2773 2376//2788 2390//2789
f 2389//2790 2383//2784 2386//2791
f 2385//2787 2386//2791 2370//2771
f 2391//2792 2378//2778 2379//2782
f 2393//2793 2381//2794 2380//2780
f 2393//2793 2378//2778 2392//2795
f 2388//2796 2397//2797 2390//2789
f 2397//2797 2396//2798 2390//2789
f 2399//2799 2389//2790 2385//2787
f 2395//2800 2401//2801 2387//2802
f 2404//2803 2393//2793 2405//2804
f 2405//2804 2392//2795 2407//2805
f 2400//2806 2403//2807 2389//2790
f 2392//2795 2391//2792 2414//2808
f 2408//2809 2398//2810 2394//2811
f 2399//2799 2400//2806 2389//2790
f 2402//2812 2410//2813 2397//2797
f 2396//2798 2409//2814 2395//2800
f 2408//2809 2411//2815 2398//2810
f 2411//2815 2399//2799 2398//2810
f 2416//2816 2415//2817 2405//2804
f 2414//2808 2403//2807 2413//2818
f 2391//2792 2383//2784 2403//2807
f 2331//2819 2337//2820 2417//2821
f 2339//2822 2319//2823 2331//2819
f 2252//2622 2341//2824 2251//2617
f 2421//2825 2425//2826 2419//2827
f 2418//2828 2421//2825 2419//2827
f 2418//2828 2419//2827 598//2829
f 2422//2830 2424//2831 2423//2832
f 2420//2833 2428//2834 2425//2826
f 2537//2835 2436//2836 2438//2837
f 2435//2838 2433//2839 2434//2840
f 2435//2838 2434//2840 2436//2836
f 2431//2841 2435//2838 2537//2835
f 2424//2831 2440//2842 2439//2843
f 2444//2844 2448//2845 2592//2846
f 2438//2837 2436//2836 2439//2843
f 2485//2847 2446//2848 2439//2849
f 2455//2850 2551//2851 2454//2852
f 2419//2827 2452//2853 2450//2854
f 2501//2855 2464//2856 2455//2850
f 2458//2857 2452//2853 2426//2858
f 2459//2859 2444//2844 2429//2860
f 2427//2861 2459//2859 2429//2860
f 2459//2859 2463//2862 2444//2844
f 2442//2863 2458//2857 2428//2834
f 2456//2864 2460//2865 2427//2861
f 2476//2866 2434//2840 2433//2839
f 2172//2521 2477//2867 2430//2868
f 2430//2868 2477//2867 2467//2869
f 2466//2870 2591//2871 2437//2872
f 2476//2866 2473//2873 2434//2840
f 2469//2874 2465//2875 2485//2847
f 2473//2873 2465//2875 2469//2874
f 2467//2869 2627//2876 2433//2839
f 2479//2877 2591//2871 2466//2870
f 2478//2878 2623//2879 2591//2871
f 2475//2880 2474//2881 2449//2882
f 2629//2883 2468//2884 2471//2885
f 2471//2885 2437//2872 2449//2882
f 2471//2885 2468//2884 2437//2872
f 2517//2886 2457//2887 2480//2888
f 2482//2889 2481//2890 2461//2891
f 2481//2890 2517//2886 2480//2888
f 2486//2892 2475//2880 2470//2893
f 2486//2892 2470//2893 2472//2894
f 2487//2895 2483//2896 2463//2862
f 2523//2897 2487//2895 2459//2859
f 2642//2898 2465//2875 2473//2873
f 2489//2899 2484//2900 2483//2896
f 2639//2901 2488//2902 2490//2903
f 2481//2890 2482//2889 2524//2904
f 2492//2905 2491//2906 2486//2892
f 2485//2847 2490//2903 2446//2848
f 2488//2902 2482//2889 2461//2891
f 2462//2907 2472//2894 2448//2845
f 2463//2862 2462//2907 2445//2908
f 2494//2909 2495//2910 2510//2911
f 2510//2911 2499//2912 2494//2909
f 2505//2913 2495//2910 2494//2909
f 2505//2913 2494//2909 2496//2914
f 2510//2911 2509//2915 2499//2912
f 2450//2854 2451//2916 2498//2917
f 2503//2918 2521//2919 2502//2920
f 2503//2918 2502//2920 2458//2857
f 2493//2921 2494//2922 2497//2923
f 2507//2924 2464//2856 2505//2925
f 2508//2926 2523//2897 2460//2865
f 2497//2923 2499//2927 2451//2916
f 2500//2928 2464//2856 2501//2855
f 2451//2916 2499//2927 2509//2929
f 2510//2930 2454//2852 2511//2931
f 2512//2932 2511//2931 2454//2852
f 2495//2933 2505//2925 2500//2928
f 2500//2928 2501//2855 2510//2930
f 2518//2934 2672//2935 2516//2936
f 2514//2937 2496//2938 2506//2939
f 2514//2940 2515//2941 2496//2914
f 2513//2942 2514//2937 2506//2939
f 2529//2943 2514//2940 2513//2944
f 2530//2945 2513//2944 2522//2946
f 2519//2947 2487//2895 2523//2897
f 2518//2934 2522//2948 2521//2919
f 2518//2934 2517//2886 2525//2949
f 2483//2896 2520//2950 2489//2899
f 2520//2950 2483//2896 2487//2895
f 2520//2950 2519//2947 2527//2951
f 2524//2904 2517//2886 2481//2890
f 2528//2952 2507//2924 2515//2953
f 2532//2954 2531//2955 2527//2951
f 2530//2945 2529//2943 2513//2944
f 2494//2922 2499//2927 2497//2923
f 2418//2956 2533//2957 2421//2958
f 2431//2959 2537//2960 2543//2961
f 2538//2962 2432//2963 2539//2964
f 2539//2965 2544//2966 2538//2967
f 2542//2968 2543//2961 2541//2969
f 2537//2960 2545//2970 2543//2961
f 2583//2971 2543//2961 2542//2968
f 2534//2972 2533//2957 2418//2956
f 2533//2957 2535//2973 2422//2974
f 2535//2973 2544//2966 2539//2965
f 2538//2967 2544//2966 2537//2960
f 2537//2960 2544//2966 2545//2970
f 2554//2975 2557//2976 2555//2977
f 2557//2978 2427//2861 2429//2979
f 2559//2980 2557//2976 2556//2981
f 2559//2980 2556//2981 2548//2982
f 2548//2982 2556//2981 2546//2983
f 2557//2978 2552//2984 2427//2861
f 2557//2978 2554//2985 2552//2984
f 2550//2986 2553//2987 694//2988
f 2443//2989 2556//2990 2429//2979
f 2563//2991 2561//2992 2536//2993
f 2564//2994 2566//2995 2561//2996
f 2568//2997 2569//2998 2580//2999
f 2569//2998 2567//3000 2580//2999
f 2599//3001 2597//3002 2534//3003
f 2542//2968 2541//2969 2570//3004
f 2548//2982 2549//3005 2547//3006
f 2570//3004 2573//3007 2565//3008
f 2578//3009 2577//3010 2548//2982
f 2547//3006 2578//3009 2548//2982
f 2561//2992 2541//2969 2545//2970
f 2573//3011 2541//3012 2561//3013
f 2577//3010 2568//2997 2571//3014
f 2568//2997 2580//2999 2555//3015
f 2562//3016 2564//2994 2563//2991
f 2567//3000 2581//3017 2553//3018
f 2587//3019 2585//3020 2586//3021
f 2447//3022 2586//3021 2590//3023
f 2589//3024 2591//3025 2584//3026
f 2447//3022 2587//3019 2586//3021
f 2593//3027 2590//3023 2546//3028
f 2592//2846 2556//2990 2443//2989
f 2596//3029 2594//3030 2239//3031
f 2572//3032 2588//3033 2595//3034
f 2549//3005 2546//2983 2590//3035
f 2547//3006 2549//3005 2590//3035
f 2534//2972 2562//3016 2533//2957
f 2562//3016 2563//2991 2533//2957
f 2536//2993 2561//2992 2544//2966
f 2588//3033 2589//3036 2594//3037
f 2547//3006 2588//3033 2572//3032
f 2548//2982 2546//2983 2549//3005
f 2565//3008 2603//3038 2606//3039
f 2600//3040 2602//3041 2597//3042
f 2567//3000 2604//3043 2581//3017
f 2605//3044 2569//2998 2568//2997
f 2540//3045 2565//3008 2606//3039
f 2618//3046 2574//3047 2575//3048
f 2609//3049 2608//3050 2578//3009
f 2609//3049 2579//3051 2610//3052
f 2608//3050 2605//3044 2568//2997
f 2601//3053 2598//3054 2566//2995
f 2617//3055 2579//3051 2576//3056
f 2600//3040 2613//3057 2602//3041
f 2618//3046 2596//3029 2619//3058
f 2617//3055 2607//3059 2620//3060
f 2622//3061 2620//3060 2618//3046
f 2611//3062 2615//3063 2614//3064
f 2602//3041 2615//3065 2601//3053
f 2610//3052 2617//3055 2621//3066
f 2566//2995 2598//3054 2573//3011
f 2608//3050 2577//3010 2578//3009
f 2551//2851 694//3067 695//897
f 2630//3068 2478//2878 2479//2877
f 2479//2877 2628//3069 2630//3068
f 2629//2883 2628//3069 2468//2884
f 2634//3070 2630//3068 2628//3069
f 2628//3069 2629//2883 2634//3070
f 2632//3071 2624//3072 2631//3073
f 2638//3074 2641//3075 2629//2883
f 2637//3076 2638//3074 2491//2906
f 2636//3077 2465//2875 2642//2898
f 2465//2875 2639//2901 2490//2903
f 2640//3078 2637//3076 2491//2906
f 2465//2875 2644//3079 2639//2901
f 2676//3080 2640//3078 2492//2905
f 2475//2880 2638//3074 2474//2881
f 2643//3081 2641//3075 2638//3074
f 2651//3082 2642//2898 2625//3083
f 2635//3084 2629//2883 2641//3075
f 2645//3085 2655//3086 2477//2867
f 2330//3087 2645//3085 2477//2867
f 2646//3088 2624//3072 2632//3071
f 2646//3088 2647//3089 2624//3072
f 2633//3090 2646//3091 2632//3090
f 2657//3092 2646//3091 2648//3093
f 2657//3092 2647//3094 2646//3091
f 2633//3090 2632//3090 2655//3095
f 2649//3096 2652//3097 2642//2898
f 2647//3094 2656//3098 2653//3099
f 2653//3099 2660//3100 2654//3101
f 2664//3102 2651//3103 2654//3101
f 2478//2878 2659//3104 2623//2879
f 2656//3105 2657//3106 2634//3070
f 2658//3107 2478//2878 2633//3108
f 2659//3104 2319//2725 2623//2879
f 2658//3107 2659//3104 2478//2878
f 2663//3109 2662//3110 2643//3081
f 2664//3111 2660//3112 2635//3084
f 2641//3075 2661//3113 2635//3084
f 2652//3097 2650//3114 2636//3077
f 2654//3115 2651//3082 2625//3083
f 2647//3089 2653//3116 2624//3072
f 2653//3116 2654//3115 2626//3117
f 2626//3117 2654//3115 2625//3083
f 2665//3118 2524//2904 2673//3119
f 2524//2904 2526//3120 2673//3119
f 2666//3121 2668//3122 2639//2901
f 2666//3121 2670//3123 2668//3122
f 2667//3124 2666//3121 2639//2901
f 2668//3122 2669//3125 2526//3120
f 2669//3125 2673//3119 2526//3120
f 2680//3126 2669//3127 2670//3128
f 2670//3123 2669//3125 2668//3122
f 2672//2935 2525//2949 2671//3129
f 2665//3118 2671//3129 2525//2949
f 2531//3130 2672//3131 2671//3132
f 2677//3133 2665//3134 2673//3135
f 2665//3134 2681//3136 2671//3132
f 2675//3137 2676//3080 2492//2905
f 2677//3138 2674//3139 2489//2899
f 2678//3140 2677//3138 2489//2899
f 2679//3141 2640//3078 2676//3080
f 2674//3139 2680//3142 2675//3137
f 2680//3142 2676//3080 2675//3137
f 2681//3143 2678//3140 2520//2950
f 2650//3114 2682//3144 2644//3079
f 2682//3144 2667//3124 2644//3079
f 2667//3145 2679//3146 2666//3147
f 2667//3145 2684//3148 2679//3146
f 2680//3126 2670//3128 2666//3147
f 2684//3149 2637//3076 2679//3141
f 2684//3149 2663//3109 2637//3076
f 2683//3150 2676//3080 2680//3142
f 2683//3150 2679//3141 2676//3080
f 2674//3151 2669//3127 2680//3126
f 2674//3151 2673//3135 2669//3127
f 2631//3073 2627//2876 2467//2869
f 2625//3083 2473//2873 2476//2866
f 2672//3131 2531//3130 2516//3152
f 2482//2889 2526//3120 2524//2904
f 2512//3153 637//973 2498//3154
f 2509//2915 2511//3155 2498//3154
f 2686//3156 2613//3057 2685//3157
f 2615//3063 2688//3158 2614//3064
f 2612//3159 2689//3160 2604//3043
f 2692//3161 2622//3061 2619//3058
f 2621//3066 2620//3060 2694//3162
f 2620//3060 2622//3061 2703//3163
f 2687//3164 2698//3165 2697//3166
f 2695//3167 2698//3165 2615//3063
f 2696//3168 2695//3169 2615//3065
f 2691//3170 2699//3171 2616//3172
f 2699//3171 2690//3173 2616//3172
f 2703//3163 2692//3161 2707//3174
f 2694//3162 2703//3163 2706//3175
f 2705//3176 2621//3066 2704//3177
f 2705//3176 2691//3170 2693//3178
f 2701//3179 2708//3180 2696//3168
f 2708//3181 2698//3165 2695//3167
f 2709//3182 2713//3183 2702//3184
f 2715//3185 2706//3175 2707//3174
f 2704//3177 2694//3162 2716//3186
f 2717//3187 2716//3186 2706//3175
f 2718//3188 2710//3189 2705//3176
f 2697//3166 2698//3165 2712//3190
f 2710//3189 2722//3191 2711//3192
f 2722//3191 2721//3193 2711//3192
f 2716//3186 2724//3194 2714//3195
f 2725//3196 2717//3187 2715//3185
f 2724//3194 2717//3187 2726//3197
f 2718//3188 2723//3198 2710//3189
f 2709//3182 2702//3184 2690//3173
f 2710//3189 2699//3171 2700//3199
f 2699//3171 2709//3182 2690//3173
f 2705//3176 2704//3177 2714//3195
f 2727//3200 2729//3201 2712//3190
f 2728//3202 2727//3203 2719//3204
f 2730//3205 2723//3198 2718//3188
f 2731//3206 2732//3207 2728//3202
f 2732//3208 2733//3209 2729//3201
f 2732//3208 2737//3210 2733//3209
f 2743//3211 2741//3212 2726//3197
f 2738//3213 2734//3214 2721//3215
f 2739//3216 2735//3217 2736//3218
f 2726//3197 2725//3196 2740//3219
f 2742//3220 2724//3194 2741//3212
f 2736//3218 2722//3191 2723//3198
f 2732//3207 2745//3221 2744//3222
f 2738//3213 2746//3223 2734//3214
f 2747//3224 2745//3221 2731//3206
f 2739//3216 2750//3225 2735//3217
f 2750//3225 2749//3226 2738//3213
f 2406//3227 2752//3228 2740//3219
f 2741//3212 2743//3211 2752//3228
f 2755//3229 2753//3230 2741//3212
f 2754//3231 2751//3232 2739//3216
f 2737//3210 2748//3233 2733//3209
f 2753//3230 2754//3231 2742//3220
f 2757//3234 2737//3210 2744//3235
f 2745//3221 2757//3236 2744//3222
f 2757//3234 2756//3237 2737//3210
f 2747//3224 2757//3238 2745//3221
f 2759//3239 2758//3240 2749//3226
f 2751//3232 3398//3241 2750//3225
f 2750//3225 2759//3239 2749//3226
f 2760//3242 2752//3228 2406//3227
f 2761//3243 2753//3230 2755//3229
f 2762//3244 2755//3229 2752//3228
f 2751//3232 2754//3231 2763//3245
f 2719//3204 2727//3203 2708//3180
f 2730//3205 2718//3188 2714//3195
f 2659//3246 2655//3095 2645//3247
f 2658//3248 2633//3090 2655//3095
f 2616//3172 2605//3044 2691//3170
f 2693//3178 2609//3049 2610//3052
f 2691//3170 2605//3044 2609//3049
f 2401//2801 2409//3249 2766//3250
f 2767//3251 2768//3252 2410//2813
f 2412//3253 2772//3254 2773//3255
f 2775//3256 2413//2818 2400//2806
f 2779//3257 2416//2816 2407//2805
f 2765//3258 2775//3256 2400//2806
f 2769//3259 2765//3258 2399//2799
f 2411//2815 2769//3259 2399//2799
f 2412//3253 2771//3260 2409//2814
f 2776//3261 2777//3262 2413//2818
f 2780//3263 2411//2815 915//1208
f 2782//3264 2784//3265 2770//3266
f 2771//3260 2782//3264 2770//3266
f 2780//3263 2783//3267 2411//2815
f 2781//3268 2769//3259 2785//3269
f 2773//3255 2799//3270 2771//3260
f 2787//3271 2773//3255 2772//3254
f 2786//3272 2787//3271 2772//3254
f 2799//3270 2782//3264 2771//3260
f 2776//3261 2792//3273 2777//3262
f 2788//3274 2778//3275 2775//3256
f 2789//3276 2779//3257 2777//3262
f 2415//2817 2416//2816 2790//3277
f 2792//3273 2778//3275 2793//3278
f 2794//3279 2779//3257 2789//3276
f 2794//3279 2790//3277 2779//3257
f 2774//3280 2786//3281 2768//3252
f 2792//3273 2789//3276 2777//3262
f 2781//3268 2788//3274 2775//3256
f 2780//3263 2814//3282 2783//3267
f 2814//3282 2785//3269 2783//3267
f 2785//3269 2798//3283 2781//3268
f 2786//3272 2800//3284 2787//3271
f 2787//3271 2804//3285 2805//3286
f 2793//3278 2806//3287 2792//3273
f 2811//3288 2806//3287 2810//3289
f 2809//3290 2806//3287 2793//3278
f 2809//3290 2793//3278 2797//3291
f 2808//3292 2812//3293 2786//3281
f 2800//3284 2812//3294 2804//3285
f 2798//3283 2797//3291 2781//3268
f 2787//3271 2803//3295 2799//3270
f 2782//3264 2799//3270 2796//3296
f 2803//3295 2802//3297 2799//3270
f 2789//3276 2792//3273 2807//3298
f 2789//3276 2807//3298 2811//3288
f 2815//3299 2816//3300 2795//3301
f 2815//3299 2814//3302 972//3303
f 2815//3299 2795//3301 2814//3302
f 2873//3304 2818//3305 2815//3299
f 2816//3300 2821//3306 2798//3307
f 2824//3308 2821//3306 2825//3309
f 2828//3310 2827//3311 2802//3312
f 2826//3313 2801//3314 2796//3315
f 2802//3312 2826//3313 2796//3315
f 2828//3310 2820//3316 2827//3311
f 2827//3311 2896//3317 2826//3313
f 2811//3318 2810//3319 2832//3320
f 2830//3321 2810//3319 2809//3322
f 2831//3323 2832//3320 2810//3319
f 2833//3324 2837//3325 2805//3326
f 2808//3327 2834//3328 2812//3329
f 2812//3329 2833//3324 2804//3330
f 2834//3328 2840//3331 2833//3324
f 2837//3325 2836//3332 2829//3333
f 2837//3325 2838//3334 2900//3335
f 2829//3333 2836//3332 2828//3310
f 2823//3336 2820//3316 2828//3310
f 2837//3325 2833//3324 2839//3337
f 2839//3337 2838//3334 2837//3325
f 2841//3338 2790//3277 2813//3339
f 2843//3340 2824//3308 2842//3341
f 2844//3342 2832//3320 2831//3323
f 2850//3343 2847//3344 2845//3345
f 2847//3344 2846//3346 2841//3347
f 2850//3343 2849//3348 2851//3349
f 2849//3348 2845//3345 2844//3342
f 2850//3343 2845//3345 2849//3348
f 2834//3328 2835//3350 2913//3351
f 2846//3346 2847//3344 2853//3352
f 2845//3345 2811//3318 2844//3342
f 2813//3339 2790//3277 2794//3279
f 2834//3328 2912//3353 2840//3331
f 2798//3283 2809//3290 2797//3291
f 2798//3283 2785//3269 2795//3354
f 2831//3323 2830//3321 2824//3308
f 2848//3355 2831//3323 2824//3308
f 2856//3356 2874//3357 1008//1715
f 2855//3358 2924//3359 2875//3360
f 2922//3361 2926//3362 2921//3363
f 2860//3364 3109//3365 2859//3366
f 2863//3367 2861//3368 2880//3369
f 2858//3370 2863//3367 2924//3359
f 2857//3371 2881//3372 2874//3357
f 2857//3371 2855//3358 2881//3372
f 2868//3373 2867//3374 3133//3375
f 2872//3376 2972//3377 3142//3378
f 2871//3379 3142//3378 2972//3377
f 2961//3380 2976//3381 2872//3376
f 3147//3382 2961//3380 2872//3376
f 2877//3383 2878//3384 2898//3385
f 2880//3369 2879//3386 2877//3383
f 2881//3372 2875//3360 2873//3304
f 33//83 2921//3363 13//22
f 2882//3387 2921//3363 33//83
f 2929//3388 2925//3389 2884//3390
f 2875//3360 2877//3383 2876//3391
f 2887//3392 2878//3384 2886//3393
f 2916//3394 2895//3395 2936//3396
f 2892//3397 2891//3398 2893//3399
f 2890//3400 2891//3398 2905//3401
f 35//93 2889//3402 2883//3403
f 2931//3404 2887//3392 2886//3393
f 2894//3405 2887//3392 2931//3404
f 2820//3316 2823//3336 2897//3406
f 32//82 2883//3403 2884//3390
f 2903//3407 2842//3341 2825//3309
f 2904//3408 2843//3340 2842//3341
f 2907//3409 2911//3410 2843//3340
f 2904//3408 2842//3341 2906//3411
f 2906//3411 2842//3341 2903//3407
f 2899//3412 2905//3401 4049//3413
f 2914//3414 2852//3415 2851//3349
f 41//99 2915//111 45//3416
f 2917//3417 2895//3395 2916//3394
f 2919//119 2965//3418 2918//3419
f 2964//3420 2963//3421 2918//3419
f 2919//119 2918//3419 38//3422
f 46//114 43//109 2954//3423
f 2924//3359 2880//3369 2875//3360
f 2925//3389 2923//3424 2882//3387
f 2862//3425 2928//3426 2861//3368
f 2868//3373 2933//3427 2931//3404
f 2927//3428 2886//3393 2928//3426
f 2929//3388 2930//3429 2865//3430
f 2931//3404 2886//3393 2927//3428
f 2888//3431 2935//3432 2934//3433
f 2936//3396 2934//3433 2937//3434
f 2888//3431 2934//3433 2936//3396
f 2934//3433 3139//3435 2938//3436
f 2883//3403 2889//3402 2929//3388
f 2930//3429 2866//3437 2865//3430
f 2889//3402 2937//3434 2930//3429
f 2929//3388 2864//3438 2925//3389
f 2907//3409 2904//3408 2941//3439
f 2942//3440 2908//3441 2907//3409
f 2853//3352 2852//3415 2945//3442
f 2945//3442 2852//3415 2943//3443
f 2981//3444 2952//3445 2941//3439
f 2940//3446 2981//3444 2941//3439
f 2952//3445 2942//3440 2941//3439
f 2953//3447 2951//3448 2942//3440
f 43//109 2920//3449 3004//3450
f 2947//3451 2946//3452 3003//3453
f 2956//115 2995//3454 2950//3455
f 2957//3456 2995//3454 2954//3423
f 2956//115 2954//3423 2995//3454
f 2962//3457 2961//3380 2977//3458
f 2964//3420 2895//3395 2963//3421
f 2965//3418 2970//3459 2964//3420
f 2964//3420 2970//3459 2966//3460
f 2971//3461 2970//3459 2965//3418
f 2973//3462 3149//3463 2975//3464
f 2969//3465 2939//3466 2967//3467
f 2953//3447 2981//3444 2982//3468
f 2982//3468 2981//3444 2991//3469
f 2985//3470 2967//3467 2968//3471
f 2990//3472 3180//3473 3179//3474
f 2933//3427 2972//3377 2885//3475
f 2993//3476 2971//3461 2965//3418
f 2989//3477 2990//3472 2971//3461
f 3004//3450 2957//3456 2954//3423
f 2984//3478 2996//3479 2953//3447
f 2950//3455 2994//3480 2999//3481
f 2997//3482 2989//3477 2998//3483
f 3000//3484 2958//3485 2996//3479
f 2959//3486 3002//3487 2943//3443
f 3003//3453 2945//3442 3014//3488
f 2997//3482 3005//3489 2989//3477
f 2999//3481 3005//3489 2997//3482
f 2995//3454 3247//3490 3016//3491
f 3253//3492 2957//3456 3004//3450
f 2958//3485 2959//3486 2955//3493
f 40//118 2949//3494 2919//119
f 45//3416 2949//3494 40//118
f 2885//3475 2932//3495 2894//3405
f 2884//3390 2882//3387 33//83
f 2902//3496 2916//3394 35//93
f 2940//3446 2941//3439 2939//3466
f 2983//3497 2984//3478 2953//3447
f 3011//3498 2982//3468 2991//3469
f 2958//3485 3013//3499 2959//3486
f 3001//3500 3013//3499 2958//3485
f 3002//3487 2959//3486 3013//3499
f 3001//3500 3000//3484 3015//3501
f 3003//3453 3014//3488 3026//3502
f 3026//3502 3002//3487 3023//3503
f 3254//3504 3003//3453 3025//3505
f 2851//3349 2849//3348 2911//3410
f 2911//3410 2849//3348 2848//3355
f 2840//3331 2909//3506 2839//3337
f 3037//3507 3028//3508 3120//3509
f 3037//3507 3120//3509 3027//3510
f 3029//3511 3030//3512 3034//3513
f 3034//3513 3033//3514 3029//3511
f 3032//3515 3128//3516 3046//3517
f 3059//3518 3060//3519 3033//3514
f 3060//3519 3160//3520 3157//3521
f 3171//3522 3160//3520 3035//3523
f 3039//3524 3038//3525 3037//3507
f 3042//3526 3049//3527 3044//3528
f 3037//3507 3027//3510 1423//1714
f 3037//3507 3038//3525 3028//3508
f 3044//3528 3048//3529 3122//3530
f 3122//3530 3048//3529 3121//3531
f 3048//3529 1206//1528 1445//1530
f 3046//3517 3047//3532 3032//3515
f 3041//3533 3044//3528 3031//3534
f 3070//3535 3041//3533 3047//3532
f 3048//3536 3039//3537 1206//1534
f 3048//3536 3040//3538 3039//3537
f 3041//3533 3054//3539 3042//3526
f 3042//3540 3054//3541 3040//3538
f 3052//3542 3041//3533 3051//3543
f 3041//3533 3053//3544 3051//3543
f 3070//3535 3054//3539 3041//3533
f 3053//3544 3041//3533 3050//3545
f 3049//3546 3040//3538 3048//3536
f 1206//1534 3039//3537 1200//3547
f 3057//3548 3058//3549 3061//3550
f 3059//3518 3061//3550 3060//3519
f 3062//3551 3063//3552 3167//3553
f 3047//3532 3046//3517 3071//3554
f 3063//3552 3071//3554 3046//3517
f 3075//3555 3036//3555 3065//3556
f 3060//3519 3064//3557 3035//3523
f 3069//3558 3062//3551 3066//3559
f 3065//3556 3171//3522 3035//3523
f 3065//3556 3036//3555 3171//3522
f 3068//3560 3073//3561 3072//3562
f 3064//3557 3060//3519 3061//3550
f 3071//3563 3055//3564 3070//3565
f 3073//3566 3057//3567 3072//3568
f 3091//3569 3058//3570 3073//3566
f 3073//3566 3058//3570 3057//3567
f 3059//3518 3034//3513 3045//3571
f 3070//3565 3055//3564 3043//3572
f 3041//3533 3052//3542 3044//3528
f 3076//3573 3083//3574 3193//3575
f 3079//3576 3036//3555 3075//3555
f 3074//3577 3075//3555 3065//3556
f 3081//3578 3077//3579 3067//3580
f 3083//3574 3088//3581 3301//3582
f 3303//3583 3301//3582 3088//3581
f 3080//3584 3084//3585 3083//3574
f 3084//3585 3089//3586 3083//3574
f 3083//3574 3089//3586 3088//3581
f 3085//3587 3094//3588 3086//3589
f 3083//3574 3076//3573 3079//3576
f 3084//3590 3094//3591 3089//3592
f 3094//3591 3084//3590 3093//3593
f 3087//3594 3088//3581 3089//3586
f 3089//3592 3094//3591 3087//3595
f 3085//3587 3096//3596 3094//3588
f 3067//3580 3077//3579 3069//3558
f 3074//3597 3058//3570 3091//3569
f 3167//3553 3046//3517 3128//3516
f 3120//3509 3124//3598 3107//3599
f 2926//3362 3106//3600 3099//3601
f 1423//1714 3104//3602 2856//3356
f 3120//3509 3107//3599 3108//3603
f 3101//3604 3107//3599 3124//3598
f 3112//3605 3103//3606 3114//3607
f 3104//3602 2857//3371 2856//3356
f 3108//3603 3107//3599 2857//3371
f 3107//3599 2858//3370 2855//3358
f 3104//3602 3108//3603 2857//3371
f 3109//3365 3110//3608 3100//3609
f 2858//3370 3112//3605 2863//3367
f 3113//3610 3110//3608 2860//3364
f 3111//3611 2863//3367 3112//3605
f 3114//3607 2869//3612 3111//3611
f 3113//3610 2860//3364 2864//3438
f 3116//3613 3113//3610 2864//3438
f 3117//3614 3115//3615 2866//3437
f 2866//3437 2870//3616 3117//3614
f 3127//3617 3100//3609 3110//3608
f 3118//3618 3102//3619 3113//3610
f 3027//3510 3120//3509 3104//3602
f 3121//3531 3105//1700 3099//3601
f 3100//3609 3122//3530 3106//3600
f 3030//3512 3029//3511 3124//3598
f 3127//3617 3123//3620 3100//3609
f 3118//3618 3159//3621 3102//3619
f 3125//3622 3031//3534 3123//3620
f 3033//3514 3126//3623 3029//3511
f 3134//3624 3135//3625 2869//3612
f 3138//3626 3143//3627 3140//3628
f 2975//3464 3141//3629 3139//3435
f 3136//3379 3133//3375 3130//3630
f 3131//3631 3130//3630 3135//3625
f 3117//3614 3144//3632 3162//3633
f 3141//3629 2975//3464 3154//3634
f 3147//3382 2872//3376 3146//3635
f 2977//3458 3150//3636 2968//3471
f 3150//3636 3148//3637 3204//3638
f 3148//3637 3147//3382 3204//3638
f 3149//3463 3154//3634 2975//3464
f 3149//3463 3155//3639 3156//3640
f 3136//3379 3145//3641 3142//3378
f 3141//3629 3154//3634 3152//3642
f 3143//3627 3152//3642 3137//3643
f 3161//3644 3158//3645 3159//3621
f 3163//3646 3164//3647 3131//3631
f 3144//3632 3168//3648 3162//3633
f 3168//3648 3166//3649 3161//3644
f 3165//3650 3168//3648 3144//3632
f 3164//3647 3163//3646 3171//3522
f 3164//3647 3170//3651 3130//3630
f 3144//3632 3175//3652 3165//3650
f 3176//3653 3195//3654 3174//3655
f 3169//3656 3164//3647 3172//3657
f 3165//3650 3173//3658 3181//3580
f 3175//3652 3173//3658 3165//3650
f 3168//3648 3062//3551 3166//3649
f 3132//3659 3170//3651 3169//3656
f 3152//3642 3154//3634 3195//3654
f 2870//3616 3138//3626 3117//3614
f 3119//3660 3162//3633 3161//3644
f 3146//3635 3145//3641 3132//3659
f 2985//3470 2968//3471 3150//3636
f 3151//3661 3177//3662 2978//3663
f 3173//3658 3082//3664 3181//3580
f 3208//3665 3177//3662 3151//3661
f 3155//3639 3177//3662 3203//3666
f 3187//3667 3188//3668 3008//3669
f 3193//3575 3169//3656 3076//3573
f 3174//3655 3197//3670 3300//3671
f 3201//3672 3200//3673 3205//3674
f 3196//3675 3199//3676 3302//3677
f 3205//3674 3204//3638 3206//3678
f 3203//3666 3207//3679 3214//3680
f 3203//3666 3214//3680 3202//3681
f 3206//3678 3204//3638 3153//3682
f 3208//3665 3207//3679 3203//3666
f 3205//3674 3209//3683 3182//3684
f 3205//3674 3200//3673 3209//3683
f 3200//3673 3185//3685 3209//3683
f 3186//3686 3211//3687 3207//3679
f 3210//3688 3187//3667 3185//3685
f 3308//3689 3223//3690 3200//3673
f 3225//3691 3224//3692 3210//3688
f 3224//3692 3227//3693 3218//3694
f 3227//3693 3189//3695 3218//3694
f 3220//3696 3318//3697 3226//3698
f 3227//3693 3222//3699 3189//3695
f 3184//3700 3204//3638 3205//3674
f 3153//3682 3146//3635 3190//3701
f 3229//3702 3179//3474 3180//3473
f 3232//3703 3009//3704 3012//3705
f 2992//3706 3233//3707 3180//3473
f 3212//3708 3186//3686 3178//3709
f 3237//3710 3015//3501 3010//3711
f 3022//3712 3015//3501 3238//3713
f 3234//3714 3244//3715 3241//3716
f 3017//3717 3246//3718 3245//3719
f 3244//3715 3260//3720 3241//3716
f 3233//3707 3240//3721 3229//3702
f 3240//3721 3235//3722 3230//3723
f 3016//3491 3247//3490 3250//3724
f 3016//3491 3250//3724 3020//3725
f 3248//3726 3021//3727 3249//3728
f 3023//3503 3013//3499 3248//3726
f 3254//3504 3025//3505 3265//3729
f 3257//3730 3251//3731 3250//3724
f 3247//3490 3252//3732 3256//3733
f 3274//3734 3249//3728 3239//3735
f 3263//3736 3249//3728 3274//3734
f 3238//3713 3237//3710 3261//3737
f 3274//3734 3239//3735 3238//3713
f 3264//3738 3248//3726 3266//3739
f 3252//3732 3258//3740 3289//3741
f 3267//3742 3255//3743 3268//3744
f 3254//3504 3265//3729 3267//3742
f 3267//3742 3295//3745 3254//3504
f 3256//3733 3252//3732 3289//3741
f 3255//3743 3023//3503 3264//3738
f 3244//3715 3276//3746 3260//3720
f 3221//3747 3220//3696 3259//3748
f 3244//3715 3277//3749 3276//3746
f 3219//3750 3270//3751 3243//3752
f 3259//3748 3276//3746 3221//3747
f 3282//3753 3271//3754 3278//3755
f 3278//3755 3271//3754 3270//3751
f 3280//3756 3263//3736 3279//3757
f 3275//3758 3287//3759 3283//3760
f 3275//3758 3285//3761 3287//3759
f 3286//3762 3366//3763 3288//3764
f 3275//3758 3283//3760 3277//3749
f 3256//3733 3289//3741 3292//3765
f 3290//3766 3291//3767 3264//3738
f 3268//3744 3264//3738 3291//3767
f 3291//3767 3290//3766 3281//3768
f 3258//3740 3298//3769 3289//3741
f 3258//3740 3299//3770 3298//3769
f 3258//3740 3024//3771 3299//3770
f 3292//3765 3366//3763 3296//3772
f 3335//3773 3366//3763 3292//3765
f 3298//3769 3299//3770 3375//3774
f 3293//3775 3292//3765 3289//3741
f 3264//3738 3023//3503 3248//3726
f 3251//3731 3257//3730 3273//3776
f 3269//3777 3254//3504 3295//3745
f 3017//3717 3234//3714 3231//3778
f 3249//3728 3022//3712 3239//3735
f 3257//3730 3286//3762 3273//3776
f 3263//3736 3290//3766 3266//3739
f 3257//3730 3296//3772 3286//3762
f 3290//3766 3263//3736 3281//3768
f 3300//3671 3082//3664 3173//3658
f 3300//3671 3085//3587 3086//3589
f 3303//3583 3198//3779 3301//3582
f 3197//3670 3090//3780 3085//3587
f 3302//3677 3304//3781 3090//3780
f 3201//3672 3306//3782 3307//3783
f 3305//3784 3313//3785 3097//3786
f 3308//3689 3307//3783 3314//3787
f 3227//3693 3224//3692 3342//3788
f 3228//3789 3324//3790 3349//3791
f 3321//3792 3349//3791 3325//3793
f 3326//3794 3327//3795 3314//3796
f 3313//3785 3315//3797 3326//3798
f 3182//3684 2987//3799 2985//3470
f 3304//3781 3302//3677 3199//3676
f 3308//3689 3310//3800 3223//3690
f 3311//3801 3215//3802 3216//3801
f 3226//3698 3318//3697 3322//3803
f 3187//3667 3008//3669 3007//3804
f 3240//3721 3213//3805 3235//3722
f 3324//3790 3228//3789 3221//3747
f 3280//3756 3279//3757 3331//3806
f 3291//3767 3334//3807 3268//3744
f 3336//3808 3281//3768 3333//3809
f 3281//3768 3336//3808 3291//3767
f 3334//3807 3291//3767 3336//3808
f 3299//3770 3294//3810 3379//3811
f 3269//3777 3295//3745 3381//3812
f 3267//3742 3268//3744 3334//3807
f 3375//3774 3297//3813 3293//3775
f 3334//3807 3337//3814 3267//3742
f 3344//3815 3328//3816 3341//3817
f 3328//3816 3222//3699 3341//3817
f 3344//3815 3358//3818 3350//3819
f 3346//3820 3372//3821 3365//3822
f 3358//3818 3344//3815 3341//3817
f 3350//3819 3346//3820 3344//3815
f 3327//3795 3353//3823 3316//3824
f 3323//3825 3355//3792 3354//3826
f 3355//3827 3339//3828 3354//3829
f 3356//3830 3355//3792 3347//3831
f 3358//3832 3355//3827 3356//3833
f 3357//3834 3350//3835 3356//3833
f 3360//3836 3350//3835 3357//3834
f 3351//3837 3360//3838 3359//3839
f 3351//3837 3361//3840 3360//3838
f 3372//3841 3352//3842 3360//3836
f 3362//3843 3364//3844 3345//3845
f 3331//3806 3330//3846 3365//3822
f 3365//3822 3329//3847 3346//3820
f 3288//3764 3366//3763 3371//3848
f 3363//3849 3288//3764 3371//3848
f 3370//3850 3332//3851 3369//3852
f 3333//3809 3332//3851 3370//3850
f 3371//3848 3388//3853 3363//3849
f 3363//3849 3388//3853 3364//3844
f 3383//3854 3369//3852 3372//3821
f 3390//3855 3369//3852 3383//3854
f 3390//3855 3370//3850 3369//3852
f 3371//3848 3389//3856 3388//3853
f 3372//3821 3369//3852 3365//3822
f 3364//3844 3388//3853 3351//3837
f 3371//3848 3367//3857 3389//3856
f 3373//3858 3389//3856 3367//3857
f 3374//3859 3367//3857 3368//3860
f 3366//3763 3335//3773 3368//3860
f 3335//3773 3377//3861 3368//3860
f 3379//3811 3375//3774 3299//3770
f 3375//3774 3379//3811 3382//3862
f 3375//3774 3382//3862 3377//3861
f 3384//3863 3333//3809 3385//3864
f 3333//3809 3384//3863 3376//3865
f 3385//3864 3333//3809 3390//3855
f 3377//3861 3374//3859 3368//3860
f 3377//3861 3382//3862 3391//3866
f 3393//3867 3378//3868 3386//3869
f 3378//3868 3376//3865 3384//3863
f 3946//3870 3381//3812 3387//3871
f 3381//3812 3337//3814 3393//3867
f 3389//3872 3383//3873 3388//3874
f 3385//3875 3390//3876 3389//3872
f 3373//3877 3385//3875 3389//3872
f 3391//3878 3386//3879 3374//3880
f 3392//3881 3386//3879 3391//3878
f 3392//3882 3391//3866 3382//3862
f 3379//3883 3387//3884 3393//3885
f 3380//3886 3387//3884 3379//3883
f 3379//3883 3393//3885 3392//3881
f 3388//3853 3361//3840 3351//3837
f 3366//3763 3368//3860 3367//3857
f 3297//3813 3335//3773 3292//3765
f 3353//3887 3327//3888 3317//3889
f 1549//1855 3394//3890 2747//3891
f 3394//3892 2757//3238 2747//3224
f 3396//3893 3401//3894 3395//3895
f 3397//3896 3400//3897 3396//3898
f 3398//3241 3402//3899 2750//3225
f 3402//3899 2759//3239 2750//3225
f 3406//3900 3404//3901 2761//3243
f 3399//3902 3397//3896 2757//3234
f 2762//3244 2760//3242 3405//3903
f 3407//3904 3408//3905 3399//3902
f 3397//3896 3399//3902 3409//3906
f 3409//3906 3400//3897 3397//3896
f 2759//3239 3410//3907 2758//3240
f 3408//3905 3411//3908 3399//3902
f 3414//3909 3413//3910 3402//3899
f 3415//3911 2762//3244 3405//3903
f 3417//3912 3416//3913 2764//3914
f 3416//3913 3421//3915 2763//3245
f 3418//3916 3401//3894 3400//3917
f 3421//3915 3414//3909 3403//3918
f 3419//3919 3406//3900 2762//3244
f 3413//3910 3410//3907 2759//3239
f 3402//3899 3413//3910 2759//3239
f 3417//3912 3404//3901 3420//3920
f 3412//3921 3422//3922 3423//3923
f 3424//3924 3408//3905 3407//3904
f 3425//3925 3428//3926 3414//3909
f 3424//3924 3427//3927 3408//3905
f 3427//3928 3426//3929 3408//3905
f 3418//3916 3429//3930 3401//3894
f 3430//3931 3431//3932 3421//3915
f 3423//3923 3433//3933 3418//3934
f 3437//3935 3430//3931 3432//3936
f 3421//3915 3431//3932 3414//3909
f 3431//3932 3425//3925 3414//3909
f 3434//3937 3423//3923 3422//3922
f 3426//3929 3422//3922 3411//3908
f 3420//3920 3406//3900 3435//3938
f 3435//3938 3437//3935 3420//3920
f 3438//3939 3410//3907 3413//3910
f 3424//3940 3441//3941 3427//3942
f 3441//3941 3442//3943 3427//3942
f 3448//3944 3446//3945 3434//3946
f 3446//3945 3433//3947 3434//3946
f 3446//3945 3447//3948 3433//3947
f 3450//3949 3447//3948 3446//3945
f 3437//3950 3462//3951 3436//3952
f 3452//3953 3447//3948 3450//3949
f 3444//3954 3454//3955 3443//3956
f 3454//3955 3453//3957 3443//3956
f 3455//3958 3452//3953 3448//3944
f 3453//3957 3455//3958 3451//3959
f 3451//3959 3455//3958 3448//3944
f 3453//3957 3451//3959 3443//3956
f 3443//3956 3451//3959 3439//3960
f 3451//3959 3448//3944 3434//3946
f 3456//3961 1623//3962 3438//3963
f 3457//3964 3456//3961 3428//3965
f 3428//3965 3456//3961 3438//3963
f 3458//3966 3445//3967 3441//3941
f 3459//3968 3460//3969 3456//3961
f 3460//3969 3479//3970 3456//3961
f 3482//3971 3481//3972 3457//3964
f 3468//3973 3466//3974 3435//3975
f 3467//3976 3435//3975 3465//3977
f 3473//3978 3468//3973 3467//3976
f 3491//3979 3476//3980 3466//3974
f 3466//3974 3476//3980 3470//3981
f 3477//3982 3495//3983 3471//3984
f 3470//3981 3476//3980 3471//3984
f 3476//3980 3477//3982 3471//3984
f 2854//3985 3473//3978 3467//3976
f 3466//3974 3469//3986 3435//3975
f 3474//3987 3491//3979 3468//3973
f 3468//3973 3491//3979 3466//3974
f 3435//3975 3469//3986 3437//3950
f 3471//3984 3463//3988 3462//3951
f 3427//3928 3442//3989 3426//3929
f 3436//3990 3425//3925 3431//3932
f 3426//3929 3439//3991 3422//3922
f 3439//3991 3434//3937 3422//3922
f 3428//3926 3413//3910 3414//3909
f 3461//3992 3425//3993 3436//3952
f 3495//3983 3463//3988 3471//3984
f 3412//3921 3418//3934 3400//3897
f 3432//3936 3416//3913 3417//3912
f 110//3994 3445//3967 104//3995
f 110//3994 111//3996 3445//3967
f 3486//3997 3487//3998 52//136
f 3489//3999 3474//3987 3473//3978
f 3549//4000 3500//4001 3490//4002
f 3493//4003 62//155 57//148
f 3491//3979 3549//4000 3490//4002
f 4034//4004 87//4005 3488//4006
f 3496//4007 3464//4008 3494//4009
f 3500//4001 3501//4010 3477//3982
f 3495//3983 3520//4011 3496//4007
f 3495//3983 3496//4007 3494//4009
f 3496//4007 3484//4012 3464//4008
f 3504//4013 3497//160 3503//4014
f 3505//4015 3492//4016 60//159
f 3506//4017 60//159 64//158
f 3505//4015 3493//4003 3492//4016
f 3497//160 3507//4018 3499//4019
f 97//4020 4043//4021 3453//3957
f 54//4022 3497//160 53//137
f 4035//4023 86//4024 3454//3955
f 3512//4025 3511//4026 3459//3968
f 3516//4027 3512//4025 3483//4028
f 50//163 3508//4029 48//124
f 3514//4030 3515//4031 3485//4032
f 3511//4026 3510//4033 3460//3969
f 3509//4034 1746//2093 1625//1952
f 3513//4035 3529//4036 3512//4025
f 3512//4025 3517//4037 3513//4035
f 3518//4038 3487//3998 3486//3997
f 3516//4027 3524//4039 3517//4037
f 3519//4040 3568//4041 3523//4042
f 3568//4041 3519//4040 3520//4011
f 3519//4040 3523//4042 3522//4043
f 3484//4012 3519//4040 3522//4043
f 3519//4040 3484//4012 3496//4007
f 3508//4029 3514//4030 3480//139
f 3526//4044 3525//4045 1715//2059
f 3529//4036 3528//4046 3511//4026
f 3509//4034 3527//4047 1746//2093
f 3533//4048 3521//4049 3503//4014
f 3533//4048 3487//3998 3534//4050
f 3533//4048 3503//4014 3487//3998
f 3518//4038 3538//4051 3534//4050
f 3537//4052 3518//4038 3515//4031
f 3529//4036 3536//4053 3620//4054
f 3536//4053 3529//4036 3513//4035
f 3543//4055 3538//4051 3518//4038
f 3544//4056 3545//4057 3534//4050
f 3518//4038 3485//4032 3515//4031
f 3532//4058 3537//4052 3514//4030
f 3531//4059 3530//4060 3525//4045
f 55//146 3550//4061 44//108
f 61//4062 3550//4061 55//146
f 62//155 3553//4063 61//4062
f 3493//4003 3553//4063 62//155
f 3556//4064 3557//4065 3553//4063
f 3555//4066 3547//4067 3546//4068
f 3489//3999 3555//4066 3546//4068
f 3561//4069 3549//4000 3548//4070
f 3558//4071 3561//4069 3548//4070
f 3563//4072 3554//4073 3493//4003
f 3562//4074 3594//4075 3559//4076
f 3549//4000 3562//4074 3559//4076
f 3595//4077 3569//4078 3502//4079
f 3569//4078 3568//4041 3520//4011
f 3570//4080 3573//4081 3506//4017
f 3571//4082 3563//4072 3505//4015
f 3563//4072 3572//4083 3554//4073
f 3573//4081 3505//4015 3506//4017
f 3552//4084 3577//4085 3551//4086
f 3580//4087 3566//4088 3565//4089
f 3566//4088 3578//4090 3558//4071
f 3581//4091 3556//4064 3572//4083
f 3558//4071 3578//4090 3567//4092
f 3588//4093 3572//4083 3587//4094
f 3584//4095 3552//4084 3557//4065
f 3581//4091 3585//4096 3557//4065
f 3590//4097 3560//4098 3535//4099
f 3591//4100 3593//4101 3535//4099
f 3521//4049 3592//4102 3504//4013
f 3590//4097 3596//4103 3560//4098
f 3598//4104 3597//4105 3568//4041
f 3504//4013 3591//4100 3507//4018
f 3591//4100 3535//4099 3507//4018
f 3597//4105 3633//4106 3589//4107
f 3633//4106 3540//4108 3523//4042
f 3593//4101 3599//4109 3535//4099
f 3604//4110 3593//4101 3591//4100
f 3603//4111 3615//4112 3597//4105
f 3601//4113 3605//4114 3592//4102
f 3607//4115 3595//4077 3594//4075
f 3606//4116 3594//4075 3562//4074
f 3608//4117 3574//4118 3570//4080
f 3599//4109 3609//4119 3596//4103
f 3610//4120 3579//4121 3574//4118
f 3610//4120 3587//4094 3579//4121
f 3608//4117 3611//4122 3574//4118
f 3596//4103 3608//4117 3570//4080
f 3604//4110 3614//4123 3599//4109
f 3617//4124 3599//4109 3614//4123
f 3612//4125 3747//4126 3598//4104
f 3613//4127 3603//4111 3598//4104
f 3599//4109 3596//4103 3590//4097
f 3604//4110 3599//4109 3593//4101
f 3491//3979 3548//4070 3549//4000
f 3505//4015 60//159 3506//4017
f 3568//4041 3589//4107 3523//4042
f 3523//4042 3539//4128 3522//4043
f 3508//4029 3480//139 48//124
f 3594//4075 3595//4077 3559//4076
f 3559//4076 3595//4077 3502//4079
f 3570//4080 3574//4118 3573//4081
f 3587//4094 3571//4082 3579//4121
f 3535//4099 3498//4129 3507//4018
f 3618//4130 3527//4047 3509//4034
f 3528//4046 3619//4131 3510//4033
f 3526//4044 3531//4059 3525//4045
f 3621//4132 3532//4058 3530//4060
f 3622//4133 3621//4132 3530//4060
f 3628//4134 3543//4055 3537//4052
f 3625//4135 3664//4136 3627//4137
f 3626//4138 3623//4139 3528//4046
f 3619//4131 3618//4130 3509//4034
f 3542//4140 3630//4141 3541//4142
f 3633//4106 3632//4143 3540//4108
f 3635//4144 3575//4145 3555//4066
f 3643//4146 3635//4144 3564//4147
f 3577//4085 3576//4148 3550//4061
f 3641//4149 3575//4145 3635//4144
f 3578//4090 3639//4150 3582//4151
f 3636//4152 3639//4150 3578//4090
f 3586//4153 3640//4154 3581//4091
f 3642//4155 3639//4150 3636//4152
f 3634//4156 3643//4146 3564//4147
f 3637//4157 3636//4152 3580//4087
f 3582//4151 3649//4158 3644//4159
f 3648//4160 3645//4161 3606//4116
f 3645//4161 3650//4162 3606//4116
f 3580//4087 3636//4152 3566//4088
f 3636//4152 3578//4090 3566//4088
f 3650//4162 3748//4163 3607//4115
f 3455//3958 3475//4164 3452//3953
f 3478//4165 3454//3955 3444//3954
f 3452//3953 3488//4006 3447//3948
f 3475//4164 3488//4006 3452//3953
f 3494//4009 3464//4008 3461//3992
f 3445//3967 3478//4165 3444//3954
f 3463//3988 3494//4009 3461//3992
f 3629//4166 3538//4051 3543//4055
f 3614//4123 3749//4167 3617//4124
f 3653//4168 3614//4123 3604//4110
f 3616//4169 3653//4168 3604//4110
f 3651//4170 3616//4169 3605//4114
f 3656//4171 3622//4133 3526//4044
f 3621//4132 3622//4133 3657//4172
f 3659//4173 3657//4172 3622//4133
f 3658//4174 3655//4175 3618//4130
f 3618//4130 3655//4175 3527//4047
f 3624//4176 3658//4174 3618//4130
f 3660//4177 3532//4058 3621//4132
f 3660//4177 3628//4134 3532//4058
f 3628//4134 3661//4178 3543//4055
f 3662//4179 3660//4177 3621//4132
f 3673//4180 3663//4181 3626//4138
f 3662//4179 3667//4182 3660//4177
f 3667//4182 3665//4183 3660//4177
f 3667//4182 3668//4184 3665//4183
f 3668//4184 3690//4185 3665//4183
f 3657//4172 3662//4179 3621//4132
f 3670//4186 3672//4187 3658//4174
f 3655//4175 1983//2300 1746//2093
f 3671//4188 3662//4179 3657//4172
f 3676//4189 3672//4187 3670//4186
f 3670//4186 3674//4190 3676//4189
f 1989//2306 3656//4171 1982//2092
f 1989//2306 3669//4191 3656//4171
f 3669//4191 3678//4192 3659//4173
f 3678//4192 3677//4193 3659//4173
f 3679//4194 3667//4182 3662//4179
f 3677//4193 3679//4194 3671//4188
f 3684//4195 3680//4196 3679//4194
f 3685//4197 3545//4057 3544//4056
f 3601//4113 3651//4170 3605//4114
f 3700//4198 3632//4143 3633//4106
f 3632//4143 3699//4199 3631//4200
f 3688//4201 3601//4113 3602//4202
f 3685//4197 3688//4201 3602//4202
f 3686//4203 3685//4197 3544//4056
f 3694//4204 3689//4205 3630//4141
f 3689//4205 3666//4206 3664//4136
f 3631//4200 3695//4207 3694//4204
f 3687//4208 3692//4209 3686//4203
f 3695//4207 3707//4210 3694//4204
f 3615//4112 3700//4198 3633//4106
f 3701//4211 3700//4198 3615//4112
f 3701//4211 3704//4212 3700//4198
f 3688//4201 3705//4213 3696//4214
f 3704//4212 3706//4215 3700//4198
f 3700//4198 3706//4215 3699//4199
f 3693//4216 3688//4201 3685//4197
f 3698//4217 3751//4218 3614//4123
f 3696//4214 3702//4219 3651//4170
f 3694//4204 3707//4210 3689//4205
f 3832//4220 3705//4213 3709//4221
f 3668//4184 3710//4222 3690//4185
f 3711//4223 3710//4222 3668//4184
f 3712//4205 3717//4224 3666//4206
f 3715//4225 3714//4226 3675//4227
f 3715//4225 3716//4228 3714//4226
f 3720//4229 3713//4230 3710//4222
f 3724//4231 3693//4216 3692//4209
f 3725//4232 3727//4233 3709//4221
f 3724//4231 3713//4230 3721//4234
f 3730//4235 3726//4236 3722//4237
f 3721//4234 3728//4238 3724//4231
f 3720//4229 3721//4234 3713//4230
f 3717//4224 3715//4225 3666//4206
f 3723//4239 3729//4240 3722//4237
f 3661//4178 3687//4208 3629//4166
f 3723//4239 3695//4207 3708//4241
f 3733//4242 3584//4095 3585//4096
f 3640//4154 3733//4242 3585//4096
f 3584//4095 3735//4243 3583//4244
f 3739//4245 3635//4144 3643//4146
f 3634//4156 3739//4245 3643//4146
f 3588//4093 3743//4246 3586//4153
f 3742//4247 3733//4242 3640//4154
f 3770//4248 3736//4249 3733//4242
f 3743//4246 3773//4250 3742//4247
f 3733//4242 3736//4249 3584//4095
f 3734//4251 3737//4252 3576//4148
f 3744//4253 3757//4254 3648//4160
f 3611//4122 3745//4255 3610//4120
f 3764//4256 3650//4162 3645//4161
f 3762//4257 3748//4163 3650//4162
f 3748//4163 3750//4258 3747//4126
f 3652//4259 3752//4260 3611//4122
f 3749//4167 3753//4261 3746//4262
f 3652//4259 3746//4262 3753//4261
f 3642//4155 3755//4263 3639//4150
f 3755//4263 3754//4264 3639//4150
f 3775//4265 3778//4266 3755//4263
f 3760//4267 3743//4246 3756//4268
f 3775//4265 3755//4263 3642//4155
f 3776//4269 3779//4270 3754//4264
f 3760//4267 3777//4271 3743//4246
f 3744//4253 3779//4270 3757//4254
f 3752//4260 3759//4272 3745//4255
f 3779//4270 3780//4273 3757//4254
f 3745//4255 3758//4274 3646//4275
f 3761//4276 3756//4268 3647//4277
f 3778//4266 3754//4264 3755//4263
f 3751//4218 3749//4167 3614//4123
f 3752//4260 3765//4278 3759//4272
f 3737//4252 3294//3810 3006//4279
f 3767//4280 3734//4251 3735//4243
f 3769//4281 3738//4282 3739//4245
f 3771//4283 3741//4284 3740//4285
f 3770//4248 3767//4280 3736//4249
f 3766//4286 3771//4283 3740//4285
f 3774//4287 3769//4281 3634//4156
f 3736//4249 3767//4280 3735//4243
f 3767//4280 3768//4288 3734//4251
f 3768//4288 3788//4289 3734//4251
f 3788//4289 3294//3810 3737//4252
f 3783//4290 3766//4286 3738//4282
f 3783//4290 3947//4291 3766//4286
f 3947//4291 3784//4292 3766//4286
f 3770//4248 3782//4293 3767//4280
f 3785//4294 3782//4293 3770//4248
f 3787//4295 3947//4291 3783//4290
f 3782//4293 3790//4296 3768//4288
f 3789//4297 3948//4298 3786//4299
f 3769//4281 3783//4290 3738//4282
f 3791//4300 3793//4301 3761//4276
f 3793//4301 3760//4267 3761//4276
f 3802//4302 3775//4265 3772//4303
f 3777//4271 3794//4304 3773//4250
f 3793//4301 3795//4305 3777//4271
f 3760//4267 3793//4301 3777//4271
f 3759//4272 3796//4306 3758//4274
f 3759//4272 3797//4307 3796//4306
f 3765//4278 3797//4307 3759//4272
f 3799//4308 3779//4270 3776//4269
f 3796//4306 3791//4300 3761//4276
f 3809//4309 3798//4310 3779//4270
f 3800//4311 3791//4300 3796//4306
f 3800//4311 3808//4312 3791//4300
f 3801//4313 3802//4302 3772//4303
f 3792//4314 3802//4302 3810//4315
f 3810//4315 3799//4308 3792//4314
f 3804//4316 3809//4309 3799//4308
f 3806//4317 3795//4305 3793//4301
f 3961//4318 3850//4319 3804//4316
f 3804//4316 3850//4319 3809//4309
f 3778//4266 3799//4308 3776//4269
f 3799//4308 3778//4266 3792//4314
f 3778//4266 3776//4269 3754//4264
f 3588//4093 3756//4268 3743//4246
f 3794//4304 3781//4320 3773//4250
f 3813//4321 3811//4322 3654//4323
f 3750//4258 3813//4321 3654//4323
f 3815//4324 3750//4258 3748//4163
f 3812//4325 3753//4261 3749//4167
f 3812//4325 3749//4167 3751//4218
f 3814//4326 3704//4212 3701//4211
f 3762//4257 3815//4324 3748//4163
f 3762//4257 3816//4327 3815//4324
f 3817//4328 3751//4218 3698//4217
f 3818//4329 3812//4325 3751//4218
f 3814//4326 3824//4330 3820//4331
f 3821//4332 3817//4328 3703//4333
f 3821//4332 3703//4333 3819//4334
f 3812//4325 3827//4335 3753//4261
f 3816//4327 3843//4336 3815//4324
f 3843//4336 3825//4337 3750//4258
f 3827//4335 3823//4338 3763//4339
f 3827//4335 3763//4339 3753//4261
f 3815//4324 3843//4336 3750//4258
f 3822//4340 3827//4335 3812//4325
f 3825//4337 3826//4341 3813//4321
f 3817//4328 3828//4342 3818//4329
f 3834//4343 3817//4328 3821//4332
f 3849//4344 3822//4340 3828//4342
f 3844//4345 3827//4335 3822//4340
f 3831//4346 3830//4347 3704//4212
f 3704//4212 3830//4347 3706//4215
f 3838//4348 3831//4346 3820//4331
f 3834//4343 3821//4332 3819//4334
f 3833//4349 3819//4334 3832//4220
f 3833//4349 3858//4350 3819//4334
f 3833//4349 3832//4220 3709//4221
f 3727//4233 3833//4349 3709//4221
f 3836//4351 3732//4352 3729//4240
f 3838//4348 3837//4353 3831//4346
f 3816//4327 3841//4354 3843//4336
f 3846//4355 3847//4356 3797//4307
f 3842//4357 3841//4354 3840//4358
f 3827//4335 3845//4359 3823//4338
f 3825//4337 3853//4360 3826//4341
f 3825//4337 3848//4361 3854//4362
f 3848//4361 3825//4337 3843//4336
f 3850//4319 3851//4363 3798//4310
f 3851//4363 3842//4357 3798//4310
f 3844//4345 3845//4359 3827//4335
f 3842//4357 3852//4364 3841//4354
f 3849//4344 3844//4345 3822//4340
f 3853//4360 3839//4365 3826//4341
f 3840//4358 3816//4327 3764//4256
f 3856//4366 3727//4233 3731//4367
f 3835//4368 3926//4369 3836//4351
f 3856//4366 3833//4349 3727//4233
f 3859//4370 3834//4343 3858//4350
f 3862//4371 3926//4369 3835//4368
f 3864//4372 3863//4373 3857//4374
f 3868//4375 3845//4359 3865//4376
f 3846//4355 3867//4377 3847//4356
f 3868//4375 3866//4378 3846//4355
f 3869//4379 3848//4361 3852//4364
f 3870//4380 3852//4364 3842//4357
f 3879//4381 3868//4375 3865//4376
f 3868//4375 3988//4382 3866//4378
f 3851//4363 3870//4380 3842//4357
f 3871//4383 3828//4342 3829//4384
f 3853//4360 3860//4385 3839//4365
f 3872//4386 3849//4344 3828//4342
f 3871//4383 3872//4386 3828//4342
f 3860//4385 3943//4385 3873//4387
f 3872//4386 3876//4388 3849//4344
f 3875//4389 3859//4370 3874//4390
f 3877//4391 3854//4362 3848//4361
f 3876//4388 3879//4381 3849//4344
f 3876//4388 3880//4392 3879//4381
f 3883//4393 3943//4385 3853//4360
f 3882//4394 3876//4388 3872//4386
f 3878//4395 4002//4396 3883//4393
f 3849//4344 3879//4381 3865//4376
f 3746//4262 3652//4259 3609//4119
f 3617//4124 3746//4262 3609//4119
f 3705//4213 3819//4334 3702//4219
f 3832//4220 3819//4334 3705//4213
f 3982//4397 3851//4363 3850//4319
f 3654//4323 3811//4322 3613//4127
f 3764//4256 3816//4327 3762//4257
f 3885//4398 3892//4399 3884//4400
f 3676//4189 3886//4401 3885//4398
f 3681//4402 3888//4403 3886//4401
f 3676//4189 3885//4398 3672//4187
f 3716//4228 3889//4404 3890//4405
f 3726//4236 3891//4406 3915//4407
f 3669//4191 3895//4408 3678//4192
f 3884//4400 3892//4399 1983//2300
f 3893//4409 3669//4191 1989//2306
f 3894//4410 3892//4399 3885//4398
f 2058//2377 3893//4409 1989//2306
f 3887//4411 3684//4195 3683//4412
f 3895//4408 3896//4413 3683//4412
f 3897//4414 3894//4410 3885//4398
f 3888//4403 3897//4414 3886//4401
f 3898//4415 3896//4413 3895//4408
f 3893//4409 3895//4408 3669//4191
f 3900//4416 3893//4417 3899//4418
f 3897//4419 3898//4420 3900//4416
f 3896//4413 3904//4421 3905//4422
f 3906//4423 3896//4413 3905//4422
f 3908//4424 3901//4425 3897//4419
f 3908//4426 3906//4423 3907//4427
f 3900//4416 3898//4420 3893//4417
f 3899//4418 3893//4417 2062//4428
f 3914//4429 3909//4430 3887//4411
f 3912//4431 3914//4429 3887//4411
f 3721//4234 3720//4229 3910//4432
f 3915//4407 3891//4406 3916//4433
f 3730//4235 3930//4434 3891//4406
f 3891//4406 3917//4435 3916//4433
f 3916//4433 3911//4436 3915//4407
f 3910//4432 3918//4437 3721//4234
f 3927//4438 3721//4234 3918//4437
f 3919//4439 3920//4440 3910//4432
f 3920//4440 3918//4437 3910//4432
f 3915//4407 3911//4436 3716//4228
f 3913//4441 3910//4432 3719//4442
f 3923//4443 3922//4444 3916//4433
f 3914//4445 3921//4446 3922//4447
f 3920//4448 3919//4449 3922//4447
f 3939//4450 3931//4451 3920//4448
f 3920//4448 3922//4447 3923//4452
f 3904//4421 3896//4413 3898//4415
f 3893//4409 3898//4415 3895//4408
f 3912//4431 3887//4411 3896//4413
f 3911//4436 3916//4433 3922//4444
f 3732//4352 3924//4453 3730//4235
f 3924//4453 3930//4434 3730//4235
f 3926//4369 3732//4352 3836//4351
f 3732//4352 3926//4369 3924//4453
f 3928//4454 3925//4367 3929//4367
f 3928//4454 3856//4366 3925//4367
f 3930//4434 3924//4453 3935//4455
f 3930//4434 3935//4455 3932//4456
f 3861//4457 3933//4458 3862//4371
f 3933//4458 3937//4459 3926//4369
f 3934//4460 3857//4374 3928//4454
f 3931//4461 3936//4462 3927//4438
f 3937//4463 3928//4464 3929//4465
f 3934//4466 3937//4463 3938//4467
f 3937//4463 3934//4466 3928//4464
f 3942//4468 3874//4390 3864//4372
f 3934//4460 3942//4468 3864//4372
f 3874//4469 3942//4470 3940//4471
f 3934//4466 3938//4467 3941//4472
f 3874//4469 3943//4473 3875//4474
f 3934//4460 3864//4372 3857//4374
f 3938//4475 3937//4459 3933//4458
f 3927//4438 3728//4238 3721//4234
f 3930//4434 3917//4435 3891//4406
f 3946//3870 3774//4287 3269//3777
f 3948//4298 3790//4296 3782//4293
f 3789//4297 3952//4476 3948//4298
f 3949//4477 3803//4478 3947//4291
f 3949//4477 3947//4291 3787//4295
f 3944//4479 3787//4295 3769//4281
f 3958//4480 3950//4481 3801//4313
f 3951//4482 3962//4483 3810//4315
f 3951//4482 3810//4315 3802//4302
f 3948//4298 3952//4476 3790//4296
f 3953//4484 3944//4479 3769//4281
f 3953//4484 3769//4281 3774//4287
f 3944//4479 3954//4485 3787//4295
f 3954//4485 3949//4477 3787//4295
f 3956//4486 3380//4487 3294//3810
f 3952//4476 3977//4488 3790//4296
f 3945//4489 3956//4486 3788//4289
f 3957//4490 3807//4491 3805//4492
f 3959//4493 3807//4491 3957//4490
f 3967//4494 3789//4297 3959//4493
f 3949//4477 3958//4480 3803//4478
f 3807//4491 3959//4493 3789//4297
f 3806//4317 3957//4490 3805//4492
f 3960//4495 3957//4490 3806//4317
f 3808//4312 3855//4496 3806//4317
f 3855//4496 3960//4495 3806//4317
f 3964//4497 3950//4481 3958//4480
f 3964//4497 3966//4498 3950//4481
f 3972//4499 3966//4498 3964//4497
f 3962//4483 3966//4498 3993//4500
f 3945//4489 3975//4501 3956//4486
f 3954//4485 3979//4502 3949//4477
f 3979//4502 3955//4503 3949//4477
f 3979//4502 3965//4504 3955//4503
f 3981//4505 3993//4500 3966//4498
f 3965//4504 3972//4499 3964//4497
f 3974//4506 3380//3886 3956//4507
f 3956//4507 3976//4508 3974//4506
f 3975//4509 3954//4510 3976//4508
f 3954//4510 3977//4511 3978//4512
f 3980//4513 3969//4514 3967//4494
f 3969//4515 3979//4516 3978//4512
f 3972//4517 3965//4518 3980//4519
f 3965//4518 3969//4515 3980//4519
f 3968//4520 3970//4521 3980//4513
f 3980//4513 3967//4494 3968//4520
f 3970//4521 3971//4495 3973//4522
f 3967//4494 3978//4523 3952//4476
f 3984//4524 3982//4397 3961//4318
f 3995//4525 3985//4526 3982//4397
f 3985//4526 3870//4380 3851//4363
f 3870//4380 3997//4527 3869//4379
f 3987//4528 3983//4529 3986//4530
f 3987//4528 3963//4531 3983//4529
f 3866//4378 3986//4530 3867//4377
f 3988//4382 3986//4530 3866//4378
f 3999//4532 3988//4382 3868//4375
f 3991//4533 3986//4530 3988//4382
f 3993//4500 3984//4524 3962//4483
f 3994//4534 3995//4525 3984//4524
f 3995//4525 3996//4535 3990//4536
f 3995//4525 3990//4536 3985//4526
f 3997//4527 3998//4537 3869//4379
f 4001//4538 3994//4539 3992//4540
f 3971//4495 3963//4531 3992//4541
f 4001//4542 3987//4528 3986//4530
f 4000//4543 3986//4544 3991//4545
f 3991//4533 3988//4382 3999//4532
f 3997//4546 3991//4545 3999//4547
f 3997//4546 3999//4547 3880//4548
f 3880//4548 4002//4549 3998//4550
f 3992//4540 3993//4551 3973//4552
f 3994//4539 3993//4551 3992//4540
f 3880//4392 3999//4532 3879//4381
f 3948//4298 3782//4293 3785//4294
f 3801//4313 3951//4482 3802//4302
f 3740//4285 3637//4157 3638//4553
f 3740//4285 3638//4553 3641//4149
f 3646//4275 3647//4277 3587//4094
f 3697//4554 3615//4112 3603//4111
f 3613//4127 3697//4554 3603//4111
f 3672//4187 3884//4400 3655//4175
f 3681//4402 3886//4401 3676//4189
f 3719//4442 3711//4223 3718//4555
f 285//2479 2126//2478 307//4556
f 2195//4557 343//462 2126//4558
f 330//473 2211//4559 2209//2561
f 2217//2570 375//507 369//509
f 382//518 2211//4559 346//472
f 382//518 2265//2632 2261//2630
f 2217//2570 369//509 343//4560
f 2341//4561 408//4562 397//4563
f 406//549 2265//2632 387//520
f 419//563 2353//2750 406//549
f 2371//4564 425//4565 420//4566
f 419//563 2373//2776 2362//2761
f 2375//4567 435//4568 425//4565
f 2382//4569 442//4570 435//4568
f 2387//4571 458//4572 442//4570
f 463//617 2408//2809 2394//2811
f 463//617 2394//2811 455//620
f 455//620 2373//2776 429//575
f 2341//4561 375//507 2251//2617
f 693//776 2418//2828 598//2829
f 2450//2854 645//791 598//790
f 2454//2852 695//795 644//843
f 2454//2852 644//843 652//842
f 2534//2972 693//882 684//884
f 2553//3018 719//932 697//933
f 2604//3043 719//932 2581//3017
f 739//4573 2599//4574 731//4575
f 731//4575 2599//4574 684//4576
f 755//4577 2685//4578 739//4573
f 2689//3160 742//990 2604//3043
f 2702//3184 770//1001 2689//3160
f 755//4577 2701//4579 2686//4580
f 766//4581 2719//4582 2701//4579
f 2713//3183 770//1001 2702//3184
f 790//4583 2719//4582 779//4584
f 790//4583 2728//4585 2719//4582
f 2713//3183 791//1031 781//1009
f 790//4583 2731//4586 2728//4585
f 2734//3214 809//1043 791//1031
f 799//4587 2747//3891 2731//4586
f 2746//3223 822//1061 809//1043
f 2401//4588 914//4589 458//4572
f 463//617 915//1208 2408//2809
f 2784//3265 914//4589 2766//4590
f 932//1207 2814//3282 2780//3263
f 2784//3265 964//4591 936//4592
f 972//3303 2814//3302 955//4593
f 2819//4594 964//4595 2801//3314
f 2926//3362 1096//1397 2921//3363
f 1096//1397 2926//3362 1434//1314
f 1423//1714 2856//3356 1008//1715
f 1550//1854 3407//3904 3394//3890
f 2758//3240 1565//1874 822//1061
f 1608//4596 3424//3924 1564//4597
f 3410//3907 1595//1917 1565//1874
f 1608//1937 3440//4598 3424//3940
f 1715//2059 50//163 31//69
f 3526//4044 1715//2059 1982//2092
f 2407//2805 2414//2808 2777//3262
f 819//1055 818//1058 1547//1862
f 2748//3233 3396//3893 3395//3895
f 2756//3237 2757//3234 3396//3898
f 2764//3914 2753//3230 3404//3901
f 175//299 553//729 501//627
f 299//4599 553//753 267//4600
f 667//861 319//4601 313//4602
f 667//4603 321//430 319//429
f 577//871 299//465 339//476
f 378//4604 735//957 381//542
f 669//956 378//4604 321//430
f 383//4605 722//943 363//4606
f 363//4606 676//942 339//4607
f 400//4608 753//4609 396//4610
f 753//4609 400//4608 410//4611
f 381//542 738//961 402//545
f 758//991 413//559 402//545
f 777//4612 424//4613 430//4614
f 777//4612 410//4611 424//4613
f 783//1017 434//591 433//4615
f 797//4616 430//4614 440//4617
f 797//4616 440//4617 456//4618
f 448//593 813//1049 459//608
f 783//1017 433//4615 413//559
f 743//4619 383//4605 396//4610
f 1799//1827 1033//1348 907//4620
f 813//1049 911//1201 459//608
f 917//4621 817//4622 912//4623
f 911//1201 1544//1864 925//1224
f 1569//1867 940//1881 925//1224
f 1691//1889 1106//1336 950//1230
f 1582//1899 917//4621 959//4624
f 1582//1918 959//1277 979//1241
f 1582//1918 979//1241 1596//1919
f 4026//2030 979//1241 107//4625
f 1633//1826 4//6 1033//1348
f 2203//2501 2430//4626 2582//4627
f 2623//2879 2184//2534 2176//4628
f 2203//2559 2582//4629 2208//2581
f 2540//4630 2226//2584 2208//4631
f 2239//2605 2584//4632 2235//4633
f 2596//3029 2239//3031 2244//2606
f 2226//2584 2606//3039 2253//4634
f 2603//3038 2263//4635 2253//4634
f 2596//3029 2244//2606 2273//4636
f 2176//4637 2235//2600 2584//3026
f 2314//2733 2477//2867 2172//2521
f 2319//2725 2184//2534 2623//2879
f 2270//4638 2687//4639 2346//4640
f 2692//3161 2273//4636 2349//2749
f 2707//3174 2349//2749 2361//2758
f 2369//2779 2707//3174 2361//2758
f 2346//4640 2712//4641 2367//4642
f 2725//3196 2369//2779 2381//2794
f 2720//4643 2376//4644 2367//4642
f 2729//4645 2388//4646 2376//4644
f 2404//2803 2406//3227 2740//3219
f 2733//4647 2402//4648 2388//4646
f 2760//3242 2404//2803 2415//2817
f 2404//2803 2740//3219 2381//2794
f 2263//4635 2603//3038 2270//4638
f 3395//3895 2774//4649 2767//4650
f 3415//3911 2415//2817 2791//4651
f 2774//4649 3429//3930 2808//4652
f 2808//3327 3429//4653 2835//3350
f 3415//3911 2791//4651 2841//3338
f 2920//3449 3576//4148 3006//4279
f 817//4622 456//4618 912//4623
f 2402//4648 3395//3895 2767//4650
f 2835//3350 4053//4654 2913//3351
f 3488//4006 106//4655 3472//4656
f 2913//3351 4053//4654 4050//4657
f 114//4658 4048//4659 1713//1939
f 98//4660 113//4661 1118//1424
f 3472//4656 4042//4662 3449//4663
f 2835//3350 4042//4662 115//4664
f 103//4665 3445//3967 3458//3966
f 4040//4666 3458//3966 3440//4598
f 2912//3353 2913//3351 96//4667
f 2823//3336 95//4668 4039//4669
f 2899//3412 4049//3413 2898//3385
f 1610//4670 4040//4666 3440//4598
f 99//1418 91//4671 969//1287
f 3483//4028 3459//3968 3481//3972
f 2912//3353 84//4672 4033//4673
f 2900//3335 2909//3506 85//4674
f 2909//3506 2910//4675 82//4676
f 102//4677 95//4668 2901//4678
f 2897//3406 4057//4679 4031//4680
f 79//4681 1610//4670 1613//1959
f 1713//1939 79//4681 1613//1959
f 109//2049 4030//4682 1708//2099
f 1708//2099 4029//4683 1709//4684
f 4028//2047 4052//4685 1604//1929
f 3455//3958 77//4686 89//4687
f 4043//4021 77//4686 3455//3958
f 4025//4688 112//4689 3488//4006
f 111//3996 4024//4690 3478//4165
f 86//4024 76//4691 3453//3957
f 2900//3335 85//4674 4023//4692
f 2896//3317 75//4693 2819//4594
f 75//4693 990//1284 2819//4594
f 1117//1394 1086//1395 1116//1272
f 4019//1409 4036//1411 1110//1243
f 1097//1350 951//1236 1098//1330
f 88//4694 3475//4164 3455//3958
f 2854//3985 2853//3352 2946//3452
f 2901//4678 2900//3335 4016//4695
f 2901//4678 4016//4695 4054//4696
f 71//1423 4055//4697 984//1421
f 990//1284 4011//4698 973//1282
f 4011//4698 1120//1290 973//1282
f 4037//1420 4008//4699 1108//1405
f 3475//4164 69//4700 4034//4004
f 68//4701 4058//4702 3454//3955
f 3478//4165 4007//4703 3454//3955
f 2909//3506 4017//4704 67//4705
f 2876//3391 2898//3385 2818//3305
f 2897//3406 80//4706 2896//3317
f 2897//3406 4031//4680 4006//4707
f 4005//2032 1707//2045 1577//1891
f 4046//4708 1604//1929 1707//2045
f 1630//1978 4051//1962 1694//1882
f 4018//4709 1109//4709 90//4709
f 98//4710 1119//4710 4010//4710
f 4039//176 95//181 102//176
f 68//176 4007//4711 105//176
f 3//1 1112//4 1081//2
f 1112//4 1//5 11//21
f 3//1 2//3 9//36
f 8//11 9//36 5//38
f 6//4712 8//11 5//38
f 7//7 6//4712 1035//1346
f 1107//8 7//7 1035//1346
f 7//7 8//11 6//4712
f 12//14 10//20 4010//15
f 1090//19 12//14 1092//31
f 1//5 10//20 11//21
f 13//22 14//27 4011//23
f 92//25 14//27 12//14
f 14//27 13//22 1096//1397
f 9//36 2//3 1029//37
f 24//54 23//56 27//58
f 28//57 25//63 27//58
f 4048//73 30//72 31//69
f 80//79 33//83 13//22
f 4006//81 4031//4713 32//82
f 32//82 2884//3390 33//83
f 95//87 102//91 36//85
f 4039//88 34//86 32//82
f 34//86 36//85 37//92
f 37//92 2916//3394 2902//3496
f 4031//4713 4057//94 32//82
f 35//93 32//82 34//86
f 35//93 37//92 2902//3496
f 37//92 36//85 38//3422
f 39//101 2919//119 38//3422
f 67//98 4017//112 41//99
f 82//102 2910//100 41//99
f 4053//107 115//4714 44//108
f 4050//110 4053//107 43//109
f 40//118 41//99 45//3416
f 39//101 41//99 40//118
f 43//109 46//114 42//105
f 4033//113 84//106 42//105
f 2915//111 42//105 46//114
f 4023//96 85//116 39//101
f 4054//117 4016//97 36//85
f 36//85 39//101 38//3422
f 48//124 49//129 4041//128
f 48//124 3480//139 49//129
f 52//136 54//4022 53//137
f 52//136 51//132 49//129
f 106//143 55//146 44//108
f 112//145 56//140 55//146
f 60//159 57//148 58//153
f 56//140 61//4062 55//146
f 57//148 62//155 59//156
f 60//159 3492//4016 57//148
f 62//155 61//4062 56//140
f 63//157 58//153 47//122
f 94//70 31//69 48//124
f 1633//1826 15//168 4//6
f 115//4714 4042//144 44//108
f 110//4715 49//129 111//138
f 49//129 51//132 111//138
f 26//76 30//72 114//71
f 49//129 110//4715 104//127
f 4//6 107//170 4045//4716
f 47//122 58//153 4043//161
f 24//54 27//58 4038//61
f 4//6 4045//4716 4036//12
f 8//11 1109//10 90//167
f 58//153 57//148 88//150
f 4034//154 57//148 59//156
f 59//156 56//140 4034//154
f 27//58 25//63 4029//67
f 15//168 18//43 93//166
f 15//168 4026//169 107//170
f 20//40 21//48 4021//46
f 98//18 1119//172 10//20
f 8//11 78//175 4018//9
f 21//48 24//54 72//77
f 25//63 26//76 4014//74
f 71//33 100//165 3//1
f 4037//35 70//171 9//36
f 99//30 4012//26 12//14
f 4019//13 4009//4717 7//7
f 4007//130 51//132 53//137
f 53//137 47//122 68//135
f 19//41 4003//173 4056//44
f 19//41 20//40 4005//51
f 7//7 4009//4717 65//174
f 173//186 118//188 117//184
f 125//191 126//4718 234//194
f 143//198 127//202 133//196
f 132//4719 131//201 128//200
f 129//199 166//236 128//200
f 131//201 132//4719 133//196
f 134//224 132//225 128//266
f 142//212 135//203 144//205
f 137//204 139//207 138//208
f 139//207 136//206 140//209
f 141//216 145//233 146//214
f 138//220 139//4720 223//218
f 147//311 140//313 136//314
f 137//230 148//229 136//314
f 149//223 150//234 142//228
f 152//226 137//230 135//227
f 150//234 152//226 142//228
f 146//214 153//232 252//352
f 145//233 144//219 153//232
f 218//210 140//209 206//4721
f 141//211 149//197 142//212
f 156//531 154//240 157//239
f 164//238 158//242 157//239
f 161//4722 169//244 162//246
f 163//252 165//251 161//4723
f 163//243 161//4722 162//246
f 155//254 154//249 167//253
f 154//249 184//248 167//253
f 165//251 176//4724 161//4723
f 164//238 163//243 158//242
f 169//244 168//257 160//245
f 170//255 168//257 169//244
f 169//4725 176//4724 170//269
f 118//278 175//299 174//626
f 171//258 173//186 172//256
f 162//264 177//259 159//261
f 156//4726 186//293 130//267
f 158//260 178//262 157//4727
f 157//4727 186//293 156//4726
f 130//267 186//293 134//224
f 157//4727 178//262 186//293
f 119//282 198//279 117//280
f 172//274 181//272 168//268
f 170//269 176//4724 180//270
f 118//278 197//277 175//299
f 171//271 197//277 173//276
f 166//247 185//284 184//248
f 177//259 188//295 178//262
f 184//248 187//288 167//253
f 178//262 188//295 186//293
f 187//288 165//251 167//253
f 185//284 190//231 189//286
f 184//248 194//290 187//288
f 187//288 191//291 199//289
f 185//284 127//217 190//231
f 192//292 250//287 134//224
f 179//263 195//4728 177//259
f 181//272 195//4728 179//263
f 176//4724 165//251 196//296
f 199//289 191//291 196//296
f 180//270 200//297 201//298
f 188//295 202//361 193//294
f 203//301 202//361 195//4728
f 195//4728 202//361 188//295
f 181//272 203//301 195//4728
f 183//281 205//362 198//279
f 204//300 182//273 198//279
f 196//296 180//270 176//4724
f 172//274 182//273 181//272
f 161//4723 176//4724 169//4725
f 177//259 195//4728 188//295
f 207//4729 211//4730 206//4721
f 207//4729 206//4721 208//4731
f 208//4731 209//310 207//4729
f 211//4732 227//327 218//4733
f 211//4732 207//4734 227//327
f 214//302 212//4735 213//309
f 214//302 215//4736 232//303
f 214//302 213//309 215//4736
f 214//4737 217//305 212//307
f 212//4735 209//310 213//309
f 207//4734 209//306 227//327
f 206//312 219//331 208//317
f 220//315 213//320 210//316
f 220//315 221//318 213//320
f 219//331 220//315 208//317
f 227//327 222//323 218//4733
f 223//218 139//4720 222//323
f 218//4733 222//323 139//4720
f 144//219 223//218 153//232
f 224//321 152//226 150//234
f 225//322 226//376 148//229
f 148//229 226//376 147//311
f 209//306 217//305 242//326
f 228//330 220//315 219//331
f 147//311 230//329 219//331
f 226//376 230//329 147//311
f 227//327 242//326 257//328
f 222//323 257//328 229//324
f 231//333 216//304 232//303
f 231//333 120//332 121//195
f 124//4738 234//2397 235//2399
f 232//4739 237//335 120//4740
f 120//4740 237//335 121//344
f 215//319 237//335 232//4739
f 238//342 125//341 123//343
f 239//339 125//341 238//342
f 236//337 241//347 217//305
f 245//351 243//348 221//318
f 245//351 246//378 243//348
f 233//4741 122//4742 240//345
f 122//4742 235//2399 240//345
f 240//345 235//2399 281//383
f 286//388 239//339 248//349
f 248//349 238//342 247//350
f 231//338 233//4741 240//345
f 121//344 237//335 247//350
f 243//348 247//350 237//335
f 243//348 237//335 221//318
f 214//4737 216//336 217//305
f 217//305 241//347 242//326
f 209//310 208//4731 210//308
f 247//350 238//342 121//344
f 124//4738 235//2399 122//4742
f 250//287 249//4743 151//222
f 189//286 265//364 263//357
f 254//4744 249//4743 250//287
f 192//292 253//354 250//287
f 251//325 229//324 255//356
f 252//352 255//356 262//401
f 252//352 260//411 189//286
f 262//401 260//411 252//352
f 226//376 277//375 230//329
f 259//355 254//4744 250//287
f 254//4744 261//374 224//321
f 254//4744 224//321 249//4743
f 261//374 225//322 224//321
f 261//374 226//376 225//322
f 196//296 269//358 266//359
f 191//291 263//357 269//358
f 202//361 264//367 193//294
f 264//367 253//354 193//294
f 201//298 267//4745 175//299
f 198//279 274//363 204//300
f 263//357 265//364 269//358
f 272//369 271//366 264//367
f 271//366 273//393 259//355
f 266//359 295//368 298//371
f 204//300 274//363 203//301
f 298//371 267//4745 201//298
f 200//297 298//371 201//298
f 202//361 268//360 264//367
f 257//328 242//326 276//372
f 244//346 282//377 242//326
f 258//381 245//351 228//330
f 261//374 279//382 277//375
f 278//379 245//351 258//381
f 280//380 278//379 258//381
f 279//382 258//381 277//375
f 244//346 240//345 306//384
f 246//378 283//385 243//348
f 283//385 248//349 243//348
f 2082//4746 239//339 286//388
f 278//379 284//386 283//385
f 281//383 235//2399 285//387
f 260//411 287//390 265//364
f 260//411 270//400 287//390
f 254//4744 288//391 261//374
f 259//355 288//391 254//4744
f 290//395 294//399 270//396
f 294//399 293//394 333//410
f 292//373 290//395 262//401
f 296//405 297//406 300//402
f 267//4600 301//4747 299//4599
f 298//403 301//4747 267//4600
f 296//405 302//397 297//406
f 301//4747 298//403 300//402
f 300//402 303//407 301//4747
f 306//384 285//2479 307//4556
f 305//408 306//384 308//444
f 296//405 287//398 302//397
f 258//381 228//330 230//329
f 277//375 258//381 230//329
f 193//294 253//354 192//292
f 262//401 270//400 260//411
f 261//374 289//392 279//382
f 292//373 276//372 291//389
f 311//438 279//434 289//4748
f 274//418 205//967 313//966
f 274//418 313//966 316//419
f 310//421 347//425 336//422
f 312//426 316//4749 315//427
f 313//4602 319//4601 316//4749
f 312//415 310//412 272//416
f 312//426 314//424 310//421
f 275//420 312//415 268//417
f 316//4749 319//4601 315//427
f 314//424 318//428 317//478
f 304//409 305//408 324//445
f 311//440 326//474 322//448
f 326//474 327//446 322//448
f 325//439 326//474 311//440
f 328//441 2185//2644 2082//530
f 328//470 330//469 2185//4750
f 327//446 329//4751 323//447
f 333//410 331//4752 294//399
f 324//461 334//452 333//453
f 303//464 335//456 301//466
f 338//467 339//476 299//465
f 335//456 340//455 338//467
f 308//459 342//458 324//461
f 307//457 341//463 342//458
f 335//456 338//467 301//466
f 344//471 345//4753 346//472
f 340//455 349//477 338//467
f 317//478 350//494 361//479
f 325//481 360//480 327//490
f 347//425 361//479 325//481
f 351//493 320//431 362//499
f 352//486 353//501 349//477
f 343//462 355//491 341//463
f 341//463 355//491 354//460
f 357//489 345//4753 329//4754
f 318//4755 320//431 351//493
f 348//487 352//486 340//455
f 348//487 354//4756 356//488
f 318//4755 351//493 317//478
f 327//490 357//489 329//4754
f 309//4757 311//438 289//4748
f 302//397 294//399 331//4752
f 297//406 302//397 303//407
f 315//432 320//431 318//4755
f 329//4751 344//468 323//447
f 323//447 344//468 328//470
f 314//424 317//478 347//425
f 341//463 354//460 342//458
f 310//412 309//4757 288//413
f 344//471 329//4754 345//4753
f 359//495 365//510 364//496
f 362//499 367//498 351//493
f 320//431 366//497 362//499
f 357//489 368//503 345//4753
f 345//4753 370//519 346//472
f 345//4753 368//503 370//519
f 371//500 352//486 358//485
f 356//488 371//500 358//485
f 374//514 372//516 356//492
f 373//526 353//501 371//500
f 350//494 351//493 359//495
f 367//498 380//512 376//527
f 366//497 378//4604 381//542
f 370//519 382//518 346//472
f 373//506 389//543 396//522
f 388//525 389//538 373//526
f 377//502 385//521 368//503
f 368//503 385//521 370//519
f 359//495 376//527 365//510
f 366//497 321//430 378//4604
f 372//504 373//526 371//500
f 383//523 363//505 373//506
f 359//495 351//493 376//527
f 343//528 369//509 374//508
f 353//484 363//505 339//482
f 206//4721 211//4730 218//210
f 151//222 249//4743 150//234
f 194//290 189//286 263//357
f 288//413 309//4757 289//4748
f 307//4556 308//444 306//384
f 150//234 249//4743 224//321
f 397//554 398//553 384//513
f 384//515 395//537 388//524
f 394//535 399//540 385//521
f 400//551 396//522 395//544
f 401//556 395//537 398//536
f 391//541 405//558 394//535
f 379//511 365//510 391//541
f 380//512 392//534 390//532
f 366//497 393//533 380//512
f 379//511 391//541 394//535
f 392//534 414//547 390//532
f 392//534 393//533 404//546
f 394//535 405//558 399//540
f 401//556 407//4758 395//537
f 407//550 410//4759 400//551
f 386//517 406//549 387//520
f 399//540 409//548 386//517
f 381//542 402//545 393//533
f 404//546 402//545 413//559
f 414//547 404//546 415//560
f 416//561 417//580 399//540
f 409//548 418//562 406//549
f 399//540 417//580 418//562
f 401//4760 410//4760 407//4760
f 421//566 424//577 410//567
f 421//565 401//556 411//555
f 403//557 416//561 405//558
f 390//532 412//570 403//557
f 412//570 414//547 423//569
f 417//580 416//561 426//573
f 420//564 425//578 421//565
f 418//562 428//574 419//563
f 426//573 428//574 418//562
f 431//576 430//584 424//577
f 427//572 412//570 422//582
f 423//569 438//589 422//571
f 433//4615 434//591 415//560
f 427//572 444//587 426//573
f 435//581 441//4761 431//579
f 440//598 430//584 441//585
f 442//603 441//4761 435//581
f 426//573 444//587 439//588
f 423//569 415//560 437//592
f 422//582 436//590 432//583
f 432//583 443//586 427//572
f 437//592 434//591 448//593
f 437//592 447//594 438//589
f 449//605 438//589 450//596
f 443//586 451//599 444//587
f 439//588 454//618 455//620
f 444//587 454//618 439//588
f 444//587 466//600 454//618
f 441//585 457//614 452//597
f 453//602 457//614 441//4761
f 456//612 440//598 452//597
f 445//604 436//590 449//605
f 447//594 448//593 459//608
f 450//596 447//594 462//609
f 457//614 464//4762 452//597
f 458//601 465//4763 453//602
f 469//1195 470//619 464//4762
f 445//604 460//606 451//599
f 465//613 469//1195 457//614
f 457//614 469//1195 464//4762
f 460//606 449//605 910//610
f 439//588 455//620 429//575
f 442//603 453//602 441//4761
f 432//583 445//604 443//586
f 415//560 413//559 433//4615
f 173//186 116//185 172//256
f 119//189 471//621 472//623
f 472//623 473//622 474//625
f 174//626 175//299 501//627
f 477//630 478//632 476//624
f 477//636 475//638 482//634
f 501//627 481//637 471//628
f 473//622 475//629 476//624
f 484//640 483//4764 480//631
f 484//640 485//642 483//4764
f 485//642 486//641 496//4765
f 485//642 496//4765 483//4764
f 489//645 491//970 490//647
f 487//676 512//675 488//4766
f 485//650 511//649 487//676
f 183//281 119//282 472//659
f 478//654 493//652 476//655
f 472//659 494//656 183//281
f 481//637 502//670 475//638
f 502//670 482//634 475//638
f 496//661 497//663 495//651
f 499//681 515//673 491//4767
f 490//666 515//673 513//665
f 491//4767 515//673 490//666
f 486//662 513//665 497//663
f 493//652 495//651 506//4768
f 493//652 505//4769 503//658
f 493//652 506//4768 505//4769
f 481//637 550//668 502//670
f 504//667 508//671 517//4770
f 517//4770 511//649 504//667
f 505//4769 549//728 503//658
f 510//968 551//735 506//4768
f 493//652 503//658 476//655
f 502//670 507//669 482//634
f 497//663 514//674 510//968
f 511//649 517//4770 512//675
f 517//4770 518//683 512//675
f 515//673 521//682 514//674
f 516//679 519//736 500//680
f 539//684 521//682 499//681
f 519//736 520//713 500//680
f 520//713 524//696 500//680
f 518//683 519//736 516//679
f 512//675 489//678 488//4766
f 495//651 497//663 506//4768
f 497//663 510//968 506//4768
f 547//725 518//683 517//4770
f 522//692 527//691 491//970
f 522//692 491//970 492//969
f 523//690 528//694 527//691
f 526//701 529//4771 524//695
f 524//695 529//4771 525//4772
f 524//695 525//4772 528//694
f 528//4773 499//681 527//4774
f 523//693 500//680 524//696
f 526//698 541//697 530//4775
f 613//798 534//4776 532//4777
f 613//798 535//800 534//4776
f 530//4775 531//715 532//4777
f 541//697 531//715 530//4775
f 532//703 546//4778 545//702
f 534//704 535//4779 536//706
f 614//720 537//722 538//4780
f 537//722 536//706 535//4779
f 538//4780 537//722 535//4779
f 533//705 546//4778 532//703
f 539//684 499//681 528//4773
f 545//712 542//686 540//709
f 524//696 520//713 541//697
f 529//707 542//686 539//684
f 542//686 545//712 568//711
f 546//716 533//723 544//710
f 525//708 539//684 528//4773
f 540//700 529//4771 526//701
f 507//669 548//724 508//671
f 509//672 205//362 183//281
f 501//627 550//668 481//637
f 550//668 548//724 507//669
f 549//728 554//726 503//658
f 506//4768 551//735 549//728
f 554//726 509//672 494//656
f 554//4781 557//853 509//965
f 550//668 556//730 548//724
f 547//725 559//757 562//797
f 561//731 563//733 562//797
f 559//757 561//731 562//797
f 558//734 555//727 551//735
f 552//688 560//739 558//734
f 501//627 553//729 550//668
f 506//4768 549//728 505//4769
f 518//683 562//797 563//733
f 563//733 543//714 520//713
f 519//736 563//733 520//713
f 542//686 568//711 564//687
f 572//747 543//714 563//733
f 572//747 569//741 543//714
f 569//741 625//743 565//737
f 571//740 560//739 567//738
f 575//751 576//750 574//749
f 566//685 564//687 571//740
f 568//711 575//751 573//746
f 577//4782 578//752 553//753
f 578//752 579//756 556//730
f 579//756 559//757 548//724
f 578//752 658//754 579//756
f 659//4783 581//766 580//755
f 658//754 659//4783 580//755
f 582//758 656//847 558//4784
f 583//768 584//767 561//731
f 571//740 582//761 560//739
f 561//731 584//767 585//732
f 686//859 665//759 582//758
f 584//767 602//769 585//732
f 584//767 586//765 589//764
f 591//869 592//772 587//763
f 693//776 598//2829 597//777
f 597//777 596//779 692//778
f 595//773 596//779 597//777
f 580//755 583//768 561//731
f 602//769 599//744 570//742
f 572//747 602//769 570//742
f 604//783 605//786 666//781
f 574//749 604//783 588//782
f 606//838 607//787 605//786
f 611//794 609//788 607//787
f 607//787 608//784 605//786
f 612//796 609//788 611//794
f 605//786 689//785 666//781
f 600//780 590//774 601//792
f 573//746 574//749 686//762
f 574//749 630//748 604//783
f 603//775 599//744 602//769
f 613//798 623//801 538//799
f 538//799 623//801 614//803
f 620//812 633//816 617//813
f 647//814 641//4785 621//811
f 641//4785 620//812 621//811
f 618//810 621//844 617//807
f 531//715 613//798 532//4777
f 544//710 575//751 568//711
f 625//743 613//798 531//715
f 536//718 576//750 544//710
f 624//717 576//750 536//718
f 624//717 630//748 576//750
f 627//745 616//809 615//802
f 620//823 606//838 629//818
f 627//745 615//802 623//801
f 630//748 628//819 604//783
f 631//820 632//821 624//717
f 639//828 634//833 635//826
f 651//830 648//824 635//825
f 638//4786 645//791 637//4787
f 599//744 626//817 627//745
f 641//845 640//836 642//793
f 606//838 641//845 642//793
f 601//792 639//828 618//810
f 626//817 618//810 616//809
f 642//793 607//787 606//838
f 610//789 645//791 643//835
f 643//835 645//791 649//831
f 645//791 638//4786 649//831
f 612//796 644//843 695//795
f 646//837 611//794 642//793
f 626//817 601//792 618//810
f 647//4788 640//836 641//845
f 648//4789 640//836 647//4788
f 651//840 640//836 648//4789
f 650//839 653//841 644//843
f 621//844 639//828 622//827
f 633//816 632//806 619//805
f 651//840 612//796 646//837
f 640//836 651//840 646//837
f 509//965 654//852 313//966
f 554//4781 655//848 557//853
f 557//853 654//852 509//965
f 558//4784 656//847 555//846
f 655//848 656//847 660//854
f 657//760 662//858 660//854
f 655//855 663//850 654//849
f 654//849 667//861 313//4602
f 662//934 661//940 701//906
f 663//850 660//856 700//908
f 660//856 662//934 700//908
f 555//846 655//848 554//4781
f 665//759 687//860 661//857
f 686//859 588//936 687//860
f 664//851 663//850 668//863
f 667//4603 670//945 669//956
f 667//4603 664//938 670//945
f 671//866 658//865 578//886
f 675//875 671//866 674//870
f 681//878 683//881 692//883
f 684//884 693//882 683//881
f 681//878 685//885 683//881
f 591//888 682//880 592//879
f 577//871 674//870 578//886
f 675//875 659//864 671//866
f 679//874 672//877 675//875
f 666//935 689//902 688//901
f 688//889 690//903 680//890
f 592//772 681//4790 593//770
f 695//897 694//3067 696//894
f 694//2988 697//898 696//900
f 689//902 608//895 691//896
f 691//899 714//931 690//903
f 677//4791 675//4791 699//4791
f 703//862 700//908 702//907
f 690//903 706//904 704//892
f 668//928 707//929 698//937
f 676//942 708//941 699//4792
f 703//912 702//4793 709//913
f 706//904 711//924 710//905
f 710//905 709//913 702//4793
f 715//917 705//4794 712//909
f 715//917 729//930 713//918
f 712//909 705//4794 677//4795
f 712//909 677//4795 699//910
f 702//4793 704//892 710//905
f 685//926 716//925 684//4796
f 668//928 703//912 723//914
f 714//922 730//921 706//904
f 697//933 718//923 714//922
f 659//4783 672//868 581//766
f 673//867 587//763 581//766
f 588//936 688//901 687//860
f 698//937 670//945 664//938
f 699//939 674//870 676//872
f 713//916 682//880 678//876
f 681//878 713//916 685//885
f 701//906 687//891 704//892
f 670//945 720//944 669//956
f 698//937 707//929 721//958
f 698//937 721//958 720//944
f 721//958 707//929 724//955
f 728//950 729//930 715//917
f 722//943 733//962 708//941
f 716//925 734//1065 731//4797
f 719//932 741//953 718//923
f 730//921 726//946 711//924
f 720//944 721//958 736//959
f 735//957 720//944 737//960
f 734//1065 739//984 731//4797
f 719//932 742//990 741//953
f 744//994 732//954 733//949
f 717//920 745//987 740//952
f 741//953 745//987 717//920
f 732//954 734//951 729//930
f 728//950 733//949 732//954
f 726//946 740//952 725//947
f 727//948 724//955 723//914
f 728//950 712//909 708//911
f 710//905 726//946 709//913
f 716//925 731//4797 684//4796
f 517//4770 508//671 547//725
f 539//684 564//687 566//685
f 593//770 681//4790 596//779
f 596//779 681//4790 692//778
f 527//4774 499//681 491//4767
f 599//744 600//780 626//817
f 601//792 610//789 643//835
f 649//834 653//971 650//974
f 637//973 652//4798 653//971
f 748//988 736//959 749//976
f 742//990 764//985 741//953
f 741//953 764//985 745//987
f 737//960 748//988 738//961
f 736//959 724//955 750//975
f 745//987 756//986 747//977
f 746//979 750//975 724//955
f 761//992 752//981 753//980
f 752//1066 761//992 744//994
f 756//986 767//998 747//977
f 756//986 768//1012 767//998
f 769//1010 768//1012 756//986
f 758//991 748//988 759//1000
f 762//996 766//4799 755//983
f 764//985 770//1001 769//1010
f 764//985 769//1010 756//986
f 750//975 751//978 760//999
f 747//977 767//998 751//978
f 744//964 762//996 754//4800
f 771//1016 773//1003 750//975
f 749//976 773//1003 759//1000
f 759//1000 774//1004 772//1002
f 761//992 765//997 763//993
f 762//996 779//1008 766//4799
f 781//1009 780//1011 769//1010
f 767//998 776//1013 760//999
f 771//1016 760//999 775//1014
f 774//1004 773//1003 782//1015
f 771//1016 784//1020 782//1015
f 781//1009 786//1033 780//1011
f 780//1011 786//1033 785//1018
f 785//1018 787//1019 776//1013
f 781//1009 791//1031 786//1033
f 784//1020 775//1014 787//1019
f 797//1028 798//1027 788//1064
f 786//1033 800//1029 785//1018
f 786//1033 803//1032 800//1029
f 796//1036 787//1019 795//1023
f 783//1017 774//1004 793//1034
f 782//1015 784//1020 796//1036
f 782//1015 794//1037 793//1034
f 788//1064 798//1027 789//1063
f 789//1021 798//1024 790//1022
f 785//1018 800//1029 795//1023
f 796//1036 804//1039 794//1037
f 792//1035 793//1034 806//1038
f 794//1037 814//1040 806//1038
f 801//1026 807//1056 798//1027
f 803//1032 811//1046 800//1029
f 802//1030 800//1029 820//1047
f 811//1046 820//1047 800//1029
f 814//1040 804//1039 815//1050
f 813//1049 806//1038 1545//1052
f 814//1040 816//1051 1545//1052
f 817//1054 818//4801 801//1026
f 809//1043 822//1061 812//1045
f 808//1041 799//1025 798//1024
f 795//1023 805//1048 796//1036
f 802//1030 805//1048 795//1023
f 789//1063 778//1005 777//1006
f 744//964 754//4800 734//951
f 725//947 747//977 746//979
f 724//955 727//948 746//979
f 875//1070 1283//1067 887//1069
f 825//1071 884//4802 823//1072
f 824//1068 1296//1615 827//1073
f 829//1159 1300//1600 1301//4803
f 889//1158 1300//1600 829//1159
f 827//1073 1296//1615 861//1142
f 1296//1615 826//1160 861//1142
f 866//1139 1303//1155 1302//1162
f 826//1160 1297//1077 828//1074
f 878//1125 851//4804 850//1113
f 846//1096 1344//1644 845//1647
f 846//1096 1345//1098 1344//1644
f 831//1079 842//1078 849//1085
f 833//1081 830//1639 1339//1638
f 835//1084 838//1086 834//4805
f 1280//1088 836//1087 838//1086
f 834//4805 838//1086 836//1087
f 1212//1655 842//1078 832//1080
f 842//1078 1212//1655 837//1083
f 1212//1655 1357//1092 837//1083
f 1213//1540 838//1086 1357//1092
f 838//1086 1213//1540 1280//1088
f 840//1094 1356//1100 848//1099
f 849//1085 842//1078 837//1083
f 834//4805 836//1087 850//1091
f 833//1106 845//1105 830//1659
f 845//1105 1363//4806 830//1659
f 846//1107 833//1106 831//1104
f 853//1103 846//1107 831//1104
f 847//1114 848//1108 834//1110
f 851//4804 847//1114 850//1113
f 851//4807 852//4808 882//1145
f 851//4807 882//1145 843//1101
f 851//4807 843//1101 844//1093
f 851//4807 844//1093 847//1111
f 852//4809 851//4804 878//1125
f 860//1148 861//1142 858//4810
f 857//4811 861//1142 864//1161
f 864//1161 863//1157 857//4811
f 857//4811 863//1157 862//4812
f 862//4812 863//1157 871//1123
f 828//1074 1298//1076 865//1121
f 863//1157 865//1121 871//1123
f 878//1125 868//1124 852//4809
f 860//4813 869//1131 856//1127
f 870//4814 869//1131 858//4814
f 858//4814 869//1131 860//4813
f 858//4814 857//1133 870//4814
f 872//1754 867//1138 871//1137
f 873//1133 870//4814 857//1133
f 874//1141 890//1140 873//1135
f 855//1115 825//1071 875//1070
f 859//1116 875//1070 876//1143
f 880//1129 879//1149 881//1147
f 881//1147 868//1146 880//1129
f 885//1089 1280//1088 884//4802
f 1281//4815 839//1095 843//1101
f 886//1152 1281//4815 882//1145
f 885//1089 884//4802 825//1071
f 882//1145 1281//4815 843//1101
f 886//1152 879//1149 1287//1150
f 826//1160 828//1074 863//1157
f 827//1073 861//1142 887//1069
f 867//1156 1303//1155 866//1139
f 865//1121 1299//1153 872//1122
f 873//1135 890//1140 889//1158
f 890//1140 1302//1162 889//1158
f 868//1146 882//1145 852//4808
f 861//1142 826//1160 864//1161
f 855//1115 854//1117 878//1090
f 859//1116 856//4816 854//1117
f 870//1118 883//1120 869//1130
f 859//1116 860//1148 856//4816
f 858//4810 861//1142 857//4811
f 892//1164 891//1186 1305//1191
f 1315//1627 1319//1351 1044//1356
f 1315//1627 1044//1356 893//1165
f 893//1165 1044//1356 1036//1163
f 905//1183 906//1166 1268//1168
f 1071//1182 1072//1187 905//1183
f 898//1179 1306//1618 900//1171
f 899//1172 901//1189 1327//1184
f 904//1178 902//1174 1332//1176
f 900//1171 897//1170 898//1179
f 897//1170 901//1189 899//1172
f 1332//1176 1069//1175 903//1438
f 906//1166 1073//1180 895//1167
f 1330//1617 1033//1348 1074//1382
f 907//4620 1033//1348 1330//1617
f 897//1170 896//1188 901//1189
f 901//1189 1071//1182 1327//1184
f 1306//1618 1305//1191 900//1171
f 909//1196 461//607 460//606
f 459//608 911//1201 462//609
f 910//610 450//596 922//1192
f 912//4817 470//619 913//1223
f 458//601 914//4818 465//4763
f 468//616 915//1208 463//617
f 468//616 931//1206 915//1208
f 930//1193 931//1206 468//616
f 470//619 916//1219 913//1223
f 919//1194 916//1216 469//1195
f 917//1222 912//4817 913//1223
f 916//1219 470//619 469//1195
f 918//1212 919//1214 465//4763
f 914//4818 918//1212 465//4763
f 920//1197 909//1196 921//1199
f 911//1201 925//1224 924//1202
f 922//1192 462//609 924//1202
f 920//1197 957//1204 927//1198
f 920//1197 921//1199 926//1203
f 923//1200 922//1192 928//1205
f 914//4818 936//1210 918//1212
f 935//1209 934//1248 930//1193
f 930//1193 934//1248 931//1206
f 938//1215 937//1266 916//1216
f 916//1219 929//1218 913//1223
f 910//610 923//1200 921//1199
f 925//1224 940//1881 939//1225
f 952//1239 1102//1238 941//1228
f 942//1234 949//1231 943//1240
f 943//1240 950//1230 1106//1336
f 947//1237 944//1245 946//1233
f 939//1232 940//1886 950//1230
f 948//1244 963//4819 949//1231
f 963//4819 939//1232 949//1231
f 952//1239 947//1237 951//1236
f 1110//1243 978//1242 1111//1407
f 945//1289 947//1237 952//1239
f 944//1245 963//4819 948//1244
f 946//1233 948//1244 942//1234
f 934//1248 954//4820 955//1246
f 957//1204 962//1263 927//1198
f 959//1254 917//1222 929//1221
f 957//1204 960//1252 962//1263
f 962//1263 960//1252 975//1264
f 956//1249 926//1203 944//1250
f 957//1204 956//1249 960//1252
f 923//1200 928//1205 963//1226
f 982//1255 929//1218 958//1256
f 934//1248 953//1247 931//1206
f 987//1261 965//4821 938//1220
f 965//1265 981//4822 937//1266
f 980//1257 958//1256 937//1217
f 927//1198 962//1263 935//1209
f 944//1250 923//1200 963//1226
f 1114//1415 968//1267 974//1227
f 968//1267 1115//1414 967//1268
f 966//4823 970//1269 954//1271
f 955//4593 971//1270 972//3303
f 954//1271 971//1270 955//4593
f 971//1270 1093//1273 2817//4824
f 966//4823 967//1268 970//1269
f 1115//1414 1116//1272 970//1269
f 1115//1414 970//1269 967//1268
f 971//1270 2817//4824 972//3303
f 975//4825 960//4826 974//1227
f 975//4825 974//1227 967//1268
f 974//1227 960//4826 945//1289
f 960//4826 961//4827 945//1289
f 945//1289 961//4827 947//1237
f 978//1242 979//1241 959//1277
f 978//1242 982//1278 980//1275
f 978//1242 980//1275 986//1288
f 1108//1405 983//4828 984//1421
f 1118//1424 985//1285 969//1287
f 983//4828 977//1286 984//1421
f 984//1421 977//1286 985//1285
f 977//1286 965//1279 989//1283
f 965//1279 988//1281 989//1283
f 964//4595 990//1284 987//1280
f 987//1280 990//1284 988//1281
f 976//1274 981//1276 977//1286
f 986//1288 983//4828 1108//1405
f 983//4828 986//1288 977//1286
f 981//1276 965//1279 977//1286
f 945//1289 941//1228 974//1227
f 974//1227 1101//1229 1114//1415
f 947//1237 961//4827 944//1245
f 978//1242 986//1288 1111//1407
f 966//1258 954//4820 934//1248
f 966//4823 975//4825 967//1268
f 989//1283 1120//1290 969//1287
f 1379//1293 991//1296 1053//1291
f 1123//1297 992//1294 998//1299
f 1064//1426 1131//1432 1392//1680
f 1064//1426 1392//1680 1065//1379
f 1053//1291 991//1296 1054//1295
f 1004//1319 1128//1318 995//1428
f 994//1301 1388//1300 997//1302
f 1132//4829 1001//1431 1000//1711
f 1132//4829 1000//1711 1131//1432
f 995//1428 1002//1709 1004//1319
f 1137//1311 1426//1305 1003//1304
f 999//1303 997//1302 995//1428
f 1002//1709 995//1428 997//1302
f 1003//1304 1428//1306 1001//1431
f 1005//1310 1427//1321 1009//1309
f 1133//1317 996//1320 1005//1310
f 1088//1307 1007//1313 1008//1715
f 993//1298 994//1301 998//1299
f 1078//1383 1011//1323 1052//1370
f 1078//1383 1100//1324 1011//1323
f 1010//1325 1011//1323 1012//1322
f 1023//1341 1020//1333 1066//1169
f 1066//1169 1020//1333 1031//1342
f 1031//1342 1016//1327 896//1188
f 1025//1331 1098//1330 1014//1332
f 1016//1327 4044//4830 1018//1334
f 1014//1332 4044//4830 1016//1327
f 1016//1327 1018//1334 1017//1328
f 1023//1341 1025//1331 1020//1333
f 1070//1344 1027//1347 1024//1380
f 1027//1347 1028//1413 1030//4831
f 1028//1413 1040//1353 1030//4831
f 1055//4832 1040//1353 1028//1413
f 1028//1413 1029//37 1055//4832
f 1024//1380 1027//1347 1030//4831
f 1022//1337 1015//1329 1025//1331
f 1026//1340 1015//1329 1022//1337
f 1033//1348 4//6 1107//8
f 1032//1349 1107//8 1075//1381
f 1075//1381 1107//8 1034//1343
f 1107//8 1035//1346 1034//1343
f 1073//1180 1106//1336 1013//1181
f 1039//1326 1045//1352 1037//4833
f 1041//4834 1038//1359 1037//4833
f 1045//1352 1041//4834 1037//4833
f 1044//1356 1022//1337 1036//1163
f 1044//1356 1039//1326 1022//1337
f 1041//4834 1230//1357 1038//1359
f 1042//1358 1051//4835 1038//1359
f 1043//1363 1449//1721 1387//1364
f 1050//1367 1325//1634 1320//1365
f 1046//1354 1050//1367 1320//1365
f 1048//1368 1447//1362 1446//1369
f 1049//1355 1046//1354 1323//1366
f 1049//1355 1323//1366 1047//1632
f 1049//1355 1047//1632 1076//1439
f 1050//1367 1446//1369 1325//1634
f 1051//4835 1060//1360 1011//1323
f 1052//1370 1053//1291 1054//1295
f 1060//1360 1052//1370 1011//1323
f 1038//1359 1011//1323 1010//1325
f 1038//1359 1010//1325 1037//4833
f 1051//4835 1011//1323 1038//1359
f 1447//1362 1056//1372 1058//1371
f 1050//1367 1056//1372 1048//1368
f 1050//1367 1055//4832 1056//1372
f 1058//1371 1056//1372 1057//1435
f 1057//1435 1056//1372 1055//4832
f 1058//1371 1061//1376 1043//1363
f 1061//1376 1080//1389 1059//1377
f 1037//4833 1010//1325 1039//1326
f 1378//1292 1053//1291 1060//1360
f 1043//1363 1061//1376 1449//1721
f 1063//1374 1065//1379 1380//1375
f 1061//1376 1062//1373 1449//1721
f 1130//1378 1064//1426 1065//1379
f 1042//1358 1060//1360 1051//4835
f 1046//1354 1040//1353 1050//1367
f 1067//1185 1066//1169 900//1171
f 1021//1338 1023//1341 1067//1185
f 1024//1380 1049//1355 1076//1439
f 1066//1169 1031//1342 896//1188
f 1068//1345 1069//1175 902//1174
f 1067//1185 1023//1341 1066//1169
f 1024//1380 1076//1439 1069//1175
f 1071//1182 1019//1335 1072//1187
f 896//1188 1017//1328 1071//1182
f 1068//1345 902//1174 1075//1381
f 1072//1187 1019//1335 1073//1180
f 1074//1382 1075//1381 908//1190
f 908//1190 1075//1381 902//1174
f 1024//1380 1030//4831 1049//1355
f 1030//4831 1040//1353 1049//1355
f 1040//1353 1055//4832 1050//1367
f 1075//1381 1034//1343 1068//1345
f 1079//1384 1077//1386 1083//1402
f 1081//2 1080//1389 1058//1371
f 1082//1392 1126//1427 1089//1393
f 1121//1387 1126//1427 1082//1392
f 1077//1386 1121//1387 1082//1392
f 1113//1388 1080//1389 1112//4
f 1052//1370 1079//1384 1078//1383
f 1089//1393 1085//1399 1086//1395
f 1117//1394 1089//1393 1086//1395
f 1086//1395 1085//1399 1087//1396
f 1093//1273 1088//1307 2817//4824
f 1093//1273 1006//1308 1088//1307
f 1089//1393 1128//1318 1085//1399
f 1092//31 1129//1429 1091//1436
f 1092//31 1095//1398 1134//1433
f 1129//1429 1092//31 1134//1433
f 1094//29 14//27 1138//1316
f 1138//1316 1095//1398 1094//29
f 1091//1436 1084//1390 1113//1388
f 1104//1400 1079//1384 1083//1402
f 1126//1427 1127//1401 1089//1393
f 1103//1403 1101//1229 1104//1400
f 1097//1350 941//1228 1102//1238
f 1100//1324 941//1228 1099//1339
f 1100//1324 1104//1400 1101//1229
f 1101//1229 1103//1403 1114//1415
f 1014//1332 1098//1330 4044//4830
f 1098//1330 951//1236 1105//1235
f 4044//4830 1105//1235 942//1234
f 4008//4699 90//4836 1108//1405
f 90//4836 1109//4837 1108//1405
f 4045//1410 107//4625 979//1241
f 1111//1407 986//1288 1108//1405
f 78//1404 65//1412 1108//1405
f 1029//37 1028//1413 5//38
f 1029//37 1081//2 1057//1435
f 1029//37 2//3 1081//2
f 1035//1346 6//4712 1027//1347
f 6//4712 5//38 1027//1347
f 1119//1416 1118//1424 969//1287
f 1116//1272 1086//1395 1093//1273
f 4013//4838 92//4839 1120//1290
f 4055//4697 70//1422 984//1421
f 1103//1403 1077//1386 1082//1392
f 11//21 1090//19 1113//1388
f 1112//4 11//21 1113//1388
f 113//4661 100//1425 1118//1424
f 1123//1297 999//1303 1121//1387
f 1123//1297 998//1299 999//1303
f 1125//1391 1124//1430 1064//1426
f 1129//1429 1124//1430 1084//1390
f 1123//1297 1121//1387 1122//1385
f 999//1303 1126//1427 1121//1387
f 1113//1388 1125//1391 1130//1378
f 1132//4829 1124//1430 1001//1431
f 1124//1430 1132//4829 1131//1432
f 1134//1433 1135//1312 1137//1311
f 1136//1434 1138//1316 1432//1315
f 1134//1433 1095//1398 1136//1434
f 1134//1433 1137//1311 1129//1429
f 1005//1310 1087//1396 1133//1317
f 1091//1436 1129//1429 1084//1390
f 1084//1390 1124//1430 1125//1391
f 1029//37 1057//1435 1055//4832
f 1097//1350 1026//1340 1099//1339
f 1080//1389 1061//1376 1058//1371
f 1130//1378 1059//1377 1080//1389
f 1054//1295 1079//1384 1052//1370
f 1039//1326 1026//1340 1022//1337
f 1039//1326 1012//1322 1026//1340
f 1036//1163 1022//1337 1021//1338
f 1036//1163 1021//1338 1067//1185
f 1076//1439 1047//1632 894//1631
f 1307//1437 1076//1439 894//1631
f 1077//1386 1103//1403 1083//1402
f 1112//4 1080//1389 1081//2
f 1090//19 1091//1436 1113//1388
f 892//1164 1036//1163 1067//1185
f 897//1170 1066//1169 896//1188
f 1069//1175 1076//1439 903//1438
f 984//1421 985//1285 1118//1424
f 1138//1316 1096//1397 1434//1314
f 1365//4840 1140//1650 1141//4841
f 1141//4841 1139//1473 1149//1451
f 1142//1447 1144//1447 1354//1446
f 1364//1440 1145//1445 1143//1441
f 1145//1445 1141//1444 1143//1441
f 1150//4842 1146//4843 1144//1447
f 1144//1443 1146//1461 1139//1463
f 1141//1444 1144//1443 1139//1463
f 1151//1450 1147//1453 1368//1572
f 1244//1564 1151//1450 1368//1572
f 1141//4841 1149//1451 1244//1564
f 1152//1662 1155//1664 1153//1464
f 1152//1662 1153//1464 1150//4842
f 1149//1451 1151//1450 1244//1564
f 1246//1573 1368//1572 1147//1453
f 1370//1690 1156//1457 1159//1458
f 1147//1453 1154//1454 1246//1573
f 1246//1573 1154//1454 1167//1494
f 1165//1455 1185//1459 1154//1454
f 1155//1664 1159//1458 1153//1464
f 1365//4840 1141//4841 1244//1564
f 1161//1506 1177//1508 1160//1471
f 1146//1461 1163//4844 1162//1462
f 1159//1458 1164//1465 1153//1464
f 1162//1462 1164//1470 1148//1469
f 1163//4844 1164//1470 1162//1462
f 1153//1464 1146//4843 1150//4842
f 1159//1458 1166//1457 1164//1465
f 1158//1497 1166//1457 1157//1456
f 1166//1467 1161//1506 1160//1471
f 1158//1497 1161//1516 1166//1457
f 1153//1464 1163//1466 1146//4843
f 1142//1447 1150//4842 1144//1447
f 1140//1650 1341//1641 1143//4845
f 1141//4841 1140//1650 1143//4845
f 1151//1450 1162//1449 1148//1452
f 1404//1687 1167//1494 1168//1459
f 1169//1476 1170//1475 1408//1692
f 1172//1478 1191//1477 1174//1479
f 1185//1459 1177//1490 1186//1492
f 1177//1490 1178//4846 1189//1491
f 1191//1477 1179//1493 1180//4847
f 1180//4847 1190//1538 1191//1477
f 1189//1491 1178//4846 1179//1493
f 1154//1454 1182//1460 1168//1459
f 1186//1492 1169//1476 1182//1460
f 1184//1496 1411//1500 1183//1495
f 1188//1499 1187//1498 1411//1500
f 1187//1498 1196//1505 1195//1515
f 1188//1499 1196//1505 1187//1498
f 1187//1498 1195//1515 1158//1497
f 1189//1491 1191//1477 1193//1474
f 1188//1499 1192//1503 1197//1504
f 1181//1539 1197//1504 1192//1503
f 1193//1474 1186//1492 1189//1491
f 1169//1476 1186//1492 1193//1474
f 1186//1492 1182//1460 1185//1459
f 1157//1456 1183//1495 1158//1497
f 1411//1500 1187//1498 1183//1495
f 1195//1507 1178//1510 1177//1508
f 1195//1507 1196//1514 1178//1510
f 1190//1538 1180//4847 1198//1517
f 1201//1484 1202//1520 1200//1526
f 1174//1479 1190//1538 1175//1481
f 1440//1521 1203//1489 1205//1522
f 1205//1522 1208//1525 1181//1539
f 1209//1524 1208//1525 1203//1489
f 1201//1484 1176//1483 1199//1519
f 1442//1485 1200//1526 1423//1714
f 1175//1481 1190//1538 1198//1517
f 1444//1527 1210//1529 1204//1523
f 1198//1532 1209//1533 1207//1537
f 1206//1534 1200//3547 1202//1535
f 1210//1536 1202//1535 1207//1537
f 1181//1513 1198//1532 1180//1512
f 1246//1573 1167//1494 1404//1687
f 1185//1459 1160//1472 1177//1490
f 1357//1092 1212//1655 1214//1092
f 1212//1655 1221//1085 1214//1092
f 1218//1542 1215//1550 1221//1085
f 1221//1085 1216//1543 1218//1542
f 1219//1545 1216//1543 1211//1549
f 1360//1094 1222//1637 1359//1100
f 1223//1656 1359//1100 1224//1636
f 1222//1637 1224//1636 1359//1100
f 1223//1656 1217//4848 1254//1580
f 1254//1580 1361//1657 1223//1656
f 1223//1656 1224//1636 1217//4848
f 1214//1092 1221//1085 1215//1550
f 1219//1545 1338//1548 1248//4849
f 1212//1655 1211//1549 1221//1085
f 1248//4849 1232//1552 1226//1546
f 1248//4849 1249//4850 1232//1552
f 1252//1544 1226//1546 1308//1551
f 1257//1567 1227//1553 1233//1559
f 1249//4850 1233//1559 1230//1357
f 1448//1720 1387//1364 1253//1561
f 1448//1720 1253//1561 1231//1557
f 1249//4850 1230//1357 1232//1552
f 1227//1553 1228//1555 1234//1361
f 1366//1447 1349//1652 1240//1578
f 1237//1565 1257//1567 1250//1579
f 1238//1566 1241//1568 1257//1567
f 1229//1554 1242//1562 1377//1672
f 1369//1575 1366//1447 1259//1576
f 1369//1575 1399//1696 1247//1663
f 1243//1577 1399//1696 1369//1575
f 1241//1568 1236//1563 1242//1562
f 1338//1548 1249//4850 1248//4849
f 1226//1546 1219//1545 1248//4849
f 1250//1579 1233//1559 1249//4850
f 1239//1584 1256//4851 1235//1560
f 1237//1565 1250//1579 1249//4850
f 1251//1558 1253//1561 1256//4851
f 1255//1556 1251//1558 1254//1580
f 1217//4848 1324//1581 1254//1580
f 1350//1649 1237//1565 1249//4850
f 1338//1548 1350//1649 1249//4850
f 1361//1657 1254//1580 1351//4852
f 1251//1558 1256//4851 1351//4852
f 1256//4851 1220//4853 1351//4852
f 1256//4851 1239//1584 1220//4853
f 1243//1577 1259//1576 1260//1583
f 1258//1582 1235//1560 1385//1674
f 1239//1584 1235//1560 1258//1582
f 1253//1561 1235//1560 1256//4851
f 1251//1558 1231//1557 1253//1561
f 1254//1580 1251//1558 1351//4852
f 1216//1543 1226//1546 1252//1544
f 1260//1583 1258//1582 1385//1674
f 1252//1544 1225//1630 1218//1542
f 1220//4853 1239//1584 1367//1654
f 1258//1582 1259//1576 1240//1578
f 1264//1589 1263//1585 1266//1587
f 1292//1586 1265//1619 1270//1173
f 1292//1586 1270//1173 1262//1592
f 1263//1585 1265//1619 1292//1586
f 1272//1597 1331//1596 1273//4854
f 1269//1593 1271//1601 1296//1615
f 1269//1593 899//1172 1271//1601
f 1013//1181 1299//1153 895//1167
f 1329//1591 1268//1168 1267//1075
f 1302//1162 1275//1598 1300//1600
f 1300//1600 1335//1599 1274//1594
f 1276//1722 1277//1609 1279//1603
f 1288//1541 1277//1609 1276//1722
f 823//1072 1278//1602 1283//1067
f 1278//1602 1262//1592 1283//1067
f 823//1072 884//4802 1279//1603
f 1280//1088 1213//1540 1276//1722
f 839//1095 1289//1606 1358//1093
f 1282//1604 839//1095 1281//4815
f 1276//1722 1279//1603 884//4802
f 1283//1067 875//1070 823//1072
f 1284//1616 1285//1607 1287//1150
f 888//1144 1284//1616 1287//1150
f 1286//1151 1294//1608 1282//1604
f 1286//1151 1287//1150 1294//1608
f 1215//1550 1218//1542 1291//1612
f 1289//1606 1337//1611 1222//1637
f 1290//1605 1314//1610 1289//1606
f 1294//1608 1295//1614 1293//1613
f 1290//1605 1293//1613 1314//1610
f 1289//1606 1222//1637 1360//1094
f 1286//1151 1282//1604 1281//4815
f 1293//1613 1290//1605 1282//1604
f 1296//1615 1297//1077 826//1160
f 1301//4803 1274//1594 1272//1597
f 1301//4803 1272//1597 1284//1616
f 1300//1600 1274//1594 1301//4803
f 1298//1076 895//1167 1299//1153
f 829//1159 1301//4803 1284//1616
f 1284//1616 1272//1597 1285//1607
f 1272//1597 1273//4854 1285//1607
f 1303//1155 1275//1598 1302//1162
f 1304//1154 907//4620 1330//1617
f 1303//1155 1330//1617 1275//1598
f 1305//1191 1306//1618 1263//1585
f 1311//1624 1333//1626 1312//1625
f 1264//1589 1321//1588 1305//1191
f 1291//1612 1225//1630 1309//1620
f 1316//1623 1225//1630 1252//1544
f 1313//1621 1322//1633 1336//1622
f 1314//1610 1313//1621 1337//1611
f 1307//1437 1313//1621 1314//1610
f 1316//1623 1308//1551 1318//1723
f 1232//1552 1230//1357 1041//4834
f 1232//1552 1041//4834 1318//1723
f 1325//1634 1446//1369 1231//1557
f 1317//1628 1320//1365 1325//1634
f 1316//1623 1318//1723 1319//1351
f 1309//1620 1225//1630 1315//1627
f 1309//1620 893//1165 1321//1588
f 1323//1366 1320//1365 1326//1629
f 894//1631 1047//1632 1322//1633
f 1325//1634 1324//1581 1317//1628
f 1310//1635 1326//1629 1317//1628
f 1326//1629 1310//1635 1336//1622
f 1314//1610 1333//1626 1307//1437
f 1315//1627 893//1165 1309//1620
f 1322//1633 1326//1629 1336//1622
f 1271//1601 1327//1184 1329//1591
f 1273//4854 904//1178 1311//1624
f 1331//1596 904//1178 1273//4854
f 1329//1591 1327//1184 905//1183
f 1332//1176 903//1438 1333//1626
f 1311//1624 1332//1176 1333//1626
f 1335//1599 908//1190 1334//1595
f 1275//1598 1074//1382 1335//1599
f 1336//1622 1310//1635 1222//1637
f 1218//1542 1225//1630 1291//1612
f 1314//1610 1293//1613 1312//1625
f 1285//1607 1273//4854 1295//1614
f 1273//4854 1311//1624 1295//1614
f 1339//1638 1352//1643 1338//1548
f 1340//1640 1347//1642 1352//1643
f 1346//1645 1342//1653 1363//1646
f 1140//1650 1365//4840 1348//1648
f 1351//4852 1220//4853 1346//1645
f 1346//1645 1220//4853 1342//1653
f 1347//1642 1350//1649 1352//1643
f 1220//4853 1367//1654 1342//1653
f 1352//1643 1350//1649 1338//1548
f 1347//1642 1341//1641 1140//1650
f 1342//1653 1353//1651 1364//1661
f 1349//1652 1353//1651 1367//1654
f 1355//1547 1211//1549 832//1080
f 1361//1657 1346//1645 1344//1644
f 1361//1657 1345//1098 1223//1656
f 1361//1657 1351//4852 1346//1645
f 1362//1660 1364//1440 1340//1658
f 1363//4806 1362//1660 830//1659
f 1342//1653 1364//1661 1362//4855
f 1342//1653 1362//4855 1363//1646
f 1354//1446 1145//1448 1364//1661
f 1348//1648 1365//4840 1238//1566
f 1366//1447 1369//1575 1152//1662
f 1365//4840 1244//1564 1236//1563
f 1366//1447 1142//1447 1349//1652
f 1239//1584 1349//1652 1367//1654
f 1152//1662 1150//4842 1142//1447
f 1247//1663 1152//1662 1369//1575
f 1370//1690 1155//1664 1247//1663
f 1347//1642 1238//1566 1237//1565
f 1374//1677 1409//1691 1424//1706
f 1377//1672 1379//1293 1228//1555
f 1377//1672 1382//1671 1379//1293
f 1042//1358 1233//1559 1234//1361
f 1228//1555 1379//1293 1378//1292
f 1386//1583 1260//1583 1385//1674
f 1413//1669 1260//1583 1386//1583
f 1372//1665 1376//1670 1400//1666
f 1383//1668 1384//1684 1413//1669
f 1387//1364 1385//1674 1235//1560
f 1376//1670 1372//1665 992//1294
f 1391//1678 1065//1379 1392//1680
f 1380//1375 1386//1583 1062//1373
f 1402//1682 1401//1685 1393//1679
f 1389//1675 1373//1695 1374//1677
f 1000//1711 1375//4856 1394//1681
f 1391//1678 1383//1668 1380//1375
f 1391//1678 1384//1684 1383//1668
f 1373//1695 1389//1675 1372//1665
f 1000//1711 1394//1681 1393//1679
f 1379//1293 1382//1671 991//1296
f 991//1296 1376//1670 992//1294
f 1392//1680 1393//1679 1401//1685
f 1392//1680 1401//1685 1391//1678
f 1391//1678 1401//1685 1384//1684
f 1404//1687 1407//1693 1371//1667
f 1401//1685 1402//1682 1398//1683
f 1398//1683 1399//1696 1384//1684
f 1397//1574 1371//1667 1400//1666
f 1400//1666 1395//1569 1396//1570
f 1168//1459 1169//1476 1407//1693
f 1404//1687 1168//1459 1407//1693
f 1398//1683 1370//1690 1399//1696
f 1408//1692 1170//1475 1409//1691
f 1408//1692 1374//1677 1373//1695
f 1373//1695 1407//1693 1408//1692
f 1403//1686 1402//1682 1394//1681
f 1406//1689 1403//1686 1394//1681
f 1394//1681 1410//1694 1406//1689
f 1436//1718 1194//1502 1412//1717
f 1194//1502 1171//1501 1412//1717
f 1412//1717 1171//1501 1410//1694
f 1406//1689 1411//1500 1184//1496
f 1404//1687 1371//1667 1397//1574
f 1414//1707 1418//1702 1419//1708
f 1416//1697 1430//1697 1431//1704
f 1427//1321 1417//1703 1420//1713
f 1422//1699 1438//1487 1433//1705
f 1421//1701 1443//1488 1422//1699
f 1418//1702 1437//1482 1417//1703
f 1441//1486 1420//1713 1417//1703
f 1390//1676 1424//1706 1002//1709
f 1419//1708 1004//1319 1002//1709
f 1419//1708 1418//1702 996//1320
f 996//1320 1418//1702 1427//1321
f 1426//1305 1430//1697 1428//1306
f 1429//1712 1430//1697 1426//1305
f 1430//1697 1429//1712 1431//1704
f 1425//1710 1001//1431 1428//1306
f 1425//1710 1415//1698 1375//4856
f 1430//1697 1415//1698 1428//1306
f 1433//1705 1429//1712 1135//1312
f 1432//1315 1433//1705 1136//1434
f 1422//1699 1432//1315 1421//1701
f 1414//1707 1173//1480 1418//1702
f 1435//1716 1172//1478 1173//1480
f 1416//1697 1412//1717 1415//1698
f 1431//1704 1438//1487 1439//1719
f 1439//1719 1203//1489 1440//1521
f 1440//1521 1194//1502 1436//1718
f 1442//1485 1420//1713 1441//1486
f 1390//1676 1374//1677 1424//1706
f 1000//1711 1425//1710 1375//4856
f 1435//1716 1414//1707 1409//1691
f 1412//1717 1410//1694 1375//4856
f 1410//1694 1394//1681 1375//4856
f 1371//1667 1373//1695 1372//1665
f 1007//1313 1009//1309 1420//1713
f 1415//1698 1412//1717 1375//4856
f 1447//1362 1387//1364 1448//1720
f 1156//1457 1370//1690 1405//1688
f 1229//1554 1377//1672 1228//1555
f 1377//1672 1242//1562 1395//1569
f 1399//1696 1370//1690 1247//1663
f 1446//1369 1448//1720 1231//1557
f 1236//1563 1238//1566 1365//4840
f 1289//1606 1360//1094 1358//1093
f 1232//1552 1318//1723 1308//1551
f 1224//1636 1310//1635 1217//4848
f 1310//1635 1324//1581 1217//4848
f 1449//1721 1386//1583 1381//1673
f 1280//1088 1276//1722 884//4802
f 833//1081 1339//1638 1343//1082
f 1286//1151 1281//4815 886//1152
f 1041//4834 1045//1352 1318//1723
f 1334//1595 908//1190 1328//1177
f 1453//1735 1771//1738 1450//1736
f 1450//1736 1455//4857 1476//1734
f 1480//1731 1454//1785 1774//1732
f 1477//1765 1455//4857 1456//1784
f 1778//2122 1456//1784 1455//4857
f 1476//1734 1455//4857 1477//1765
f 1461//1737 1460//1743 1459//1742
f 1453//1735 1475//1746 1462//1745
f 1465//1748 1477//1765 1482//1749
f 1475//1746 1477//1765 1465//1748
f 1459//1758 1468//1756 1474//1753
f 1463//1757 1468//1756 1459//1758
f 1462//4858 1464//4859 1469//1755
f 1462//4858 1469//1755 1463//1757
f 1464//4859 1465//1759 1470//1761
f 1467//1817 1472//1816 1492//1762
f 1471//1764 1467//1817 1492//1762
f 1465//1759 1471//1764 1483//1760
f 1471//1764 1487//1763 1483//1760
f 1461//1737 1473//1726 1460//1743
f 867//1156 1474//1728 1304//1154
f 1460//1743 1453//1735 1462//1745
f 1476//1734 1475//1746 1453//1735
f 1480//1731 1478//1767 1454//1785
f 1468//1769 1479//1729 1474//1728
f 1478//1767 1470//1768 1484//1771
f 1487//4860 1484//1771 1483//1770
f 1484//1771 1487//4860 1485//1772
f 1481//1780 1494//1752 1466//1751
f 1485//1772 1487//4860 1486//1775
f 1458//1740 1482//1749 1456//1784
f 1488//1739 1481//1780 1458//1740
f 1498//1783 1493//1786 1481//1780
f 1486//1775 1489//1778 1457//1773
f 1492//4861 1486//1775 1487//4860
f 1492//4861 1472//1776 1486//1775
f 1464//4859 1470//1761 1469//1755
f 1496//1790 1510//4862 1495//1787
f 1472//1776 1491//1796 1490//1774
f 1508//4863 1509//1797 1491//1796
f 1493//1786 1496//1790 1495//1787
f 1496//1790 1503//1794 1510//4862
f 1503//1794 1497//4864 1511//4865
f 1510//4862 1503//1794 1511//4865
f 1498//1783 1784//2138 1499//1788
f 1839//1789 1499//1788 1784//2138
f 1498//1783 1499//1788 1493//1786
f 1499//1788 1496//1790 1493//1786
f 1491//1796 1501//1791 1891//1782
f 1509//1797 1892//1800 1501//1791
f 1503//1794 1500//1793 1497//4864
f 1894//2211 1504//2388 1500//1793
f 1497//4864 1500//1793 1504//2388
f 1505//1814 1899//2212 1896//1809
f 1495//1802 1508//4866 1472//1816
f 1495//1802 1509//1801 1508//4866
f 1510//1803 1511//1805 1512//1804
f 1511//1805 1513//1807 1512//1804
f 1512//1798 1513//1810 1502//1799
f 1502//1799 1513//1810 1896//1809
f 1504//4867 1515//1812 1514//1811
f 1515//1812 1507//4868 1505//1813
f 1505//1813 1507//4868 1900//4869
f 1900//4869 1507//4868 1901//2391
f 1504//4867 1514//1811 1497//1806
f 1494//1815 1495//1802 1472//1816
f 1472//1776 1508//4863 1491//1796
f 1506//2214 1515//4870 1504//2388
f 1506//2214 1507//2215 1515//4870
f 1522//1818 1519//1822 1518//1819
f 1629//1820 1518//1819 1521//1824
f 1525//1830 1800//1828 1802//2139
f 1524//1832 1525//1830 1802//2139
f 1523//1842 1650//1833 1528//1835
f 1523//1842 1520//1841 1529//1844
f 1529//1844 1520//1841 1805//1845
f 1518//1819 1519//1822 1804//2112
f 1528//1835 1530//1834 1533//2142
f 1530//1834 1829//2140 1533//2142
f 1530//1834 1534//1990 1829//2140
f 1534//1990 1538//1849 1829//2140
f 1535//1850 1538//1849 1534//1990
f 816//1051 815//1050 1541//1852
f 1545//1052 816//1051 1557//1853
f 1542//1053 1546//1870 1543//1851
f 1548//1861 819//1055 1547//1862
f 1552//1858 1553//1960 1547//1859
f 1553//1960 1554//1860 1547//1862
f 1556//1863 1560//1877 1551//1060
f 1551//1060 1546//1870 1542//1053
f 1555//1865 1550//1857 819//1059
f 1543//1851 1546//1870 1559//1869
f 1546//1870 1560//1877 1562//1868
f 1555//1865 1564//1873 1550//1857
f 1566//1912 1590//1875 1554//1860
f 1590//1875 1555//1865 1554//1860
f 1566//1912 1554//1860 1553//1960
f 1560//1877 1556//1863 1567//1876
f 1588//1900 1553//1960 1552//1858
f 1544//1864 1545//1052 1570//1866
f 1541//1852 1561//1879 1557//1853
f 1541//1852 1543//1851 1558//1871
f 1551//1060 1560//1877 1546//1870
f 1569//1867 1570//1866 1573//1880
f 1570//1866 1571//1913 1573//1880
f 1572//1884 1692//1883 1691//1889
f 950//1230 1573//1885 1572//1884
f 1583//1898 1575//1897 1574//1887
f 1574//1887 1694//1882 1572//1884
f 1596//1919 1695//1890 1597//1892
f 1574//1887 1579//1894 1578//1896
f 1575//1897 1579//1894 1574//1887
f 1558//1871 1583//1916 1561//1879
f 1559//1869 1562//1868 1584//1903
f 1599//1901 1588//1900 1582//1899
f 1588//1900 1585//1902 1566//1912
f 1559//1869 1586//1904 1583//1916
f 1587//1905 1586//1904 1584//1903
f 1566//1912 1589//1914 1590//1875
f 1563//1872 1608//1909 1564//1873
f 1591//1907 1587//1905 1562//1868
f 1557//1853 1571//1913 1570//1866
f 1606//1910 1563//1872 1590//1875
f 1595//1917 1593//1906 1568//1878
f 1600//1928 1592//1940 1585//1920
f 1597//1892 1599//1921 1582//1918
f 1598//1927 1585//1920 1597//1892
f 1601//1923 1576//1895 1586//1924
f 1586//1924 1576//1895 1575//1897
f 1597//1892 1577//1891 1598//1927
f 1609//1936 1610//4670 1608//1937
f 1609//1936 1613//1959 1610//4670
f 1611//1938 1609//1936 1607//1932
f 1585//1920 1603//1926 1600//1928
f 1607//1932 1602//1930 1611//1938
f 1615//1947 1601//1923 1614//1925
f 1593//1949 1620//1943 1591//1954
f 1595//1951 1623//3962 1622//1950
f 1622//1950 1621//1948 1593//1949
f 1714//1953 1624//1955 1621//1948
f 1622//1950 1714//1953 1621//1948
f 1620//1943 1615//1947 1614//1925
f 1623//3962 1625//1952 1622//1950
f 1601//1923 1616//1946 1580//1957
f 4051//1962 1626//1821 1627//1964
f 1692//1883 1629//1820 1632//1987
f 1106//1336 1691//1889 1632//1987
f 4051//1962 1627//1964 1692//1883
f 1630//1978 1693//1965 1640//1967
f 1521//1824 1632//1987 1629//1820
f 16//39 1636//1968 1648//1969
f 18//43 15//168 1633//1826
f 1634//1973 1637//1975 16//39
f 1647//1829 1636//1968 1635//1970
f 1636//1968 16//39 1635//1970
f 1696//1976 1642//1981 1641//1977
f 1639//1974 1643//1986 1637//1975
f 1628//1971 1640//1967 1654//1989
f 1013//1181 1106//1336 1632//1987
f 1697//1979 1646//2008 1672//1988
f 1516//1825 1013//1181 1521//1824
f 1633//1826 1800//1828 1635//1970
f 1647//1829 1526//1831 1648//1969
f 1525//1830 1635//1970 1800//1828
f 1649//1961 1523//1842 1529//1844
f 1534//1990 1530//1834 1650//1833
f 1523//1842 1652//1963 1650//1833
f 1652//1963 1628//1971 1534//1990
f 1653//1991 1651//1838 1655//1992
f 1652//1963 1534//1990 1650//1833
f 1531//1839 1812//1836 1653//1991
f 1537//2097 1655//1992 1651//1838
f 1657//1999 1656//1993 1655//1992
f 1537//2097 1657//1999 1655//1992
f 1653//1991 1639//1974 1634//1973
f 1658//1994 1644//1985 1643//1986
f 1648//1969 1531//1839 1634//1973
f 1641//1977 1661//1995 1536//1848
f 1661//1995 1664//2003 1660//1846
f 1661//1995 1663//2004 1664//2003
f 1666//1996 1662//1998 1658//1994
f 1662//1998 1665//1997 1667//2001
f 1663//2004 1670//2006 1540//2002
f 1678//2013 1671//2019 1673//2007
f 1670//2006 1673//2007 1857//2005
f 1642//1981 1645//1980 1661//1995
f 1672//1988 1646//2008 1670//2006
f 1662//1998 1667//2001 1659//1983
f 1675//2009 1676//2011 1705//1984
f 1646//2008 1680//2015 1678//2013
f 1677//2012 1717//2025 1676//2011
f 1645//1980 1672//1988 1663//2004
f 1680//2015 1687//2016 1679//2014
f 1668//2000 1674//2010 1675//2009
f 1684//2020 1677//2012 1674//2010
f 1683//2018 1684//2020 1674//2010
f 1679//2014 1687//2016 1686//2080
f 1679//2014 1686//2080 1671//2019
f 1688//2021 1685//2022 1677//2012
f 1681//2024 1689//2027 1734//2076
f 1923//2023 1690//2026 1681//2024
f 1665//1997 1669//2157 1668//2000
f 1578//1896 1579//1894 1693//1965
f 1694//1882 1578//1896 1630//1978
f 4026//2030 93//2031 1695//1890
f 93//2031 101//4871 1577//1891
f 4020//4872 4027//4873 1707//2045
f 1693//1965 1579//1894 1631//1966
f 1700//1893 1697//1979 1699//1982
f 1618//1944 1701//2044 1704//2036
f 1706//2034 23//56 24//54
f 1704//2036 1716//2075 1698//2033
f 1698//2033 1697//1979 1700//1893
f 16//39 1637//1975 20//40
f 17//50 1643//1986 1702//55
f 1705//1984 1706//2034 22//53
f 28//57 1712//2038 25//63
f 108//2042 114//4658 1713//1939
f 1624//1955 1724//2040 1619//1941
f 1704//2036 1701//2044 1716//2075
f 1698//2033 1716//2075 1646//2008
f 1676//2011 1717//2025 1706//2034
f 1701//2044 1718//2017 1716//2075
f 1718//2017 1680//2015 1716//2075
f 1719//2053 1738//2056 1721//2052
f 1722//2050 1712//2038 1720//2037
f 1703//2035 1717//2025 1720//2037
f 1724//2040 1624//1955 1726//2054
f 1725//2043 1727//2057 1728//2055
f 1748//2060 31//69 30//72
f 30//72 1729//2062 1748//2060
f 1726//2054 1730//2063 1724//2040
f 1711//2039 1738//2056 1719//2053
f 1733//2065 1734//2076 1720//2037
f 1734//2076 1722//2050 1720//2037
f 1718//2017 1721//2052 1682//2067
f 1735//2070 1741//2250 1736//2069
f 1740//2074 1723//2051 1736//2069
f 1740//2074 1742//2289 1970//2073
f 1732//2061 1745//2296 1731//2064
f 1982//2092 1715//2059 1748//2060
f 1748//2060 1729//2062 1744//2058
f 1723//2051 1740//2074 1727//2057
f 1727//2057 1970//2073 1744//2058
f 1681//2024 1734//2076 1733//2065
f 1734//2076 1735//2070 1722//2050
f 1699//1982 1642//1981 1696//1976
f 1718//2017 1682//2067 1687//2016
f 1682//2067 1737//2066 1750//2082
f 1682//2067 1750//2082 1687//2016
f 1689//2027 1741//2250 1735//2070
f 1627//1964 1522//1818 1629//1820
f 1731//2064 1743//2077 1726//2054
f 1625//1952 1746//2093 1732//2061
f 1654//1989 1641//1977 1535//1850
f 1657//1999 1658//1994 1656//1993
f 1706//2034 1717//2025 1703//2035
f 1750//2082 1933//2247 1749//2078
f 1935//2248 1741//2250 1689//2027
f 1690//2026 1935//2248 1689//2027
f 1934//2081 1933//2247 1750//2082
f 1752//2071 1936//2088 1934//2081
f 1740//2074 1755//2085 1742//2289
f 1745//2296 1732//2061 1759//2094
f 1745//2296 1757//2090 1731//2064
f 1747//2072 1978//2091 1748//2060
f 1758//2095 1756//2096 1743//2077
f 1745//2296 1758//2095 1757//2090
f 1743//2077 1754//2083 1730//2063
f 1970//2073 1971//2295 1747//2072
f 1737//2066 1752//2071 1934//2081
f 1532//1837 1830//2098 1651//1838
f 1710//1956 1618//1944 1617//1942
f 1687//2016 1750//2082 1749//2078
f 1752//2071 1739//2068 1751//2087
f 1804//2112 1803//2103 1762//2111
f 1762//2111 1803//2103 1773//2102
f 1777//2106 1763//2107 1808//2109
f 1768//1725 1801//2389 1760//2110
f 1766//2114 1815//2141 1793//2130
f 1801//2389 1768//1725 1769//2100
f 1304//1154 1776//1730 1770//2121
f 1452//1727 1761//2120 1776//1730
f 1772//1733 1807//2105 1452//1727
f 1452//1727 1807//2105 1761//2120
f 1450//1736 1773//2102 1455//4857
f 1762//2111 1450//1736 1771//1738
f 1772//1733 1774//1732 1777//2106
f 1775//2119 1763//2107 1774//1732
f 1774//1732 1763//2107 1777//2106
f 1786//1777 1774//1732 1454//1785
f 1775//2119 1790//2125 1763//2107
f 1763//2107 1790//2125 1809//2108
f 1778//2122 1455//4857 1773//2102
f 1783//2131 1498//1783 1782//1741
f 1786//1777 1789//2124 1775//2119
f 1789//2124 1781//2127 1790//2125
f 1787//1779 1781//2127 1789//2124
f 1780//2123 1782//1741 1458//1740
f 1782//1741 1498//1783 1488//1739
f 1788//1781 1891//1782 1795//2135
f 1795//2135 1891//1782 1797//1792
f 1791//2126 1788//1781 1795//2135
f 1765//2115 1783//2131 1782//1741
f 1790//2125 1781//2127 1792//2117
f 1791//2126 1792//2117 1781//2127
f 1792//2117 1791//2126 1767//2118
f 1795//2135 1819//2137 1767//2118
f 1793//2130 1785//2160 1784//2138
f 1837//2136 1794//2132 1825//2133
f 1822//2146 1844//2163 1785//2160
f 1795//2135 1794//2132 1837//2136
f 1797//1792 1798//2129 1794//2132
f 1795//2135 1797//1792 1794//2132
f 1764//2104 1765//2115 1782//1741
f 1783//2131 1784//2138 1498//1783
f 1788//1781 1791//2126 1787//1779
f 1765//2115 1766//2114 1783//2131
f 1791//2126 1795//2135 1767//2118
f 1801//2389 1518//1819 1760//2110
f 1807//2105 1524//1832 1802//2139
f 1770//2121 1761//2120 1800//1828
f 1769//2100 1517//1823 1801//2389
f 1803//2103 1527//1843 1805//1845
f 1805//1845 1520//1841 1813//2161
f 1808//2109 1806//1840 1811//2390
f 1524//1832 1808//2109 1811//2390
f 1810//2116 1806//1840 1809//2108
f 1809//2108 1806//1840 1808//2109
f 1761//2120 1807//2105 1802//2139
f 1810//2116 1532//1837 1812//1836
f 1820//4874 1532//1837 1810//2116
f 1800//1828 1799//1827 1770//2121
f 1813//2161 1814//2144 1764//2104
f 1829//2140 1816//2147 1815//2141
f 1819//2137 1830//2098 1820//4874
f 1533//2142 1818//2113 1814//2144
f 1814//2144 1765//2115 1764//2104
f 1767//2118 1820//4874 1810//2116
f 1767//2118 1819//2137 1820//4874
f 1832//2152 1824//2148 1817//2145
f 1821//2143 1826//2159 1823//2150
f 1825//2133 1826//2159 1821//2143
f 1826//2159 1827//2158 1823//2150
f 1831//2149 1821//2143 1537//2097
f 1823//2150 1665//1997 1666//1996
f 1821//2143 1666//1996 1657//1999
f 1835//2151 1834//2155 1665//1997
f 1660//1846 1664//2003 1832//2152
f 1664//2003 1540//2002 1833//2153
f 1539//1847 1660//1846 1832//2152
f 1827//2158 1834//2155 1835//2151
f 1828//2183 1836//2156 1834//2155
f 1827//2158 1828//2183 1834//2155
f 1528//1835 1533//2142 1814//2144
f 1837//2136 1831//2149 1830//2098
f 1817//2145 1816//2147 1538//1849
f 1832//2152 1833//2153 1824//2148
f 1816//2147 1822//2146 1785//2160
f 1815//2141 1816//2147 1785//2160
f 1760//2110 1771//1738 1768//1725
f 1520//1841 1814//2144 1813//2161
f 1528//1835 1814//2144 1520//1841
f 1820//4874 1830//2098 1532//1837
f 1784//2138 1840//4875 1839//1789
f 1840//4875 1841//1795 1839//1789
f 1785//2160 1844//2163 1840//4875
f 1844//2163 1842//2169 1841//1795
f 1796//2134 1847//2172 1848//2164
f 1840//4875 1844//2163 1841//1795
f 1846//2170 1850//4876 1895//2168
f 1838//2165 1848//2164 1849//2166
f 1865//2181 1850//4876 1846//2170
f 1785//2160 1840//4875 1784//2138
f 1845//2162 1842//2169 1844//2163
f 1857//2005 1858//2184 1856//2174
f 1828//2183 1871//2182 1836//2156
f 1860//2176 1861//2192 1917//2177
f 1853//2173 1845//2162 1824//2148
f 1838//2165 1864//2167 1828//2183
f 1865//2181 1846//2170 1853//2173
f 1866//2185 1878//2191 1851//2197
f 1858//2184 1878//2191 1866//2185
f 1868//2187 1861//2192 1860//2176
f 1868//2187 1867//2189 1861//2192
f 1871//2182 1869//2171 1868//2187
f 1852//2186 1870//2188 1868//2187
f 1874//2196 1884//2207 1926//2242
f 1875//2195 1884//2207 1874//2196
f 1851//2197 1850//4876 1865//2181
f 1871//2182 1868//2187 1860//2176
f 1854//2175 1856//2174 1865//2181
f 1876//2190 1877//2205 1879//2198
f 1883//2265 1882//2202 1928//2203
f 1889//2233 1886//2204 1883//2265
f 1883//2265 1886//2204 1882//2202
f 1872//2179 1882//2202 1881//2201
f 1881//2201 1882//2202 1877//2205
f 1887//2206 1888//2209 1884//2207
f 1885//2208 1884//2207 1875//2195
f 1890//2272 1889//2233 1948//2268
f 1876//2190 1881//2201 1877//2205
f 1853//2173 1846//2170 1845//2162
f 1869//2171 1871//2182 1864//2167
f 1892//1800 1843//2128 1797//1792
f 1892//1800 1502//1799 1843//2128
f 1843//2128 1502//1799 1847//2172
f 1847//2172 1502//1799 1893//4877
f 1847//2172 1893//4877 1848//2164
f 1893//4877 1899//2212 1848//2164
f 1893//4877 1896//1809 1899//2212
f 1502//1799 1896//1809 1893//4877
f 1895//2168 1506//2214 1894//2211
f 1899//2212 1900//2228 1905//2216
f 1505//1814 1900//2228 1899//2212
f 1898//2222 1901//2222 1507//2215
f 1898//2222 1907//2220 1901//2222
f 1851//2197 1897//2213 1850//4876
f 1851//2197 1904//2199 1898//2222
f 1905//2216 1852//2186 1869//2171
f 1909//2219 1906//2218 1852//2186
f 1870//2188 1852//2186 1906//2218
f 1904//2199 1908//2223 1907//2220
f 1905//2216 1909//2219 1852//2186
f 1907//2220 1908//2223 1910//2224
f 1902//2217 2003//2225 1906//2218
f 1900//2228 1909//2219 1905//2216
f 1904//2199 1907//2220 1898//2222
f 1901//2391 1902//2392 1911//4878
f 1911//2227 1902//2217 1909//2219
f 1901//2391 1911//4878 1900//4869
f 1906//2218 1880//2200 1870//2188
f 1879//2198 1912//2230 1908//2223
f 1877//2205 1915//2231 1912//2230
f 2005//2234 1887//2206 1914//2229
f 2001//2229 2005//2234 1914//2229
f 1953//2269 1916//2235 2014//2334
f 1916//2235 1953//2269 1888//2209
f 1880//2200 1913//2226 1914//2229
f 2001//2229 1914//2229 1913//2226
f 1834//2155 1669//2157 1665//1997
f 1917//2177 1684//2020 1683//2018
f 1918//2241 1923//2023 1685//2022
f 1925//2236 1921//2240 1684//2020
f 1920//2079 1749//2078 1922//2239
f 1686//2080 1922//2239 1919//2178
f 1926//2242 1927//2246 1923//2023
f 1931//2245 1932//2260 1927//2246
f 1927//2246 1935//2248 1690//2026
f 1934//2081 1937//2252 1933//2247
f 1934//2081 1938//2251 1937//2252
f 1940//2249 1932//2260 1958//2255
f 1940//2249 1941//2256 1968//2258
f 1874//2196 1926//2242 1918//2241
f 1862//2194 1874//2196 1918//2241
f 1933//2247 1930//2244 1924//2238
f 1932//2260 1940//2249 1935//2248
f 1930//2244 1943//2254 1942//2261
f 1938//2251 1939//2253 1944//2264
f 1944//2264 1943//2254 1938//2251
f 1948//2268 1889//2233 1883//2265
f 1947//2266 1958//2255 1932//2260
f 1943//2254 1949//2287 1942//2261
f 1949//2287 1948//2268 1942//2261
f 1949//2287 1957//2274 1951//2271
f 1951//2271 1948//2268 1949//2287
f 1952//2210 1953//2269 1947//2266
f 1947//2266 1954//2270 1950//2267
f 1960//2259 1961//2277 1962//2285
f 1958//2255 1950//2267 1959//2276
f 1963//2278 1957//2274 1945//2263
f 1964//2279 2025//2281 1963//2278
f 1966//2284 2034//2283 2027//2387
f 1966//2284 1967//2360 1994//2286
f 1944//2264 1957//2274 1943//2254
f 1957//2274 1963//2278 1955//2275
f 1956//2282 2034//2283 1961//2277
f 1950//2267 1956//2282 1959//2276
f 1968//2258 1969//2257 1755//2085
f 1742//2289 1975//2288 1970//2073
f 1975//2288 1976//2293 1970//2073
f 1970//2073 1976//2293 1971//2295
f 1754//2083 1973//2290 1974//2089
f 1972//2086 1974//2089 1939//2253
f 1984//2301 1978//2091 1981//2299
f 1974//2089 1985//2309 1946//2262
f 1973//2290 1986//2291 1985//2309
f 1976//2293 1991//2302 1988//2294
f 1980//2297 1987//2305 1758//2095
f 1979//2298 1993//2308 1981//2299
f 1971//2295 1988//2294 1979//2298
f 1987//2305 1996//2312 1986//2291
f 1977//2292 1962//2285 1991//2302
f 1992//2310 1988//2294 1991//2302
f 1986//2291 1995//2311 1985//2309
f 2028//2313 1994//2286 1967//2360
f 1992//2310 2028//2313 2031//2314
f 1981//2299 1999//2315 1998//2307
f 1990//2303 1759//2094 1983//2300
f 1940//2249 1968//2258 1736//2069
f 1964//2279 1985//2309 1965//2280
f 1942//2261 1883//2265 1929//2243
f 1954//2270 1953//2269 2016//2353
f 1956//2282 1954//2270 2033//2354
f 1925//2236 1861//2192 1862//2194
f 1888//2209 1953//2269 1952//2210
f 1895//2168 1894//2211 1842//2169
f 1850//4876 1897//2213 1895//2168
f 1836//2156 1917//2177 1669//2157
f 1838//2165 1828//2183 1827//2158
f 1908//2223 1912//2230 1910//2224
f 1910//2224 1912//2230 2000//4879
f 2008//2327 2002//4880 2000//4879
f 1910//2318 2000//2321 2003//2319
f 2003//2225 2004//2323 2001//2229
f 2002//2336 2006//2324 2000//2321
f 1912//2230 1915//2231 2000//4879
f 1915//2231 2008//2327 2000//4879
f 2005//2234 2006//2322 2010//2325
f 2008//2327 2011//2326 2002//4880
f 1953//2269 2014//2334 2016//2353
f 2013//2316 2018//2329 2009//2328
f 2014//2334 2017//2345 2016//2353
f 2009//2328 2018//2329 2020//2330
f 2014//2334 2019//2333 2017//2345
f 2010//2325 2014//2334 1916//2235
f 2011//2335 2010//4881 2006//2324
f 2011//2335 2019//2339 2010//4881
f 2011//2335 2012//2337 2019//2339
f 2020//2338 2022//2344 2019//2339
f 2021//4882 2023//2343 2020//2338
f 1963//2278 2025//2281 2024//2346
f 1995//2311 1996//2312 2030//2349
f 2026//2348 1995//2311 2029//2350
f 1993//2308 2031//2314 1999//2315
f 1956//2282 2033//2354 2034//2283
f 2024//2346 2040//2347 2039//2355
f 2040//2347 2037//2363 2039//2355
f 2016//2353 2017//2345 2033//2354
f 2035//4883 2050//2361 2043//2358
f 2049//4884 2050//2361 2035//4883
f 2035//4883 2038//2341 2049//4884
f 2041//2356 2037//2363 2040//2347
f 2035//4883 2043//2358 2027//2387
f 2033//2354 2038//2341 2034//2283
f 2034//2283 2038//2341 2035//4883
f 2027//2387 2043//2358 1967//2360
f 2035//4883 2027//2387 2034//2283
f 2037//2363 2046//2364 2045//2362
f 2041//2356 2047//4885 2046//2364
f 2048//4886 2047//4885 2042//2357
f 2042//2357 2047//4885 2041//2356
f 2038//2341 2023//2340 2049//4884
f 2045//4887 2049//4888 2021//4882
f 2045//4887 2046//4889 2049//4888
f 2046//4889 2050//2368 2049//4888
f 2046//4889 2047//2366 2050//2368
f 2047//2366 2048//4890 2052//2370
f 2053//2371 2031//2314 2028//2313
f 2057//2375 1999//2315 2031//2314
f 2055//2373 2030//2349 2032//2351
f 2054//2372 2048//4886 2042//2357
f 2059//2380 2054//2372 2055//2373
f 2062//2381 2063//2379 2061//2352
f 2052//2370 2048//4890 2054//2382
f 2054//2382 2059//4891 2060//4892
f 2056//2383 2054//2382 2060//4892
f 2060//4892 2059//4891 2064//2386
f 2059//4891 2063//2384 2064//2386
f 2063//2384 2062//4428 2058//2385
f 2052//2369 2056//2374 2053//2371
f 2036//2332 2018//2329 2015//2273
f 2017//2345 2038//2341 2033//2354
f 2049//4888 2023//2343 2021//4882
f 1489//1778 1788//1781 1787//1779
f 1797//1792 1501//1791 1892//1800
f 1806//1840 1812//1836 1531//1839
f 1524//1832 1811//2390 1526//1831
f 1688//2021 1918//2241 1685//2022
f 1747//2072 1979//2298 1978//2091
f 1671//2019 1859//2237 1673//2007
f 1890//2272 2015//2273 2013//2316
f 1903//2317 2003//2319 1902//2392
f 1889//2233 2013//2316 2007//2232
f 234//194 126//4718 2066//2393
f 2065//2394 2066//2393 2068//2395
f 2068//2395 2069//2401 2067//2396
f 234//2397 2065//2406 2070//2398
f 2069//2401 2073//2403 2072//2402
f 2068//2410 2066//4893 2078//2418
f 2073//2413 2069//2409 2077//2408
f 2072//2414 2074//2428 2081//2415
f 2074//2428 2076//2422 2081//2415
f 2077//2408 2103//2411 2073//2413
f 126//340 2078//2418 2066//4893
f 2080//2426 2081//2415 2115//2468
f 2082//4746 2083//2419 2078//2418
f 2084//2420 2079//2417 2078//2418
f 2077//2408 2086//2421 2103//2411
f 2105//4894 2103//2411 2086//2421
f 2076//2422 2088//2424 2085//2423
f 2087//2454 2104//2443 2105//4894
f 2089//2465 2087//2454 2105//4894
f 2089//2465 2090//2453 2087//2454
f 2089//2465 2105//4894 2086//2421
f 2091//2429 2093//2430 2076//2422
f 2094//4895 2096//4896 2093//2461
f 2096//4896 2095//2432 2093//2461
f 2096//4896 2098//2433 2095//2432
f 2106//4897 2275//2736 2099//2435
f 2098//2433 2106//4897 2099//2435
f 2099//2436 2101//2463 2100//2439
f 2105//4894 2094//2441 2103//2411
f 2105//4894 2104//2443 2094//2441
f 2104//2443 2106//2446 2098//2444
f 2104//2443 2112//2447 2106//2446
f 2076//2422 2095//2431 2088//2424
f 2108//2452 2112//2447 2104//2443
f 2087//2454 2108//2452 2104//2443
f 2088//2424 2107//2437 2109//2448
f 2100//2439 2110//2455 2150//2449
f 2090//2453 2111//2450 2108//2452
f 2101//2463 2110//2455 2100//2439
f 2158//2457 2290//2667 2289//2458
f 2108//2452 2113//2451 2112//2447
f 2103//2411 2092//2440 2075//2412
f 2075//2404 2092//2460 2091//2427
f 2092//2460 2094//4895 2093//2461
f 2070//2398 2067//2407 2080//2426
f 2112//2447 2113//2451 2276//2464
f 2081//2415 2116//2469 2115//2468
f 2117//2466 2086//2421 2084//2420
f 285//387 2070//2398 2118//2470
f 2081//2415 2085//2423 2116//2469
f 2085//2423 2120//2425 2116//2469
f 2124//2476 2123//2474 2090//2453
f 2070//2398 2080//2426 2118//2470
f 2126//2478 2118//2470 2127//2481
f 2130//2480 2128//4898 2127//2481
f 2132//4899 2197//2486 2129//4900
f 2118//2470 2116//2469 2130//2480
f 2131//2472 2129//4900 2128//4898
f 2131//2472 2128//4898 2130//2480
f 2132//4899 2129//4900 2131//2472
f 2132//4901 2121//2471 2134//2482
f 2137//2485 2144//2491 2201//2609
f 2133//2489 2165//2516 2138//2490
f 2140//2494 2154//2514 2135//2483
f 2141//2495 2142//2492 2140//2494
f 2140//2494 2143//2493 2167//2515
f 2134//2482 2153//2487 2133//2489
f 2147//2522 2172//2500 2233//2502
f 2145//2497 2147//2522 2146//2601
f 2145//2497 2170//2496 2147//2522
f 2132//4899 2134//2482 2197//2486
f 2150//2449 2152//2507 2151//2477
f 2154//2514 2159//2511 2158//2457
f 2090//2453 2122//2473 2111//2450
f 2159//2511 2290//2667 2158//2457
f 2152//2507 2280//2456 2157//2506
f 2155//2488 2162//2508 2165//2516
f 2162//2508 2161//2517 2165//2516
f 2157//2506 2153//2487 2152//2507
f 2151//2477 2152//2507 2153//2487
f 2165//2516 2166//2518 2138//2490
f 2166//2518 2139//2498 2138//2490
f 2167//2515 2156//2509 2154//2514
f 2143//2493 2173//2524 2168//2519
f 2143//2493 2168//2519 2167//2515
f 2173//2524 2181//2531 2168//2519
f 2170//2496 2177//2529 2171//2520
f 2171//2520 2179//2697 2172//2521
f 2176//4628 2184//2534 2175//2526
f 2174//2523 2181//2531 2173//2524
f 2174//2523 2182//2533 2181//2531
f 2154//2514 2158//2457 2122//2473
f 2170//2496 2171//2520 2147//2522
f 2125//2475 2135//2483 2122//2473
f 2131//2472 2121//2471 2132//4901
f 2168//2519 2180//2532 2164//2513
f 2163//2512 2168//2519 2164//2513
f 2185//2644 2186//2540 2083//2645
f 2083//2645 2186//2540 2117//2646
f 2186//4902 2187//2564 2189//4903
f 2185//4750 2209//4904 2186//4902
f 2186//4902 2188//4905 2187//2564
f 2119//2542 2189//2541 2124//2544
f 2190//2537 2213//2536 2204//2538
f 2189//4903 2187//2564 2192//2535
f 2189//4903 2192//2535 2190//2537
f 2189//2541 2190//2543 2124//2544
f 2128//2558 2193//2557 2127//4906
f 2194//2568 2195//4557 2126//4558
f 2196//2556 2215//2567 2193//2557
f 2200//4907 2129//4900 2197//2486
f 2201//2609 2200//4907 2137//2485
f 2202//2555 2199//2545 2201//2547
f 2146//2552 2205//2551 2202//2555
f 2207//2560 2203//2559 2208//2581
f 2127//4906 2194//2568 2126//4558
f 2193//2557 2194//2568 2127//4906
f 2233//2550 2207//2560 2205//2551
f 2186//4902 2209//4904 2188//4905
f 2188//4905 2210//2565 2187//2564
f 2211//4559 2212//2562 2209//2561
f 2194//2568 2214//2569 2195//4557
f 2215//2567 2214//2569 2194//2568
f 2210//4908 2218//2610 2219//2586
f 2225//2583 2208//4631 2226//2584
f 2207//2560 2225//2582 2206//2554
f 2213//2588 2255//2587 2223//2643
f 2236//4909 2227//2629 2224//4910
f 2227//2629 2228//2628 2224//4910
f 2223//2643 2227//2629 2236//4909
f 2230//2625 2229//2608 2228//2628
f 2225//2582 2222//2612 2221//2572
f 2206//2554 2221//2572 2216//2574
f 2228//2628 2229//2608 2243//4911
f 2224//4910 2228//2628 2243//4911
f 2210//4908 2219//2586 2213//2588
f 2231//2591 2142//2492 2141//2495
f 2144//2491 2145//2497 2202//2602
f 2238//2592 2232//2596 2241//2593
f 2231//2594 2237//2579 2241//2593
f 2236//2553 2237//2579 2231//2594
f 2240//2595 2234//4912 2232//2596
f 2240//2595 2239//2605 2235//4633
f 2240//2595 2235//4633 2234//4912
f 2241//2590 2149//2599 2143//2493
f 2232//4913 2149//2599 2241//2590
f 2232//4913 2234//2597 2149//2599
f 2244//2606 2239//3031 2242//2607
f 2224//2578 2243//2603 2238//2592
f 2190//2543 2191//4914 2136//2484
f 2243//4911 2229//2608 2242//2607
f 2237//2579 2224//2578 2238//2592
f 2238//2592 2242//2604 2240//2595
f 2197//2486 2137//2485 2200//4907
f 2218//2610 2210//4908 2188//2563
f 2191//4914 2231//2591 2141//2495
f 2211//4559 2246//2611 2212//2562
f 2247//2573 2221//2572 2248//2613
f 2245//2614 2252//2622 2251//2617
f 2247//2575 2254//2621 2245//2614
f 2248//2613 2222//2612 2262//2636
f 2256//2642 2257//2627 2227//2629
f 2226//2584 2253//2619 2222//2585
f 2255//2587 2258//2626 2256//2642
f 2256//2642 2259//2638 2257//2627
f 2228//2628 2260//2624 2230//2625
f 2230//2625 2272//2623 2229//2608
f 2211//4559 2261//2630 2246//2611
f 2262//2620 2263//4915 2270//2634
f 2252//2622 2254//2621 2267//2741
f 2262//2636 2269//4916 2268//2637
f 2268//2637 2267//2741 2254//2621
f 2258//2626 2259//2638 2256//2642
f 2271//2641 2348//2640 2260//2624
f 2249//2615 2266//2633 2250//2616
f 2246//2611 2266//2633 2249//2615
f 2259//2638 2271//2641 2257//2627
f 2248//2613 2262//2636 2254//2618
f 2262//2620 2253//2619 2263//4915
f 2273//4636 2244//2606 2272//2623
f 2271//2641 2228//2628 2257//2627
f 2235//2600 2176//4637 2175//2598
f 2256//2642 2227//2629 2223//2643
f 2275//2736 2102//2649 2101//2737
f 2275//2736 2276//2647 2102//2649
f 2276//2647 2288//2651 2277//2648
f 2278//2650 2281//2653 2277//2648
f 2279//2652 2292//2656 2283//2658
f 2300//2663 2285//2662 2286//2665
f 2113//2451 2289//2458 2278//2668
f 2280//2456 2283//2664 2114//2504
f 2114//2504 2283//2664 2300//2663
f 2291//2669 2293//2675 2292//2670
f 2302//2674 2293//2675 2291//2669
f 2293//2660 2294//4917 2284//2657
f 2295//2678 2285//2680 2294//4917
f 2294//4917 2285//2680 2284//2657
f 2295//2678 2296//2685 2286//2679
f 2296//2685 2295//2678 2297//2687
f 2299//2684 2332//2686 2298//2738
f 2110//2455 2102//2462 2277//2459
f 2279//2652 2282//2659 2281//2653
f 2159//2511 2302//2674 2291//2669
f 2304//2701 2161//2517 2162//2508
f 2161//2517 2306//2704 2305//2734
f 2180//2532 2309//4918 2164//2513
f 2304//2701 2306//2704 2161//2517
f 2180//2532 2307//2689 2309//4918
f 2287//2682 2299//2683 2304//2701
f 2309//4918 2308//2691 2164//2513
f 2307//2689 2311//2688 2309//4918
f 2287//2682 2304//2701 2162//2508
f 2178//2528 2313//2698 2177//2529
f 2178//2528 2312//2694 2313//2698
f 2315//2690 2307//2689 2181//2531
f 2183//2527 2317//2728 2316//2692
f 2183//2527 2316//2692 2182//2533
f 2184//2534 2317//2728 2183//2527
f 2310//2705 2318//2693 2178//2528
f 2317//2728 2335//2695 2316//2692
f 2177//2529 2313//2698 2171//2520
f 2320//2700 2322//2702 2304//2701
f 2323//2706 2320//2708 2298//2738
f 2323//2706 2333//2716 2321//2709
f 2310//2705 2324//2710 2318//2693
f 2325//2715 2318//2714 2324//4919
f 2325//2715 2324//4919 2321//2709
f 2331//2732 2330//3087 2314//2733
f 2326//2735 2328//2717 2312//2694
f 2338//2712 2328//2719 2326//2713
f 2308//2691 2332//2723 2297//2677
f 2309//4918 2323//4920 2298//2722
f 2311//2688 2333//4921 2323//4920
f 2309//4918 2298//2722 2308//2691
f 2311//2688 2325//4922 2333//4921
f 2334//2724 2325//4922 2311//2688
f 2309//4918 2311//2688 2323//4920
f 2335//2695 2338//2730 2334//2724
f 2317//2728 2417//2727 2336//2731
f 2313//2698 2327//2699 2337//2696
f 2179//2697 2337//2696 2331//2732
f 2171//2520 2313//2698 2179//2697
f 2136//2484 2191//4914 2141//2495
f 2159//2511 2291//2669 2290//2667
f 2301//2505 2286//2665 2287//2682
f 2267//2741 2341//2824 2252//2622
f 2267//2741 2342//2755 2341//2824
f 2266//2633 2343//2742 2340//2739
f 2345//2743 2270//2634 2346//2763
f 2342//2740 2268//2637 2344//2744
f 2349//2749 2273//4636 2272//2623
f 2340//2739 2350//2748 2274//2639
f 2350//2748 2259//2638 2274//2639
f 2268//2637 2269//4916 2345//2743
f 2347//2745 2351//2746 2348//2640
f 2348//2640 2352//2747 2272//2623
f 2354//2751 2343//2742 2264//2631
f 2347//2745 2359//2759 2351//2746
f 2360//2757 2352//2747 2351//2746
f 2340//2739 2355//2752 2358//2760
f 2342//2755 2356//2754 2341//2824
f 2265//2632 2353//2750 2264//2631
f 2353//2750 2363//2762 2354//2751
f 2343//2742 2364//2769 2355//2752
f 2363//2762 2364//2769 2343//2742
f 2369//2779 2361//2758 2360//2757
f 2355//2752 2366//2770 2358//2760
f 2346//2763 2367//2772 2365//2764
f 2358//2760 2368//2781 2347//2745
f 2365//2766 2375//2775 2371//2767
f 2373//2776 2374//2786 2363//2762
f 2363//2762 2374//2786 2370//2771
f 2367//2772 2376//2788 2372//2773
f 2378//2778 2359//2759 2368//2781
f 2381//2794 2369//2779 2380//2780
f 2378//2778 2380//2780 2360//2757
f 2366//2770 2377//2777 2358//2760
f 2379//2782 2368//2781 2377//2777
f 2357//2756 2344//2744 2365//4923
f 2370//2771 2386//2791 2377//2777
f 2372//2774 2390//4924 2382//2783
f 2390//2789 2376//2788 2388//2796
f 2382//2783 2390//4924 2387//2802
f 2385//2787 2389//2790 2386//2791
f 2374//2786 2385//2787 2370//2771
f 2378//2778 2391//2792 2392//2795
f 2393//2793 2380//2780 2378//2778
f 2383//2784 2391//2792 2379//2782
f 2377//2777 2386//2791 2383//2784
f 2394//2811 2398//2810 2384//2785
f 2384//2785 2398//2810 2385//2787
f 2398//2810 2399//2799 2385//2787
f 2392//2795 2405//2804 2393//2793
f 2407//2805 2392//2795 2414//2808
f 2397//2797 2388//2796 2402//2812
f 2414//2808 2391//2792 2403//2807
f 2397//2797 2410//4925 2396//2798
f 2395//2800 2409//3249 2401//2801
f 2410//4925 2409//2814 2396//2798
f 2409//2814 2410//4925 2412//3253
f 2405//2804 2415//2817 2404//2803
f 2416//2816 2405//2804 2407//2805
f 2400//2806 2413//2818 2403//2807
f 2373//2776 2394//2811 2384//2785
f 2390//4924 2395//2800 2387//2802
f 2390//4924 2396//2798 2395//2800
f 2393//2793 2404//2803 2381//2794
f 2389//2790 2403//2807 2383//2784
f 2417//2821 2339//2822 2331//2819
f 2331//2819 2319//2823 2330//4926
f 2327//2721 2417//2821 2337//2820
f 2336//2720 2417//2821 2327//2721
f 2558//4927 2440//2842 2424//2831
f 2422//2830 2558//4927 2424//2831
f 2420//2833 2422//2830 2423//2832
f 2425//2826 2428//2834 2426//2858
f 2420//2833 2423//2832 2428//2834
f 2425//2826 2421//2825 2420//2833
f 2425//2826 2426//2858 2419//2827
f 2421//2825 2422//2830 2420//2833
f 2582//4627 2430//4626 2583//4928
f 2583//4928 2430//4626 2431//2841
f 2432//2963 2538//2962 2438//2837
f 2538//2962 2537//2835 2438//2837
f 2467//2869 2431//2841 2430//4626
f 2537//2835 2435//2838 2436//2836
f 2431//2841 2467//2869 2435//2838
f 2467//2869 2433//2839 2435//2838
f 2432//2963 2438//2837 2440//2842
f 2440//2842 2438//2837 2439//2843
f 2448//2845 2593//3027 2592//2846
f 2444//2844 2445//2908 2448//2845
f 2444//2844 2592//2846 2443//4929
f 2436//2836 2469//2874 2485//2847
f 2436//2836 2434//2840 2469//2874
f 2436//2836 2485//2847 2439//2849
f 2446//2848 2461//2891 2441//4930
f 2448//2845 2447//3022 2593//3027
f 2447//3022 2449//2882 2587//4931
f 2470//2893 2449//2882 2447//3022
f 2448//2845 2470//2893 2447//3022
f 2424//2831 2442//2863 2423//2832
f 2424//2831 2439//2843 2442//2863
f 2439//2849 2441//4930 2442//2863
f 2439//2849 2446//2848 2441//4930
f 2444//2844 2443//4929 2429//2860
f 2423//2832 2442//2863 2428//2834
f 2452//2853 2451//2916 2450//2854
f 2419//2827 2450//2854 598//790
f 2551//2851 2453//4932 2552//2984
f 2454//2852 2551//2851 695//795
f 2455//2850 2453//4932 2551//2851
f 2419//2827 2426//2858 2452//2853
f 2453//4932 2427//2861 2552//2984
f 2456//2864 2427//2861 2453//4932
f 2464//2856 2456//2864 2455//2850
f 2455//2850 2456//2864 2453//4932
f 2452//2853 2502//2920 2497//2923
f 2452//2853 2458//2857 2502//2920
f 2458//2857 2457//2887 2503//2918
f 2460//2865 2459//2859 2427//2861
f 2442//2863 2461//2891 2480//2888
f 2445//2908 2462//2907 2448//2845
f 2442//2863 2457//2887 2458//2857
f 2463//2862 2445//2908 2444//2844
f 2464//2856 2460//2865 2456//2864
f 2457//2887 2442//2863 2480//2888
f 2437//2872 2468//2884 2466//2870
f 2449//2882 2474//2881 2471//2885
f 2475//2880 2449//2882 2470//2893
f 2469//2874 2434//2840 2473//2873
f 2627//2876 2626//3117 2476//2866
f 2433//2839 2627//2876 2476//2866
f 2591//2871 2623//2879 2176//4628
f 2468//2884 2479//2877 2466//2870
f 2479//2877 2478//2878 2591//2871
f 2474//2881 2629//2883 2471//2885
f 2480//2888 2461//2891 2481//2890
f 2463//2862 2483//2896 2462//2907
f 2484//2900 2472//2894 2462//2907
f 2472//2894 2484//2900 2486//2892
f 2446//2848 2490//2903 2488//2902
f 2526//3120 2482//2889 2488//2902
f 2492//2905 2640//3078 2491//2906
f 2639//2901 2668//3122 2488//2902
f 2486//2892 2491//2906 2475//2880
f 2465//2875 2490//2903 2485//2847
f 2461//2891 2446//2848 2488//2902
f 2483//2896 2484//2900 2462//2907
f 2484//2900 2492//2905 2486//2892
f 2472//2894 2470//2893 2448//2845
f 2449//2882 2437//2872 2587//4931
f 2457//2887 2517//2886 2503//2918
f 2487//2895 2463//2862 2459//2859
f 2428//2834 2458//2857 2426//2858
f 2441//4930 2461//2891 2442//2863
f 2493//2921 2506//2939 2496//2938
f 2493//2921 2496//2938 2494//2922
f 2452//2853 2497//2923 2451//2916
f 2450//2854 2498//2917 637//4787
f 2454//2852 2501//2855 2455//2850
f 2497//2923 2502//2920 2493//2921
f 2505//2925 2464//2856 2500//2928
f 2502//2920 2521//2919 2506//2939
f 2507//2924 2508//2926 2464//2856
f 2502//2920 2506//2939 2493//2921
f 2523//2897 2459//2859 2460//2865
f 2508//2926 2460//2865 2464//2856
f 2454//2852 2510//2930 2501//2855
f 2495//2933 2500//2928 2510//2930
f 2512//2932 2454//2852 652//842
f 2518//2934 2525//2949 2672//2935
f 2525//2949 2524//2904 2665//3118
f 2521//2919 2522//2948 2513//2942
f 2506//2939 2521//2919 2513//2942
f 2496//2914 2515//2941 2505//2913
f 2514//2940 2529//2943 2528//4933
f 2514//2940 2528//4933 2515//2941
f 2518//2934 2516//2936 2522//2948
f 2516//3152 2531//3130 2532//4934
f 2516//3152 2532//4934 2530//2945
f 2522//2946 2516//3152 2530//2945
f 2517//2886 2521//2919 2503//2918
f 2487//2895 2519//2947 2520//2950
f 2521//2919 2517//2886 2518//2934
f 2504//4935 2527//2951 2519//2947
f 2504//4935 2519//2947 2523//2897
f 2517//2886 2524//2904 2525//2949
f 2488//2902 2668//3122 2526//3120
f 2489//2899 2675//3137 2484//2900
f 2520//2950 2678//3140 2489//2899
f 2507//2924 2528//2952 2508//2926
f 2528//2952 2504//4935 2508//2926
f 2529//4936 2530//4937 2504//4935
f 2515//2953 2507//2924 2505//2925
f 2530//4937 2527//2951 2504//4935
f 2531//2955 2520//2950 2527//2951
f 2532//2954 2527//2951 2530//4937
f 2529//4936 2504//4935 2528//2952
f 2508//2926 2504//4935 2523//2897
f 2451//2916 2509//2929 2498//2917
f 2421//2958 2533//2957 2422//2974
f 2533//2957 2563//2991 2535//2973
f 2563//2991 2536//2993 2535//2973
f 2583//2971 2431//2959 2543//2961
f 2440//2842 2539//2964 2432//2963
f 2558//4938 2535//2973 2539//2965
f 2540//4939 2582//4629 2542//2968
f 2541//2969 2543//2961 2545//2970
f 2558//4938 2422//2974 2535//2973
f 2535//2973 2536//2993 2544//2966
f 2583//2971 2542//2968 2582//4629
f 2551//2851 2550//4940 694//3067
f 2552//2984 2550//4940 2551//2851
f 2559//2980 2560//4941 2557//2976
f 2560//4941 2555//2977 2557//2976
f 2552//2984 2554//2985 2550//4940
f 2429//2979 2556//2990 2557//2978
f 2573//3011 2561//3013 2566//2995
f 2542//2968 2570//3004 2540//4939
f 2548//2982 2571//3014 2560//4941
f 2570//4942 2565//3008 2540//3045
f 2574//3047 2576//3056 2595//4943
f 2548//2982 2577//3010 2571//3014
f 2579//3051 2547//3006 2572//3032
f 2572//3032 2576//3056 2579//3051
f 2547//3006 2579//3051 2578//3009
f 2563//4944 2564//2994 2561//2996
f 2570//3004 2541//2969 2573//3007
f 2534//3003 2597//3002 2562//4945
f 2562//3016 2597//3042 2564//2994
f 2597//3042 2566//2995 2564//2994
f 2576//3056 2572//3032 2595//4943
f 2571//3014 2568//2997 2555//3015
f 2580//4946 2553//2987 2550//2986
f 2580//2999 2567//3000 2553//3018
f 2589//3036 2588//3033 2585//4947
f 2547//3006 2586//4948 2588//3033
f 2586//4948 2585//4947 2588//3033
f 2547//3006 2590//3035 2586//4948
f 2587//3019 2437//4949 2585//3020
f 2437//4949 2589//3024 2585//3020
f 2592//2846 2546//3028 2556//2990
f 2593//3027 2447//3022 2590//3023
f 2592//2846 2593//3027 2546//3028
f 2594//3037 2584//4632 2239//2605
f 2595//3034 2588//3033 2594//3037
f 2596//3029 2575//3048 2594//3030
f 2594//3030 2575//3048 2574//3047
f 2594//3030 2574//3047 2595//4943
f 2545//2970 2544//2966 2561//2992
f 2584//4632 2594//3037 2589//3036
f 2555//2977 2580//4946 2554//2975
f 2554//2975 2580//4946 2550//2986
f 2539//2964 2440//2842 2558//4927
f 2559//2980 2548//2982 2560//4941
f 2560//4941 2571//3014 2555//2977
f 2599//3001 2600//3040 2597//3002
f 2567//3000 2612//3159 2604//3043
f 2569//2998 2612//3159 2567//3000
f 2596//3029 2618//3046 2575//3048
f 2607//3059 2576//3056 2574//3047
f 2618//3046 2607//3059 2574//3047
f 2617//3055 2576//3056 2607//3059
f 2609//3049 2578//3009 2579//3051
f 2577//3010 2608//3050 2568//2997
f 2566//2995 2602//3041 2601//3053
f 2597//3042 2602//3041 2566//2995
f 2599//3001 2685//3157 2600//3040
f 2685//3157 2613//3057 2600//3040
f 2602//3041 2613//4950 2615//3065
f 2620//3060 2607//3059 2618//3046
f 2622//3061 2618//3046 2619//3058
f 2617//3055 2620//3060 2621//3066
f 2603//3038 2611//3062 2614//4951
f 2611//3062 2601//3053 2615//3063
f 2605//3044 2616//3172 2569//2998
f 2569//2998 2616//3172 2612//3159
f 2565//3008 2611//3062 2603//3038
f 2601//3053 2611//3062 2598//3054
f 2565//3008 2598//3054 2611//3062
f 2609//3049 2605//3044 2608//3050
f 2617//3055 2610//3052 2579//3051
f 2591//3025 2176//4637 2584//3026
f 2437//4949 2591//3025 2589//3024
f 2565//3008 2573//3007 2598//3054
f 2626//3117 2625//3083 2476//2866
f 2473//2873 2625//3083 2642//2898
f 2627//2876 2624//3072 2626//3117
f 2468//2884 2628//3069 2479//2877
f 2631//3073 2624//3072 2627//2876
f 2477//2867 2655//3086 2631//3073
f 2633//3108 2478//2878 2630//3068
f 2629//2883 2635//3084 2634//3070
f 2638//3074 2629//2883 2474//2881
f 2642//2898 2652//3097 2636//3077
f 2643//3081 2638//3074 2637//3076
f 2636//3077 2650//3114 2644//3079
f 2465//2875 2636//3077 2644//3079
f 2633//3090 2648//3093 2646//3091
f 2642//2898 2651//3082 2649//3096
f 2657//3092 2656//3098 2647//3094
f 2660//3100 2664//3102 2654//3101
f 2656//3098 2660//3100 2653//3099
f 2651//3103 2661//4952 2649//4953
f 2664//3102 2661//4952 2651//3103
f 2661//4952 2662//4954 2652//4955
f 2649//4953 2661//4952 2652//4955
f 2624//3072 2653//3116 2626//3117
f 2648//4956 2633//3108 2630//3068
f 2630//3068 2634//3070 2657//3106
f 2657//3106 2648//4956 2630//3068
f 2635//3084 2660//3112 2656//3105
f 2635//3084 2661//3113 2664//3111
f 2637//3076 2663//3109 2643//3081
f 2662//3110 2661//3113 2643//3081
f 2643//3081 2661//3113 2641//3075
f 2655//3086 2632//3071 2631//3073
f 2635//3084 2656//3105 2634//3070
f 2671//3132 2681//3136 2531//3130
f 2677//3133 2678//4957 2665//3134
f 2665//3134 2678//4957 2681//3136
f 2674//3151 2677//3133 2673//3135
f 2640//3078 2679//3141 2637//3076
f 2674//3139 2675//3137 2489//2899
f 2650//4958 2663//4959 2682//4960
f 2682//4960 2684//3148 2667//3145
f 2666//3147 2683//4961 2680//3126
f 2679//3146 2683//4961 2666//3147
f 2663//4959 2684//3148 2682//4960
f 2662//4954 2663//4959 2650//4958
f 2477//2867 2631//3073 2467//2869
f 2491//2906 2638//3074 2475//2880
f 2531//2955 2681//3143 2520//2950
f 2484//2900 2675//3137 2492//2905
f 2644//3079 2667//3124 2639//2901
f 2650//4958 2652//4955 2662//4954
f 2512//3153 652//4798 637//973
f 2511//3155 2512//3153 2498//3154
f 2509//2915 2510//2911 2511//3155
f 2687//3164 2614//4951 2688//4962
f 2612//3159 2690//3173 2689//3160
f 2616//3172 2690//3173 2612//3159
f 2620//3060 2703//3163 2694//3162
f 2692//3161 2703//3163 2622//3061
f 2687//3164 2688//4962 2698//3165
f 2615//3063 2698//3165 2688//3158
f 2686//3156 2696//3168 2613//3057
f 2615//3065 2613//4950 2696//3168
f 2691//3170 2700//3199 2699//3171
f 2690//3173 2702//3184 2689//3160
f 2694//3162 2704//3177 2621//3066
f 2686//3156 2701//3179 2696//3168
f 2706//3175 2703//3163 2707//3174
f 2705//3176 2700//3199 2691//3170
f 2705//3176 2693//3178 2621//3066
f 2696//3168 2708//3180 2695//3169
f 2710//3189 2711//3192 2699//3171
f 2699//3171 2711//3192 2709//3182
f 2701//3179 2719//3204 2708//3180
f 2708//3181 2712//3190 2698//3165
f 2704//3177 2716//3186 2714//3195
f 2706//3175 2716//3186 2694//3162
f 2715//3185 2717//3187 2706//3175
f 2705//3176 2710//3189 2700//3199
f 2718//3188 2705//3176 2714//3195
f 2709//3182 2721//3215 2713//3183
f 2711//3192 2721//3193 2709//3182
f 2710//3189 2723//3198 2722//3191
f 2724//3194 2716//3186 2717//3187
f 2725//3196 2726//3197 2717//3187
f 2712//4641 2729//4645 2720//4643
f 2743//3211 2726//3197 2740//3219
f 2735//3217 2738//3213 2721//3193
f 2736//3218 2730//3205 2742//3220
f 2727//3200 2732//3208 2729//3201
f 2728//3202 2732//3207 2727//3203
f 2742//3220 2730//3205 2724//3194
f 2726//3197 2741//3212 2724//3194
f 2721//3215 2734//3214 2713//3183
f 2736//3218 2735//3217 2722//3191
f 2722//3191 2735//3217 2721//3193
f 2730//3205 2736//3218 2723//3198
f 2732//3208 2744//3235 2737//3210
f 2735//3217 2750//3225 2738//3213
f 2739//3216 2751//3232 2750//3225
f 2746//3223 2738//3213 2749//3226
f 2741//3212 2753//3230 2742//3220
f 2752//3228 2743//3211 2740//3219
f 2752//3228 2755//3229 2741//3212
f 2737//3210 2756//4963 2748//3233
f 2749//3226 2758//3240 2746//3223
f 2762//3244 2752//3228 2760//3242
f 2762//3244 2761//3243 2755//3229
f 2764//3914 2763//3245 2754//3231
f 2764//3914 2754//3231 2753//3230
f 2732//3207 2731//3206 2745//3221
f 2742//3220 2754//3231 2736//3218
f 2736//3218 2754//3231 2739//3216
f 2712//3190 2708//3181 2727//3200
f 2724//3194 2730//3205 2714//3195
f 2659//3246 2330//4926 2319//2823
f 2659//3246 2645//3247 2330//4926
f 2659//3246 2658//3248 2655//3095
f 2614//4951 2687//3164 2603//3038
f 2693//3178 2691//3170 2609//3049
f 2610//3052 2621//3066 2693//3178
f 2408//2809 915//1208 2411//2815
f 2412//3253 2773//3255 2771//3260
f 2768//3252 2767//3251 2774//3280
f 2775//3256 2776//3261 2413//2818
f 2775//3256 2778//3275 2776//3261
f 2779//3257 2407//2805 2777//3262
f 2409//3249 2771//3260 2770//3266
f 2409//3249 2770//3266 2766//3250
f 2768//3252 2772//3254 2410//2813
f 2412//3253 2410//4925 2772//3254
f 2769//3259 2781//3268 2765//3258
f 2770//3266 2784//3265 2766//3250
f 2411//2815 2785//3269 2769//3259
f 2411//2815 2783//3267 2785//3269
f 2773//3255 2787//3271 2799//3270
f 2790//3277 2791//4651 2415//2817
f 2790//3277 2416//2816 2779//3257
f 2788//3274 2793//3278 2778//3275
f 2765//3258 2781//3268 2775//3256
f 2781//3268 2797//3291 2788//3274
f 2792//3273 2776//3261 2778//3275
f 2768//3252 2786//3272 2772//3254
f 2814//3282 2795//3354 2785//3269
f 2782//3264 2796//3296 2784//3265
f 2796//3296 2801//4964 2784//3265
f 2799//3270 2802//3297 2796//3296
f 2787//3271 2805//3286 2803//3295
f 2787//3271 2800//3284 2804//3285
f 2797//3291 2793//3278 2788//3274
f 2806//3287 2807//3298 2792//3273
f 2786//3281 2774//3280 2808//3292
f 2809//3290 2810//3289 2806//3287
f 2811//3288 2807//3298 2806//3287
f 2813//3339 2794//3279 2789//3276
f 2800//3284 2786//3272 2812//3294
f 2813//3339 2789//3276 2811//3288
f 2795//3301 2816//3300 2798//3307
f 2817//4824 2873//3304 2815//3299
f 972//3303 2817//4824 2815//3299
f 2815//3299 2818//3305 2816//3300
f 2816//3300 2822//4965 2821//3306
f 2825//3309 2821//3306 2822//4965
f 2818//3305 2822//4965 2816//3300
f 2821//3306 2824//3308 2830//3321
f 2828//3310 2803//4966 2829//3333
f 2802//3312 2803//4966 2828//3310
f 2802//3312 2827//3311 2826//3313
f 2826//3313 2819//4594 2801//3314
f 2826//3313 2896//3317 2819//4594
f 2827//3311 2820//3316 2896//3317
f 2831//3323 2810//3319 2830//3321
f 2805//3326 2804//3330 2833//3324
f 2808//3327 2835//3350 2834//3328
f 2833//3324 2812//3329 2834//3328
f 2823//3336 2836//3332 2901//4678
f 2837//3325 2900//3335 2836//3332
f 2833//3324 2840//3331 2839//3337
f 2828//3310 2836//3332 2823//3336
f 2803//4966 2805//3326 2829//3333
f 2829//3333 2805//3326 2837//3325
f 2841//3338 2791//4651 2790//3277
f 2844//3342 2811//3318 2832//3320
f 2847//3344 2813//4967 2845//3345
f 2847//3344 2841//3347 2813//4967
f 2849//3348 2844//3342 2848//3355
f 2912//3353 2834//3328 2913//3351
f 2853//3352 2847//3344 2852//3415
f 2854//3985 2846//3346 2853//3352
f 2850//3343 2852//3415 2847//3344
f 2848//3355 2844//3342 2831//3323
f 2845//3345 2813//4967 2811//3318
f 2825//3309 2842//3341 2824//3308
f 2821//3306 2809//3322 2798//3307
f 2830//3321 2809//3322 2821//3306
f 2843//3340 2848//3355 2824//3308
f 2881//3372 2855//3358 2875//3360
f 2859//3366 3109//3365 2922//3361
f 2864//3438 2860//3364 2859//3366
f 2880//3369 2861//3368 2928//3426
f 2865//3430 3116//3613 2864//3438
f 2866//3437 3116//3613 2865//3430
f 2861//3368 2869//3612 2862//3425
f 2869//3612 2867//3374 2927//3428
f 2869//3612 2927//3428 2862//3425
f 2867//3374 2868//3373 2927//3428
f 2924//3359 2863//3367 2880//3369
f 2856//3356 2857//3371 2874//3357
f 2855//3358 2858//3370 2924//3359
f 2863//3367 3111//3611 2861//3368
f 3111//3611 2869//3612 2861//3368
f 2871//3379 2972//3377 2933//3427
f 2868//3373 2871//3379 2933//3427
f 3133//3375 2871//3379 2868//3373
f 2972//3377 2872//3376 2976//3381
f 3147//3382 2977//3458 2961//3380
f 2938//3436 3143//3627 3138//3626
f 2877//3383 2898//3385 2876//3391
f 2817//4824 2874//3357 2873//3304
f 2873//3304 2875//3360 2876//3391
f 2875//3360 2880//3369 2877//3383
f 2874//3357 2881//3372 2873//3304
f 2884//3390 2925//3389 2882//3387
f 2877//3383 2879//3386 2878//3384
f 2883//3403 2929//3388 2884//3390
f 2905//3401 2891//3398 2903//3407
f 2879//3386 2928//3426 2886//3393
f 2905//3401 2899//3412 2887//3392
f 2878//3384 2887//3392 2899//3412
f 2895//3395 2888//3431 2936//3396
f 2892//3397 2906//3411 2891//3398
f 2894//3405 2890//3400 2905//3401
f 2932//3495 2890//3400 2894//3405
f 2893//3399 2891//3398 2890//3400
f 2887//3392 2894//3405 2905//3401
f 2879//3386 2886//3393 2878//3384
f 2916//3394 2936//3396 35//93
f 2936//3396 2889//3402 35//93
f 4049//3413 2825//3309 2822//4965
f 2898//3385 2822//4965 2818//3305
f 2900//3335 2838//3334 2909//3506
f 2905//3401 2825//3309 4049//3413
f 2843//3340 2904//3408 2907//3409
f 2903//3407 2825//3309 2905//3401
f 2908//3441 2911//3410 2907//3409
f 38//3422 2917//3417 37//92
f 2914//3414 2851//3349 2908//3441
f 2909//3506 2840//3331 2912//3353
f 2916//3394 37//92 2917//3417
f 2964//3420 2918//3419 2965//3418
f 2918//3419 2963//3421 2917//3417
f 2917//3417 38//3422 2918//3419
f 35//93 2883//3403 32//82
f 43//109 44//108 2920//3449
f 2882//3387 2923//3424 2922//3361
f 2882//3387 2922//3361 2921//3363
f 2925//3389 2859//3366 2923//3424
f 2923//3424 2859//3366 2922//3361
f 2862//3425 2927//3428 2928//3426
f 2927//3428 2868//3373 2931//3404
f 2931//3404 2933//3427 2894//3405
f 2929//3388 2889//3402 2930//3429
f 2933//3427 2885//3475 2894//3405
f 2937//3434 2889//3402 2936//3396
f 2895//3395 2973//3462 2888//3431
f 2935//3432 2888//3431 2973//3462
f 2930//3429 3138//3626 2870//3616
f 2930//3429 2937//3434 3138//3626
f 2937//3434 2938//3436 3138//3626
f 2930//3429 2870//3616 2866//3437
f 2880//3369 2928//3426 2879//3386
f 2925//3389 2864//3438 2859//3366
f 2935//3432 3139//3435 2934//3433
f 2934//3433 2938//3436 2937//3434
f 2929//3388 2865//3430 2864//3438
f 2939//3466 2904//3408 2892//3397
f 2941//3439 2942//3440 2907//3409
f 2942//3440 2948//4968 2908//3441
f 2943//3443 2852//3415 2944//4969
f 2908//3441 2948//4968 2944//4969
f 2944//4969 2914//3414 2908//3441
f 2946//3452 2853//3352 2945//3442
f 2947//3451 2854//3985 2946//3452
f 2904//3408 2939//3466 2941//3439
f 2949//3494 2998//3483 2993//3476
f 2949//3494 2950//3455 2997//3482
f 45//3416 2950//3455 2949//3494
f 2951//3448 2955//3493 2948//4968
f 2953//3447 2942//3440 2952//3445
f 2949//3494 2997//3482 2998//3483
f 2951//3448 2948//4968 2942//3440
f 2954//3423 43//109 3004//3450
f 2915//111 2956//115 2950//3455
f 2948//4968 2955//3493 2944//4969
f 46//114 2954//3423 2956//115
f 2951//3448 2958//3485 2955//3493
f 2955//3493 2959//3486 2944//4969
f 2944//4969 2959//3486 2943//3443
f 3003//3453 2946//3452 2945//3442
f 2960//4970 2947//3451 3003//3453
f 2915//111 2950//3455 45//3416
f 2972//3377 2976//3381 2885//3475
f 2885//3475 2976//3381 2932//3495
f 2977//3458 2968//3471 2962//3457
f 2961//3380 2962//3457 2932//3495
f 2976//3381 2961//3380 2932//3495
f 2962//3457 2893//3399 2932//3495
f 2932//3495 2893//3399 2890//3400
f 2962//3457 2892//3397 2893//3399
f 2973//3462 2895//3395 2966//3460
f 2967//3467 2939//3466 2892//3397
f 2968//3471 2967//3467 2962//3457
f 2939//3466 2969//3465 2940//3446
f 2967//3467 2892//3397 2962//3457
f 2971//3461 2988//4971 2970//3459
f 2966//3460 2978//3663 2974//4972
f 2966//3460 2970//3459 2978//3663
f 2895//3395 2964//3420 2966//3460
f 3139//3435 2935//3432 2973//3462
f 3139//3435 2973//3462 2975//3464
f 2974//4972 2979//4973 3149//3463
f 2973//3462 2974//4972 3149//3463
f 2970//3459 2988//4971 2980//4974
f 2970//3459 2980//4974 3151//3661
f 2969//3465 2991//3469 2981//3444
f 2982//3468 2983//3497 2953//3447
f 2987//3799 2986//4975 2967//3467
f 2967//3467 2986//4975 2969//3465
f 2987//3799 2967//3467 2985//3470
f 2971//3461 2990//3472 3179//3474
f 2989//3477 3180//3473 2990//3472
f 2980//4974 2988//4971 3178//3709
f 2988//4971 3179//3474 3178//3709
f 2969//3465 2986//4975 2991//3469
f 3180//3473 2989//3477 2992//3706
f 2988//4971 2971//3461 3179//3474
f 2940//3446 2969//3465 2981//3444
f 2978//3663 2979//4973 2974//4972
f 2973//3462 2966//3460 2974//4972
f 2970//3459 3151//3661 2978//3663
f 2993//3476 2989//3477 2971//3461
f 2998//3483 2989//3477 2993//3476
f 2996//3479 2951//3448 2953//3447
f 2994//3480 3019//4976 2999//3481
f 2950//3455 2999//3481 2997//3482
f 2996//3479 2958//3485 2951//3448
f 3001//3500 2958//3485 3000//3484
f 3014//3488 2945//3442 3002//3487
f 2943//3443 3002//3487 2945//3442
f 2957//3456 3247//3490 2995//3454
f 2999//3481 3019//4976 3005//3489
f 3004//3450 2920//3449 3006//4279
f 2995//3454 3019//4976 2994//3480
f 3019//4976 2995//3454 3016//3491
f 2914//3414 2944//4969 2852//3415
f 2919//119 2993//3476 2965//3418
f 2949//3494 2993//3476 2919//119
f 2953//3447 2952//3445 2981//3444
f 2995//3454 2994//3480 2950//3455
f 2878//3384 2899//3412 2898//3385
f 2891//3398 2906//3411 2903//3407
f 2895//3395 2917//3417 2963//3421
f 2989//3477 3005//3489 2992//3706
f 2992//3706 3005//3489 3231//3778
f 3010//3711 2996//3479 2984//3478
f 2892//3397 2904//3408 2906//3411
f 3007//3804 2991//3469 2986//4975
f 3008//3669 3011//3498 2991//3469
f 3009//3704 3010//3711 2984//3478
f 2983//3497 3009//3704 2984//3478
f 3011//3498 3012//3705 2982//3468
f 2982//3468 3012//3705 2983//3497
f 3012//3705 3009//3704 2983//3497
f 3003//3453 3254//3504 2960//4970
f 3015//3501 3000//3484 3010//3711
f 3017//3717 3019//4976 3018//4977
f 3020//3725 3018//4977 3019//4976
f 3019//4976 3016//3491 3020//3725
f 3022//3712 3021//3727 3001//3500
f 3021//3727 3013//3499 3001//3500
f 3022//3712 3001//3500 3015//3501
f 3253//3492 3004//3450 3024//3771
f 3006//4279 3024//3771 3004//3450
f 3026//3502 3025//3505 3003//3453
f 3002//3487 3026//3502 3014//3488
f 3023//3503 3002//3487 3013//3499
f 3010//3711 3000//3484 2996//3479
f 3005//3489 3017//3717 3231//3778
f 3005//3489 3019//4976 3017//3717
f 2820//3316 2897//3406 2896//3317
f 2901//4678 2836//3332 2900//3335
f 2838//3334 2839//3337 2909//3506
f 2852//3415 2850//3343 2851//3349
f 2911//3410 2848//3355 2843//3340
f 2938//3436 3139//3435 3143//3627
f 3125//3622 3032//3515 3031//3534
f 3123//3620 3031//3534 3044//3528
f 3033//3514 3060//3519 3157//3521
f 3035//3523 3160//3520 3060//3519
f 3171//3522 3036//3555 3172//3657
f 3059//3518 3033//3514 3034//3513
f 3039//3524 3040//4978 3038//3525
f 1200//1526 3039//3524 3037//3507
f 3038//3525 3040//4978 3043//4979
f 3055//4980 3045//3571 3043//4979
f 1200//1526 3037//3507 1423//1714
f 3030//3512 3045//3571 3034//3513
f 3030//3512 3043//4979 3045//3571
f 3032//3515 3047//3532 3031//3534
f 3031//3534 3047//3532 3041//3533
f 3028//3508 3038//3525 3030//3512
f 3038//3525 3043//4979 3030//3512
f 3044//3528 3049//3527 3048//3529
f 3050//3545 3041//3533 3042//3526
f 3049//3546 3042//3540 3040//3538
f 3052//3542 3051//3543 3042//3526
f 3051//3543 3053//3544 3042//3526
f 3054//3541 3070//3565 3043//3572
f 3040//3538 3054//3541 3043//3572
f 3053//3544 3050//3545 3042//3526
f 3056//4981 3057//3548 3059//3518
f 3056//4981 3059//3518 3055//4980
f 3055//4980 3059//3518 3045//3571
f 3057//3548 3061//3550 3059//3518
f 3074//3577 3065//3556 3058//3549
f 3167//3553 3063//3552 3046//3517
f 3047//3532 3071//3554 3070//3535
f 3063//3552 3072//3562 3071//3554
f 3062//3551 3069//3558 3068//3560
f 3066//3559 3067//3580 3069//3558
f 3073//3561 3068//3560 3091//4982
f 3061//3550 3058//3549 3064//3557
f 3058//3549 3065//3556 3064//3557
f 3068//3560 3069//3558 3091//4982
f 3063//3552 3062//3551 3068//3560
f 3068//3560 3072//3562 3063//3552
f 3065//3556 3035//3523 3064//3557
f 3071//3563 3056//4983 3055//3564
f 3071//3563 3057//3567 3056//4983
f 3071//3563 3072//3568 3057//3567
f 3044//3528 3052//3542 3042//3526
f 3036//3555 3079//3576 3076//3573
f 3074//3577 3078//4984 3075//3555
f 3078//4984 3080//3584 3079//3576
f 3078//4984 3079//3576 3075//3555
f 3081//3578 3082//3664 3086//3589
f 3067//3580 3082//3664 3081//3578
f 3080//3584 3083//3574 3079//3576
f 3300//3671 3086//3589 3082//3664
f 3077//3579 3092//4985 3091//4982
f 3078//4986 3092//4987 3081//4988
f 3077//3579 3081//3578 3092//4985
f 3074//3597 3092//4987 3078//4986
f 3078//4986 3081//4988 3080//4989
f 3086//3589 3093//4990 3081//3578
f 3080//4989 3081//4988 3084//3590
f 3081//4988 3093//3593 3084//3590
f 3086//3589 3094//3588 3093//4990
f 3087//3594 3306//3782 3303//3583
f 3087//3594 3095//4991 3306//3782
f 3094//3591 3096//4992 3087//3595
f 3090//3780 3097//3786 3096//3596
f 3087//3595 3097//4993 3095//4994
f 3096//4992 3097//4993 3087//3595
f 3095//4994 3097//4993 3098//4995
f 3097//4993 3313//4996 3098//4995
f 3087//3594 3303//3583 3088//3581
f 3085//3587 3090//3780 3096//3596
f 3091//3569 3092//4987 3074//3597
f 3069//3558 3077//3579 3091//4982
f 3121//3531 3048//3529 1445//1530
f 3076//3573 3169//3656 3036//3555
f 3106//3600 3121//3531 3099//3601
f 3104//3602 3120//3509 3108//3603
f 3107//3599 3101//3604 2858//3370
f 2922//3361 3106//3600 2926//3362
f 2926//3362 3099//3601 3105//1700
f 2857//3371 3107//3599 2855//3358
f 3109//3365 2860//3364 3110//3608
f 3106//3600 3109//3365 3100//3609
f 3134//3624 2869//3612 3114//3607
f 3116//3613 3115//3615 3118//3618
f 3112//3605 3114//3607 3111//3611
f 3116//3613 3118//3618 3113//3610
f 3116//3613 2866//3437 3115//3615
f 3127//3617 3113//3610 3102//3619
f 3110//3608 3113//3610 3127//3617
f 3118//3618 3115//3615 3119//3660
f 3109//3365 3106//3600 2922//3361
f 3120//3509 3028//3508 3124//3598
f 3122//3530 3100//3609 3123//3620
f 3121//3531 1445//1530 3105//1700
f 3123//3620 3044//3528 3122//3530
f 3127//3617 3125//3622 3123//3620
f 3126//3623 3112//3605 3029//3511
f 3112//3605 3126//3623 3103//3606
f 3029//3511 3112//3605 3101//3604
f 3125//3622 3102//3619 3128//3516
f 3127//3617 3102//3619 3125//3622
f 3124//3598 3029//3511 3101//3604
f 3159//3621 3128//3516 3102//3619
f 3128//3516 3032//3515 3125//3622
f 3028//3508 3030//3512 3124//3598
f 3134//3624 3129//4997 3131//3631
f 3134//3624 3131//3631 3135//3625
f 3103//3606 3129//4997 3134//3624
f 3170//3651 3136//3379 3130//3630
f 3136//3379 3132//3659 3145//3641
f 3136//3379 3142//3378 2871//3379
f 2869//3612 3135//3625 2867//3374
f 3133//3375 2867//3374 3135//3625
f 3133//3375 3136//3379 2871//3379
f 3138//3626 3140//3628 3117//3614
f 3143//3627 3139//3435 3141//3629
f 3140//3628 3144//3632 3117//3614
f 3130//3630 3133//3375 3135//3625
f 3137//3643 3144//3632 3140//3628
f 3117//3614 3162//3633 3119//3660
f 3142//3378 3145//3641 2872//3376
f 3146//3635 2872//3376 3145//3641
f 3147//3382 3148//3637 2977//3458
f 3154//3634 3149//3463 3156//3640
f 3150//3636 3182//3684 2985//3470
f 3148//3637 3150//3636 2977//3458
f 3147//3382 3153//3682 3204//3638
f 3153//3682 3147//3382 3146//3635
f 2979//4973 3177//3662 3155//3639
f 3149//3463 2979//4973 3155//3639
f 3140//3628 3143//3627 3137//3643
f 3143//3627 3141//3629 3152//3642
f 3128//3516 3159//3621 3158//3645
f 3160//3520 3163//3646 3129//4997
f 3157//3521 3160//3520 3129//4997
f 3103//3606 3157//3521 3129//4997
f 3161//3644 3166//3649 3158//3645
f 3168//3648 3161//3644 3162//3633
f 3118//3618 3161//3644 3159//3621
f 3158//3645 3167//3553 3128//3516
f 3062//3551 3167//3553 3158//3645
f 3158//3645 3166//3649 3062//3551
f 3137//3643 3175//3652 3144//3632
f 3176//3653 3174//3655 3175//3652
f 3171//3522 3172//3657 3164//3647
f 3165//3650 3066//3559 3168//3648
f 3181//3580 3066//3559 3165//3650
f 3175//3652 3174//3655 3173//3658
f 3131//3631 3164//3647 3130//3630
f 3168//3648 3066//3559 3062//3551
f 3164//3647 3169//3656 3170//3651
f 3163//3646 3131//3631 3129//4997
f 3160//3520 3171//3522 3163//3646
f 3137//3643 3152//3642 3176//3653
f 3152//3642 3195//3654 3176//3653
f 3156//3640 3196//3675 3154//3634
f 3114//3607 3103//3606 3134//3624
f 3117//3614 3119//3660 3115//3615
f 3033//3514 3157//3521 3126//3623
f 3157//3521 3103//3606 3126//3623
f 3106//3600 3122//3530 3121//3531
f 3119//3660 3161//3644 3118//3618
f 3170//3651 3132//3659 3136//3379
f 2858//3370 3101//3604 3112//3605
f 3137//3643 3176//3653 3175//3652
f 2979//4973 2978//3663 3177//3662
f 3151//3661 2980//4974 3186//3686
f 3181//3580 3082//3664 3067//3580
f 3181//3580 3067//3580 3066//3559
f 3182//3684 3183//4998 2987//3799
f 3184//3700 3150//3636 3204//3638
f 3184//3700 3182//3684 3150//3636
f 3151//3661 3186//3686 3208//3665
f 3182//3684 3185//3685 3183//4998
f 3187//3667 3007//3804 3183//4998
f 3177//3662 3208//3665 3203//3666
f 3188//3668 3189//3695 3242//4999
f 3185//3685 3187//3667 3183//4998
f 3191//5000 3153//3682 3190//3701
f 3193//3575 3194//5001 3132//3659
f 3194//5001 3190//3701 3132//3659
f 3192//5002 3206//3678 3191//5000
f 3301//3582 3194//5001 3193//3575
f 3195//3654 3196//3675 3197//3670
f 3197//3670 3196//3675 3302//3677
f 3195//3654 3197//3670 3174//3655
f 3191//5000 3198//3779 3192//5002
f 3192//5002 3201//3672 3205//3674
f 3214//3680 3215//3802 3309//5003
f 3301//3582 3198//3779 3194//5001
f 3169//3656 3193//3575 3132//3659
f 3194//5001 3191//5000 3190//3701
f 3192//5002 3205//3674 3206//3678
f 3198//3779 3191//5000 3194//5001
f 3155//3639 3203//3666 3202//3681
f 3156//3640 3202//3681 3196//3675
f 3205//3674 3182//3684 3184//3700
f 3208//3665 3186//3686 3207//3679
f 3202//3681 3214//3680 3199//3676
f 3209//3683 3185//3685 3182//3684
f 3186//3686 3212//3708 3211//3687
f 3218//3694 3188//3668 3187//3667
f 3212//3708 3217//5004 3211//3687
f 3212//3708 3213//3805 3217//5004
f 3213//3805 3240//3721 3220//3696
f 3212//3708 3235//3722 3213//3805
f 3207//3679 3215//3802 3214//3680
f 3207//3679 3211//3687 3215//3802
f 3200//3673 3223//3690 3185//3685
f 3216//3801 3211//3687 3217//5004
f 3215//3802 3211//3687 3216//3801
f 3188//3668 3218//3694 3189//3695
f 3189//3695 3222//3699 3219//3750
f 3217//5004 3226//3698 3322//3803
f 3217//5004 3322//3803 3216//3801
f 3225//3691 3210//3688 3223//3690
f 3223//3690 3210//3688 3185//3685
f 3220//3696 3321//3792 3318//3697
f 3221//3747 3228//3789 3220//3696
f 3213//3805 3220//3696 3226//3698
f 3220//3696 3228//3789 3321//3792
f 3224//3692 3218//3694 3210//3688
f 3210//3688 3218//3694 3187//3667
f 3217//5004 3213//3805 3226//3698
f 3155//3639 3202//3681 3156//3640
f 3191//5000 3206//3678 3153//3682
f 3196//3675 3202//3681 3199//3676
f 3225//3691 3223//3690 3310//3800
f 2980//4974 3178//3709 3186//3686
f 3179//3474 3229//3702 3230//3723
f 3178//3709 3179//3474 3230//3723
f 3183//4998 3007//3804 2987//3799
f 3229//3702 3180//3473 3233//3707
f 2992//3706 3231//3778 3234//3714
f 3233//3707 2992//3706 3241//3716
f 2992//3706 3234//3714 3241//3716
f 3178//3709 3230//3723 3212//3708
f 3230//3723 3229//3702 3240//3721
f 3212//3708 3230//3723 3235//3722
f 3242//4999 3232//3703 3011//3498
f 3242//4999 3011//3498 3008//3669
f 3236//5005 3237//3710 3009//3704
f 3009//3704 3237//3710 3010//3711
f 3239//3735 3022//3712 3238//3713
f 3237//3710 3238//3713 3015//3501
f 3236//5005 3009//3704 3232//3703
f 3233//3707 3241//3716 3259//3748
f 3236//5005 3243//3752 3237//3710
f 3232//3703 3243//3752 3236//5005
f 3219//3750 3232//3703 3242//4999
f 3189//3695 3219//3750 3242//4999
f 3219//3750 3243//3752 3232//3703
f 3241//3716 3260//3720 3259//3748
f 3240//3721 3233//3707 3259//3748
f 3245//3719 3244//3715 3234//3714
f 3245//3719 3246//3718 3272//5006
f 3234//3714 3017//3717 3245//3719
f 3232//3703 3012//3705 3011//3498
f 3018//4977 3020//3725 3251//3731
f 3017//3717 3018//4977 3246//3718
f 2957//3456 3253//3492 3252//3732
f 3247//3490 2957//3456 3252//3732
f 3249//3728 3021//3727 3022//3712
f 3248//3726 3013//3499 3021//3727
f 3018//4977 3251//3731 3246//3718
f 3250//3724 3247//3490 3256//3733
f 3024//3771 3006//4279 3294//3810
f 3265//3729 3025//3505 3026//3502
f 3252//3732 3253//3492 3258//3740
f 3269//3777 2960//4970 3254//3504
f 3250//3724 3256//3733 3257//3730
f 3258//3740 3253//3492 3024//3771
f 3020//3725 3250//3724 3251//3731
f 3255//3743 3026//3502 3023//3503
f 3220//3696 3240//3721 3259//3748
f 3262//5007 3238//3713 3261//3737
f 3262//5007 3274//3734 3238//3713
f 3261//3737 3237//3710 3243//3752
f 3265//3729 3026//3502 3255//3743
f 3249//3728 3266//3739 3248//3726
f 3263//3736 3266//3739 3249//3728
f 3264//3738 3268//3744 3255//3743
f 3267//3742 3265//3729 3255//3743
f 3259//3748 3260//3720 3276//3746
f 3271//3754 3262//5007 3261//3737
f 3270//3751 3271//3754 3243//3752
f 3245//3719 3275//3758 3244//3715
f 3272//5006 3286//3762 3285//3761
f 3272//5006 3273//3776 3286//3762
f 3244//3715 3275//3758 3277//3749
f 3275//3758 3272//5006 3285//3761
f 3276//3746 3324//3790 3221//3747
f 3279//3757 3274//3734 3262//5007
f 3274//3734 3279//3757 3263//3736
f 3280//3756 3281//3768 3263//3736
f 3277//3749 3284//5008 3324//3790
f 3277//3749 3283//3760 3284//5008
f 3282//3753 3330//3846 3262//5007
f 3330//3846 3279//3757 3262//5007
f 3329//3847 3282//3753 3278//3755
f 3283//3760 3362//3843 3284//5008
f 3276//3746 3277//3749 3324//3790
f 3296//3772 3366//3763 3286//3762
f 3285//3761 3286//3762 3287//3759
f 3286//3762 3288//3764 3287//3759
f 3219//3750 3278//3755 3270//3751
f 3262//5007 3271//3754 3282//3753
f 3283//3760 3287//3759 3362//3843
f 3257//3730 3256//3733 3292//3765
f 3290//3766 3264//3738 3266//3739
f 3299//3770 3024//3771 3294//3810
f 3293//3775 3297//3813 3292//3765
f 3293//3775 3298//3769 3375//3774
f 3257//3730 3292//3765 3296//3772
f 3289//3741 3298//3769 3293//3775
f 3243//3752 3271//3754 3261//3737
f 3272//5006 3275//3758 3245//3719
f 3272//5006 3251//3731 3273//3776
f 3272//5006 3246//3718 3251//3731
f 3083//3574 3301//3582 3193//3575
f 3197//3670 3085//3587 3300//3671
f 3197//3670 3302//3677 3090//3780
f 3306//3782 3192//5002 3303//3583
f 3214//3680 3309//5003 3304//3781
f 3199//3676 3214//3680 3304//3781
f 3304//3781 3305//3784 3090//3780
f 3307//3783 3308//3689 3201//3672
f 3201//3672 3308//3689 3200//3673
f 3215//3802 3311//3801 3315//3797
f 3215//3802 3315//3797 3309//5003
f 3304//3781 3312//5009 3305//3784
f 3095//4991 3098//5010 3306//3782
f 3306//3782 3098//5010 3307//3783
f 3312//5009 3313//3785 3305//3784
f 3312//5009 3315//3797 3313//3785
f 3315//3797 3312//5009 3309//5003
f 3315//3797 3311//3801 3327//3888
f 3319//5011 3225//3691 3310//3800
f 3098//5010 3314//3787 3307//3783
f 3314//3787 3316//5012 3308//3689
f 3308//3689 3316//5012 3310//3800
f 3316//5012 3338//5013 3310//3800
f 3338//5013 3319//5011 3310//3800
f 3338//5013 3320//5014 3319//5011
f 3311//3801 3317//3889 3327//3888
f 3304//3781 3309//5003 3312//5009
f 3216//3801 3322//3803 3311//3801
f 3320//5014 3224//3692 3225//3691
f 3319//5011 3320//5014 3225//3691
f 3318//3697 3323//3825 3317//3889
f 3322//3803 3318//3697 3317//3889
f 3321//3792 3325//3793 3318//3697
f 3318//3697 3325//3793 3323//3825
f 3320//5014 3342//3788 3224//3692
f 3341//3817 3222//3699 3227//3693
f 3321//3792 3228//3789 3349//3791
f 3313//4996 3326//3794 3098//4995
f 3315//3797 3327//3888 3326//3798
f 3306//3782 3201//3672 3192//5002
f 3311//3801 3322//3803 3317//3889
f 3324//3790 3284//5008 3345//3845
f 3284//5008 3362//3843 3345//3845
f 3132//3659 3190//3701 3146//3635
f 3154//3634 3196//3675 3195//3654
f 3174//3655 3300//3671 3173//3658
f 3198//3779 3303//3583 3192//5002
f 3328//3816 3278//3755 3222//3699
f 3242//4999 3008//3669 3188//3668
f 3222//3699 3278//3755 3219//3750
f 3329//3847 3330//3846 3282//3753
f 3280//3756 3332//3851 3333//3809
f 3333//3809 3281//3768 3280//3756
f 3332//3851 3280//3756 3331//3806
f 3331//3806 3279//3757 3330//3846
f 3337//3814 3295//3745 3267//3742
f 3337//3814 3381//3812 3295//3745
f 3339//5015 3348//5016 3320//5014
f 3339//5015 3320//5014 3338//5013
f 3339//5015 3340//5017 3348//5016
f 3341//3817 3227//3693 3342//3788
f 3348//5016 3341//3817 3342//3788
f 3324//3790 3345//3845 3343//5018
f 3346//3820 3329//3847 3344//3815
f 3329//3847 3328//3816 3344//3815
f 3320//5014 3348//5016 3342//3788
f 3325//3793 3349//3791 3356//3830
f 3325//3793 3356//3830 3347//3831
f 3348//5016 3358//3818 3341//3817
f 3343//5018 3357//5019 3356//3830
f 3345//3845 3359//3839 3343//5018
f 3340//5017 3358//3818 3348//5016
f 3343//5018 3359//3839 3357//5019
f 3349//3791 3343//5018 3356//3830
f 3316//3824 3353//3823 3338//5020
f 3314//3796 3327//3795 3316//3824
f 3353//3823 3339//3828 3338//5020
f 3353//3823 3354//3829 3339//3828
f 3323//3825 3354//3826 3353//3887
f 3339//3828 3355//3827 3340//5021
f 3347//3831 3355//3792 3323//3825
f 3358//3832 3356//3833 3350//3835
f 3350//3835 3360//3836 3352//3842
f 3359//3839 3360//3838 3357//5019
f 3361//5022 3383//3873 3372//3841
f 3360//3836 3361//5022 3372//3841
f 3350//3819 3352//5023 3346//3820
f 3352//5023 3372//3821 3346//3820
f 3355//3827 3358//3832 3340//5021
f 3362//3843 3287//3759 3363//3849
f 3329//3847 3365//3822 3330//3846
f 3362//3843 3363//3849 3364//3844
f 3363//3849 3287//3759 3288//3764
f 3366//3763 3367//3857 3371//3848
f 3369//3852 3331//3806 3365//3822
f 3369//3852 3332//3851 3331//3806
f 3373//3858 3367//3857 3374//3859
f 3335//3773 3297//3813 3377//3861
f 3333//3809 3376//3865 3336//3808
f 3376//3865 3334//3807 3336//3808
f 3377//3861 3297//3813 3375//3774
f 3393//3867 3334//3807 3378//3868
f 3393//3867 3337//3814 3334//3807
f 3378//3868 3334//3807 3376//3865
f 3379//3811 3294//3810 3380//4487
f 3946//3870 3269//3777 3381//3812
f 3386//3869 3378//3868 3384//3863
f 3387//3871 3381//3812 3393//3867
f 3361//5022 3388//3874 3383//3873
f 3389//3872 3390//3876 3383//3873
f 3373//3877 3384//5024 3385//3875
f 3373//3877 3374//3880 3384//5024
f 3377//3861 3391//3866 3374//3859
f 3392//3881 3393//3885 3386//3879
f 3380//3886 3946//5025 3387//3884
f 3382//3862 3379//3811 3392//3882
f 3390//3855 3333//3809 3370//3850
f 3374//3880 3386//3879 3384//5024
f 3345//3845 3364//3844 3359//3839
f 3364//3844 3351//3837 3359//3839
f 3317//3889 3323//3825 3353//3887
f 3324//3790 3343//5018 3349//3791
f 3325//3793 3347//3831 3323//3825
f 3328//3816 3329//3847 3278//3755
f 3008//3669 2991//3469 3007//3804
f 3007//3804 2986//4975 2987//3799
f 1423//1714 3027//3510 3104//3602
f 3036//3555 3169//3656 3172//3657
f 3090//3780 3305//3784 3097//3786
f 3326//3794 3314//3796 3098//4995
f 3396//3898 2757//3234 3397//3896
f 3396//3893 3400//3917 3401//3894
f 3398//3241 3403//3918 3402//3899
f 3406//3900 2761//3243 2762//3244
f 2757//3238 3394//3892 3399//3902
f 3394//3892 3407//3904 3399//3902
f 3409//3906 3411//3908 3412//3921
f 3409//3906 3399//3902 3411//3908
f 3400//3897 3409//3906 3412//3921
f 3414//3909 3402//3899 3403//3918
f 3416//3913 2763//3245 2764//3914
f 3403//3918 2763//3245 3421//3915
f 3419//3919 2762//3244 3415//3911
f 3406//3900 3420//3920 3404//3901
f 2764//3914 3404//3901 3417//3912
f 2763//3245 3403//3918 3398//3241
f 3411//3908 3422//3922 3412//3921
f 3412//3921 3423//3923 3418//3934
f 3430//3931 3421//3915 3416//3913
f 3432//3936 3430//3931 3416//3913
f 3429//3930 3418//3916 3433//5026
f 3423//3923 3434//3937 3433//3933
f 3430//3931 3436//3990 3431//3932
f 3437//3935 3436//3990 3430//3931
f 3419//3919 3435//3938 3406//3900
f 3426//3929 3411//3908 3408//3905
f 3437//3935 3432//3936 3420//3920
f 3413//3910 3428//3926 3438//3939
f 3443//3956 3439//3960 3442//3943
f 3424//3940 3440//4598 3441//3941
f 3444//3954 3442//3943 3441//3941
f 3441//3941 3445//3967 3444//3954
f 3447//3948 3449//4663 3429//4653
f 3429//4653 3433//3947 3447//3948
f 3437//3950 3471//3984 3462//3951
f 3469//3986 3471//3984 3437//3950
f 3436//3952 3462//3951 3461//3992
f 3452//3953 3450//3949 3446//3945
f 3448//3944 3452//3953 3446//3945
f 3442//3943 3444//3954 3443//3956
f 3451//3959 3434//3946 3439//3960
f 3425//3993 3457//3964 3428//3965
f 3440//4598 3458//3966 3441//3941
f 3457//3964 3459//3968 3456//3961
f 3456//3961 3479//3970 1625//1952
f 3456//3961 1625//1952 1623//3962
f 3425//3993 3461//3992 3457//3964
f 3457//3964 3464//4008 3482//3971
f 3457//3964 3481//3972 3459//3968
f 3461//3992 3464//4008 3457//3964
f 3462//3951 3463//3988 3461//3992
f 3465//5027 3419//3919 3415//3911
f 3465//5027 3435//3938 3419//3919
f 3467//3976 3468//3973 3435//3975
f 3470//3981 3471//3984 3469//3986
f 3447//3948 3472//4656 3449//4663
f 3473//3978 3474//3987 3468//3973
f 3491//3979 3490//4002 3476//3980
f 3466//3974 3470//3981 3469//3986
f 3442//3989 3439//3991 3426//3929
f 3432//3936 3417//3912 3420//3920
f 3481//3972 3482//3971 3483//4028
f 3483//4028 3464//4008 3484//4012
f 3487//3998 54//4022 52//136
f 3485//4032 3486//3997 52//136
f 3492//4016 3493//4003 57//148
f 3489//3999 3546//4068 3491//3979
f 3491//3979 3474//3987 3489//3999
f 3495//3983 3477//3982 3501//4010
f 3501//4010 3502//4079 3495//3983
f 3498//4129 64//158 63//157
f 3500//4001 3559//4076 3501//4010
f 3495//3983 3502//4079 3520//4011
f 3499//4019 63//157 3497//160
f 54//4022 3503//4014 3497//160
f 3487//3998 3503//4014 54//4022
f 3499//4019 3507//4018 3498//4129
f 63//157 3499//4019 3498//4129
f 3498//4129 3506//4017 64//158
f 3480//139 3485//4032 52//136
f 3477//3982 3490//4002 3500//4001
f 3459//3968 3483//4028 3512//4025
f 3459//3968 3511//4026 3460//3969
f 3479//3970 3509//4034 1625//1952
f 3460//3969 3510//4033 3509//4034
f 3460//3969 3509//4034 3479//3970
f 50//163 3525//4045 3508//4029
f 3480//139 3514//4030 3485//4032
f 3512//4025 3529//4036 3511//4026
f 3516//4027 3484//4012 3522//4043
f 3516//4027 3522//4043 3524//4039
f 3512//4025 3516//4027 3517//4037
f 3521//4049 3504//4013 3503//4014
f 3524//4039 3522//4043 3539//4128
f 3517//4037 3536//4053 3513//4035
f 3485//4032 3518//4038 3486//3997
f 3525//4045 3530//4060 3508//4029
f 3511//4026 3528//4046 3510//4033
f 3508//4029 3530//4060 3514//4030
f 3530//4060 3532//4058 3514//4030
f 3487//3998 3518//4038 3534//4050
f 3524//4039 3539//4128 3540//4108
f 3536//4053 3524//4039 3541//4142
f 3524//4039 3542//4140 3541//4142
f 3540//4108 3542//4140 3524//4039
f 3517//4037 3524//4039 3536//4053
f 3537//4052 3543//4055 3518//4038
f 3600//5028 3533//4048 3534//4050
f 3538//4051 3544//4056 3534//4050
f 3545//4057 3600//5028 3534//4050
f 3514//4030 3537//4052 3515//4031
f 3529//4036 3620//4054 3528//4046
f 1715//2059 3525//4045 50//163
f 3491//3979 3547//4067 3548//4070
f 3491//3979 3546//4068 3547//4067
f 61//4062 3552//4084 3551//4086
f 61//4062 3551//4086 3550//4061
f 3493//4003 3554//4073 3553//4063
f 3473//3978 3555//4066 3489//3999
f 3553//4063 3557//4065 3552//4084
f 3547//4067 3565//4089 3548//4070
f 3554//4073 3556//4064 3553//4063
f 3553//4063 3552//4084 61//4062
f 3501//4010 3559//4076 3502//4079
f 3563//4072 3493//4003 3505//4015
f 3560//4098 3506//4017 3498//4129
f 3549//4000 3561//4069 3562//4074
f 3473//3978 3564//4147 3555//4066
f 3547//4067 3580//4087 3565//4089
f 3555//4066 3580//4087 3547//4067
f 2947//3451 3564//4147 3473//3978
f 3565//4089 3566//4088 3558//4071
f 3558//4071 3567//4092 3561//4069
f 3548//4070 3565//4089 3558//4071
f 3520//4011 3502//4079 3569//4078
f 3573//4081 3571//4082 3505//4015
f 3555//4066 3575//4145 3580//4087
f 3551//4086 3577//4085 3550//4061
f 3561//4069 3567//4092 3562//4074
f 3578//4090 3582//4151 3567//4092
f 3563//4072 3571//4082 3572//4083
f 3584//4095 3583//4244 3552//4084
f 3557//4065 3585//4096 3584//4095
f 3552//4084 3583//4244 3577//4085
f 3572//4083 3586//4153 3581//4091
f 3572//4083 3588//4093 3586//4153
f 3571//4082 3587//4094 3572//4083
f 3574//4118 3579//4121 3573//4081
f 3573//4081 3579//4121 3571//4082
f 3554//4073 3572//4083 3556//4064
f 3556//4064 3581//4091 3557//4065
f 3535//4099 3560//4098 3498//4129
f 3589//4107 3568//4041 3597//4105
f 3592//4102 3591//4100 3504//4013
f 3596//4103 3570//4080 3560//4098
f 3569//4078 3612//4125 3598//4104
f 3568//4041 3569//4078 3598//4104
f 3569//4078 3595//4077 3612//4125
f 3523//4042 3589//4107 3633//4106
f 3597//4105 3598//4104 3603//4111
f 3599//4109 3590//4097 3535//4099
f 3600//5028 3592//4102 3521//4049
f 3602//4202 3601//4113 3600//5028
f 3545//4057 3602//4202 3600//5028
f 3597//4105 3615//4112 3633//4106
f 3616//4169 3591//4100 3605//4114
f 3601//4113 3592//4102 3600//5028
f 3605//4114 3591//4100 3592//4102
f 3595//4077 3607//4115 3612//4125
f 3594//4075 3606//4116 3607//4115
f 3609//4119 3608//4117 3596//4103
f 3607//4115 3606//4116 3650//4162
f 3611//4122 3610//4120 3574//4118
f 3612//4125 3607//4115 3747//4126
f 3607//4115 3748//4163 3747//4126
f 3617//4124 3609//4119 3599//4109
f 3598//4104 3654//4323 3613//4127
f 3598//4104 3747//4126 3654//4323
f 3616//4169 3604//4110 3591//4100
f 2854//3985 2947//3451 3473//3978
f 3500//4001 3549//4000 3559//4076
f 3539//4128 3523//4042 3540//4108
f 3600//5028 3521//4049 3533//4048
f 3560//4098 3570//4080 3506//4017
f 3483//4028 3484//4012 3516//4027
f 3504//4013 3507//4018 3497//160
f 3520//4011 3519//4040 3496//4007
f 3562//4074 3567//4092 3606//4116
f 3567//4092 3644//4159 3606//4116
f 3567//4092 3582//4151 3644//4159
f 3510//4033 3619//4131 3509//4034
f 3531//4059 3622//4133 3530//4060
f 3623//4139 3624//4176 3619//4131
f 3528//4046 3623//4139 3619//4131
f 3541//4142 3625//4135 3536//4053
f 3528//4046 3620//4054 3626//4138
f 3532//4058 3628//4134 3537//4052
f 3620//4054 3627//4137 3626//4138
f 3541//4142 3664//4136 3625//4135
f 3541//4142 3630//4141 3664//4136
f 3625//4135 3627//4137 3620//4054
f 3536//4053 3625//4135 3620//4054
f 3619//4131 3624//4176 3618//4130
f 3542//4140 3540//4108 3631//4200
f 3540//4108 3632//4143 3631//4200
f 3542//4140 3694//4204 3630//4141
f 3542//4140 3631//4200 3694//4204
f 3564//4147 3635//4144 3555//4066
f 3580//4087 3638//4553 3637//4157
f 3640//4154 3585//4096 3581//4091
f 3637//4157 3642//4155 3636//4152
f 3575//4145 3638//4553 3580//4087
f 3575//4145 3641//4149 3638//4553
f 3610//4120 3646//4275 3587//4094
f 3649//4158 3744//4253 3644//4159
f 3644//4159 3744//4253 3648//4160
f 3582//4151 3639//4150 3649//4158
f 3647//4277 3588//4093 3587//4094
f 3606//4116 3644//4159 3648//4160
f 3447//3948 3488//4006 3472//4656
f 3490//4002 3477//3982 3476//3980
f 3495//3983 3494//4009 3463//3988
f 3629//4166 3544//4056 3538//4051
f 3652//4259 3611//4122 3608//4117
f 3526//4044 3622//4133 3531//4059
f 3527//4047 3655//4175 1746//2093
f 1982//2092 3656//4171 3526//4044
f 3656//4171 3659//4173 3622//4133
f 3661//4178 3629//4166 3543//4055
f 3626//4138 3663//4181 3623//4139
f 3665//4183 3661//4178 3628//4134
f 3627//4137 3673//4180 3626//4138
f 3660//4177 3665//4183 3628//4134
f 3664//4136 3673//4180 3627//4137
f 3690//4185 3661//4178 3665//4183
f 3656//4171 3669//4191 3659//4173
f 3624//4176 3670//4186 3658//4174
f 3659//4173 3671//4188 3657//4172
f 3658//4174 3672//4187 3655//4175
f 3623//4139 3663//4181 3674//4190
f 3663//4181 3673//4180 3675//4227
f 3674//4190 3670//4186 3624//4176
f 3623//4139 3674//4190 3624//4176
f 3677//4193 3671//4188 3659//4173
f 3678//4192 3895//4408 3677//4193
f 3671//4188 3679//4194 3662//4179
f 3680//4196 3668//4184 3667//4182
f 3681//4402 3663//4181 3682//5029
f 3675//4227 3682//5029 3663//4181
f 3674//4190 3663//4181 3681//4402
f 3679//4194 3680//4196 3667//4182
f 3674//4190 3681//4402 3676//4189
f 3677//4193 3684//4195 3679//4194
f 3683//4412 3684//4195 3677//4193
f 3684//4195 3718//4555 3680//4196
f 3682//5029 3890//4405 3681//4402
f 3685//4197 3602//4202 3545//4057
f 3631//4200 3699//4199 3695//4207
f 3630//4141 3689//4205 3664//4136
f 3691//5030 3687//4208 3690//4185
f 3686//4203 3692//4209 3693//4216
f 3691//5030 3692//4209 3687//4208
f 3601//4113 3696//4214 3651//4170
f 3613//4127 3811//4322 3697//4554
f 3615//4112 3814//4326 3701//4211
f 3697//4554 3814//4326 3615//4112
f 3698//4217 3653//4168 3616//4169
f 3702//4219 3616//4169 3651//4170
f 3703//4333 3698//4217 3616//4169
f 3702//4219 3703//4333 3616//4169
f 3705//4213 3702//4219 3696//4214
f 3696//4214 3601//4113 3688//4201
f 3687//4208 3686//4203 3629//4166
f 3693//4216 3685//4197 3686//4203
f 3700//4198 3699//4199 3632//4143
f 3689//4205 3712//4205 3666//4206
f 3689//4205 3707//4210 3712//4205
f 3673//4180 3666//4206 3675//4227
f 3707//4210 3695//4207 3723//4239
f 3709//4221 3688//4201 3693//4216
f 3709//4221 3705//4213 3688//4201
f 3710//4222 3691//5030 3690//4185
f 3724//4231 3692//4209 3691//5030
f 3712//4205 3722//4237 3717//4224
f 3710//4222 3713//4230 3691//5030
f 3682//5029 3675//4227 3714//4226
f 3717//4224 3726//4236 3715//4225
f 3718//4555 3711//4223 3680//4196
f 3915//4407 3716//4228 3715//4225
f 3711//4223 3719//4442 3720//4229
f 3720//4229 3710//4222 3711//4223
f 3693//4216 3725//4232 3709//4221
f 3723//4239 3722//4237 3707//4210
f 3706//4215 3830//4347 3708//4241
f 3723//4239 3708//4241 3729//4240
f 3724//4231 3725//4232 3693//4216
f 3717//4224 3722//4237 3726//4236
f 3715//4225 3726//4236 3915//4407
f 3732//4352 3730//4235 3729//4240
f 3728//4238 3731//4367 3725//4232
f 3724//4231 3728//4238 3725//4232
f 3722//4237 3729//4240 3730//4235
f 3726//4236 3730//4235 3891//4406
f 3712//4205 3707//4210 3722//4237
f 3713//4230 3724//4231 3691//5030
f 3666//4206 3715//4225 3675//4227
f 3686//4203 3544//4056 3629//4166
f 3664//4136 3666//4206 3673//4180
f 3661//4178 3690//4185 3687//4208
f 3711//4223 3668//4184 3680//4196
f 3682//5029 3716//4228 3890//4405
f 3714//4226 3716//4228 3682//5029
f 3699//4199 3706//4215 3708//4241
f 3695//4207 3699//4199 3708//4241
f 3577//4085 3734//4251 3576//4148
f 3583//4244 3735//4243 3734//4251
f 3584//4095 3736//4249 3735//4243
f 3576//4148 3737//4252 3006//4279
f 3635//4144 3738//4282 3641//4149
f 3739//4245 3738//4282 3635//4144
f 3586//4153 3742//4247 3640//4154
f 3743//4246 3742//4247 3586//4153
f 3637//4157 3740//4285 3741//4284
f 3583//4244 3734//4251 3577//4085
f 3647//4277 3756//4268 3588//4093
f 3745//4255 3646//4275 3610//4120
f 3749//4167 3746//4262 3617//4124
f 3645//4161 3648//4160 3764//4256
f 3650//4162 3764//4256 3762//4257
f 3752//4260 3745//4255 3611//4122
f 3639//4150 3754//4264 3649//4158
f 3754//4264 3744//4253 3649//4158
f 3761//4276 3760//4267 3756//4268
f 3754//4264 3779//4270 3744//4253
f 3759//4272 3758//4274 3745//4255
f 3757//4254 3780//4273 3764//4256
f 3758//4274 3647//4277 3646//4275
f 3763//4339 3752//4260 3652//4259
f 3753//4261 3763//4339 3652//4259
f 3647//4277 3758//4274 3761//4276
f 3757//4254 3764//4256 3648//4160
f 3634//4156 3769//4281 3739//4245
f 3771//4283 3772//4303 3741//4284
f 3773//4250 3781//4320 3733//4242
f 3738//4282 3766//4286 3641//4149
f 3741//4284 3772//4303 3775//4265
f 3734//4251 3788//4289 3737//4252
f 3782//4293 3768//4288 3767//4280
f 3766//4286 3784//4292 3771//4283
f 3771//4283 3784//4292 3772//4303
f 3786//4299 3785//4294 3781//4320
f 3781//4320 3785//4294 3770//4248
f 3786//4299 3948//4298 3785//4294
f 3947//4291 3803//4478 3784//4292
f 3769//4281 3787//4295 3783//4290
f 3768//4288 3790//4296 3945//4489
f 3775//4265 3792//4314 3778//4266
f 3795//4305 3794//4304 3777//4271
f 3796//4306 3761//4276 3758//4274
f 3779//4270 3798//4310 3780//4273
f 3799//4308 3809//4309 3779//4270
f 3797//4307 3800//4311 3796//4306
f 3802//4302 3792//4314 3775//4265
f 3784//4292 3803//4478 3801//4313
f 3799//4308 3810//4315 3804//4316
f 3794//4304 3807//4491 3786//4299
f 3795//4305 3805//4492 3807//4491
f 3806//4317 3805//4492 3795//4305
f 3808//4312 3806//4317 3791//4300
f 3795//4305 3807//4491 3794//4304
f 3791//4300 3806//4317 3793//4301
f 3641//4149 3766//4286 3740//4285
f 3742//4247 3773//4250 3733//4242
f 3642//4155 3741//4284 3775//4265
f 2960//4970 3269//3777 3634//4156
f 3269//3777 3774//4287 3634//4156
f 3733//4242 3781//4320 3770//4248
f 3784//4292 3801//4313 3772//4303
f 3786//4299 3807//4491 3789//4297
f 3794//4304 3786//4299 3781//4320
f 3743//4246 3777//4271 3773//4250
f 3747//4126 3750//4258 3654//4323
f 3703//4333 3817//4328 3698//4217
f 3817//4328 3818//4329 3751//4218
f 3814//4326 3811//4322 3824//4330
f 3704//4212 3814//4326 3820//4331
f 3763//4339 3765//4278 3752//4260
f 3823//4338 3765//4278 3763//4339
f 3813//4321 3826//4341 3811//4322
f 3818//4329 3822//4340 3812//4325
f 3824//4330 3826//4341 3839//4365
f 3813//4321 3750//4258 3825//4337
f 3811//4322 3826//4341 3824//4330
f 3828//4342 3822//4340 3818//4329
f 3829//4384 3828//4342 3817//4328
f 3708//4241 3830//4347 3836//4351
f 3704//4212 3820//4331 3831//4346
f 3830//4347 3837//4353 3835//4368
f 3836//4351 3830//4347 3835//4368
f 3820//4331 3824//4330 3838//4348
f 3824//4330 3839//4365 3838//4348
f 3819//4334 3858//4350 3834//4343
f 3831//4346 3837//4353 3830//4347
f 3708//4241 3836//4351 3729//4240
f 3840//4358 3841//4354 3816//4327
f 3780//4273 3798//4310 3840//4358
f 3798//4310 3842//4357 3840//4358
f 3823//4338 3846//4355 3765//4278
f 3846//4355 3797//4307 3765//4278
f 3845//4359 3846//4355 3823//4338
f 3825//4337 3854//4362 3853//4360
f 3849//4344 3865//4376 3844//4345
f 3843//4336 3841//4354 3848//4361
f 3841//4354 3852//4364 3848//4361
f 3850//4319 3798//4310 3809//4309
f 3829//4384 3817//4328 3834//4343
f 3808//4312 3800//4311 3855//4496
f 3856//4366 3857//4374 3833//4349
f 3859//4370 3829//4384 3834//4343
f 3859//4370 3871//4383 3829//4384
f 3837//4353 3861//4457 3862//4371
f 3833//4349 3857//4374 3863//4373
f 3861//4457 3838//4348 3873//4387
f 3863//4373 3859//4370 3858//4350
f 3833//4349 3863//4373 3858//4350
f 3863//4373 3864//4372 3859//4370
f 3865//4376 3845//4359 3844//4345
f 3846//4355 3866//4378 3867//4377
f 3800//4311 3867//4377 3983//4529
f 3867//4377 3800//4311 3847//4356
f 3868//4375 3846//4355 3845//4359
f 3848//4361 3869//4379 3877//4391
f 3852//4364 3870//4380 3869//4379
f 3854//4362 3878//4395 3853//4360
f 3838//4348 3860//4385 3873//4387
f 3859//4370 3875//4389 3871//4383
f 3871//4383 3875//4389 3872//4386
f 3873//4387 3943//4385 3940//5031
f 3854//4362 3877//4391 3878//4395
f 3877//4391 3869//4379 3998//4537
f 3881//5032 3880//4392 3876//4388
f 3860//4385 3853//4360 3943//4385
f 3853//4360 3878//4395 3883//4393
f 3882//4394 3872//4386 3875//4389
f 3877//4391 3998//4537 3878//4395
f 3943//4473 3882//5033 3875//4474
f 3882//4394 3881//5032 3876//4388
f 3881//5034 3882//5033 3883//5035
f 3943//4473 3883//5035 3882//5033
f 3697//4554 3811//4322 3814//4326
f 3819//4334 3703//4333 3702//4219
f 3725//4232 3731//4367 3727//4233
f 3839//4365 3860//4385 3838//4348
f 3837//4353 3862//4371 3835//4368
f 3838//4348 3861//4457 3837//4353
f 3698//4217 3614//4123 3653//4168
f 3847//4356 3800//4311 3797//4307
f 3764//4256 3780//4273 3840//4358
f 3672//4187 3885//4398 3884//4400
f 3681//4402 3890//4405 3888//4403
f 3887//4411 3718//4555 3684//4195
f 3895//4408 3683//4412 3677//4193
f 3888//4403 3890//4405 3889//4404
f 1983//2300 3892//4399 2062//2381
f 3683//4412 3896//4413 3887//4411
f 3888//4403 3902//5036 3897//4414
f 3885//4398 3886//4401 3897//4414
f 3892//4399 3894//4410 3899//5037
f 3894//4410 3900//5038 3899//5037
f 3892//4399 3899//5037 2062//2381
f 3894//4410 3897//4414 3900//5038
f 3897//4414 3902//5036 3903//5039
f 3901//5040 3905//4422 3904//4421
f 3901//5040 3906//4423 3905//4422
f 3901//5040 3908//4426 3907//4427
f 3897//4419 3901//4425 3898//4420
f 3897//4419 3903//5041 3912//5042
f 3897//4419 3912//5042 3908//4424
f 3901//5040 3907//4427 3906//4423
f 3912//4431 3896//4413 3908//4426
f 3908//4426 3896//4413 3906//4423
f 2062//4428 3893//4417 2058//2385
f 3909//4430 3719//4442 3718//4555
f 3910//4432 3720//4229 3719//4442
f 3716//4228 3911//4436 3889//4404
f 3914//4429 3919//4439 3913//4441
f 3914//4429 3913//4441 3909//4430
f 3919//4439 3910//4432 3913//4441
f 3909//4430 3913//4441 3719//4442
f 3889//4404 3903//5039 3902//5036
f 3911//4436 3922//4444 3921//5043
f 3903//5039 3889//4404 3921//5043
f 3920//4440 3931//4461 3918//4437
f 3903//5041 3914//4445 3912//5042
f 3903//5041 3921//4446 3914//4445
f 3939//4450 3920//4448 3923//4452
f 3922//4447 3919//4449 3914//4445
f 3887//4411 3909//4430 3718//4555
f 3888//4403 3889//4404 3902//5036
f 3901//5040 3904//4421 3898//4415
f 3917//4435 3939//5044 3923//4443
f 3911//4436 3921//5043 3889//4404
f 3917//4435 3923//4443 3916//4433
f 3728//4238 3925//4367 3731//4367
f 3925//4367 3856//4366 3731//4367
f 3927//4438 3925//4367 3728//4238
f 3931//4461 3927//4438 3918//4437
f 3927//4438 3929//4367 3925//4367
f 3930//4434 3932//4456 3939//5044
f 3928//4454 3857//4374 3856//4366
f 3924//4453 3937//4459 3935//4455
f 3924//4453 3926//4369 3937//4459
f 3861//4457 3941//5045 3933//4458
f 3862//4371 3933//4458 3926//4369
f 3930//4434 3939//5044 3917//4435
f 3932//5046 3936//5047 3931//4451
f 3935//5048 3936//5047 3932//5046
f 3936//5047 3935//5048 3929//4465
f 3936//4462 3929//4367 3927//4438
f 3935//5048 3937//4463 3929//4465
f 3873//4387 3940//5031 3941//5045
f 3933//4458 3941//5045 3938//4475
f 3941//4472 3940//4471 3942//4470
f 3943//4473 3874//4469 3940//4471
f 3941//4472 3942//4470 3934//4466
f 3939//4450 3932//5046 3931//4451
f 3768//4288 3945//4489 3788//4289
f 3801//4313 3950//4481 3951//4482
f 3803//4478 3958//4480 3801//4313
f 3946//3870 3953//4484 3774//4287
f 3790//4296 3975//4501 3945//4489
f 3788//4289 3956//4486 3294//3810
f 3789//4297 3967//4494 3952//4476
f 3962//4483 3961//4318 3810//4315
f 3962//4483 3984//4524 3961//4318
f 3951//4482 3966//4498 3962//4483
f 3855//4496 3963//4531 3960//4495
f 3949//4477 3965//4504 3958//4480
f 3958//4480 3965//4504 3964//4497
f 3951//4482 3950//4481 3966//4498
f 3959//4493 3968//4520 3967//4494
f 3949//4477 3955//4503 3965//4504
f 3957//4490 3960//4495 3970//4521
f 3957//4490 3968//4520 3959//4493
f 3970//4521 3968//4520 3957//4490
f 3971//4495 3970//4521 3960//4495
f 3953//4484 3974//5049 3944//4479
f 3974//5049 3976//5050 3944//4479
f 3946//3870 3974//5049 3953//4484
f 3944//4479 3976//5050 3954//4485
f 3790//4296 3977//4488 3975//4501
f 3967//4494 3969//4514 3978//4523
f 3966//4498 3972//4499 3981//4505
f 3974//4506 3946//5025 3380//3886
f 3956//4507 3975//4509 3976//4508
f 3977//4511 3954//4510 3975//4509
f 3979//4516 3969//4515 3965//4518
f 3972//4517 3980//4519 3970//5051
f 3981//5052 3970//5051 3993//4551
f 3981//5052 3972//4517 3970//5051
f 3978//4523 3977//4488 3952//4476
f 3978//4512 3979//4516 3954//4510
f 3800//4311 3983//4529 3855//4496
f 3982//4397 3985//4526 3851//4363
f 3982//4397 3984//4524 3995//4525
f 3870//4380 3985//4526 3989//5053
f 3983//4529 3963//4531 3855//4496
f 3870//4380 3989//5053 3997//4527
f 3990//4536 3989//5053 3985//4526
f 3984//4524 3993//4500 3994//4534
f 3989//5053 3990//4536 4000//5054
f 3986//4530 3983//4529 3867//4377
f 3989//5053 4000//5054 3997//4527
f 3998//4537 4002//4396 3878//4395
f 3963//4531 4001//4542 3992//4541
f 3987//4528 4001//4542 3963//4531
f 3971//4495 3992//4541 3973//4522
f 4001//4538 3996//5055 3994//4539
f 4000//4543 3990//5056 3986//4544
f 3986//4544 3996//5055 4001//4538
f 3990//5056 3996//5055 3986//4544
f 3998//4550 3997//4546 3880//4548
f 3881//5034 3883//5035 4002//4549
f 4000//4543 3991//4545 3997//4546
f 3993//4551 3970//5051 3973//4552
f 3994//4534 3996//4535 3995//4525
f 3963//4531 3971//4495 3960//4495
f 3804//4316 3810//4315 3961//4318
f 3850//4319 3961//4318 3982//4397
f 3879//4381 3999//4532 3868//4375
f 4002//4549 3880//4548 3881//5034
f 3609//4119 3652//4259 3608//4117
f 3741//4284 3642//4155 3637//4157
f 3655//4175 3884//4400 1983//2300
f 3861//4457 3873//4387 3941//5045
f 3874//4390 3859//4370 3864//4372
f 2082//4746 2078//2418 239//339
f 2078//2418 126//340 239//339
f 2070//2398 285//387 235//2399
f 330//469 2209//4904 2185//4750
f 2126//4558 343//462 307//457
f 330//473 346//472 2211//4559
f 2195//2571 2217//2570 343//4560
f 2217//2570 2251//2617 375//507
f 382//518 2261//2630 2211//4559
f 382//518 387//520 2265//2632
f 2341//4561 2356//5057 408//4562
f 406//549 2353//2750 2265//2632
f 419//563 2362//2761 2353//2750
f 2356//5057 420//4566 408//4562
f 419//563 429//575 2373//2776
f 2371//4564 2375//4567 425//4565
f 2356//5057 2371//4564 420//4566
f 2375//4567 2382//4569 435//4568
f 2382//4569 2387//4571 442//4570
f 2387//4571 2401//4588 458//4572
f 455//620 2394//2811 2373//2776
f 2341//4561 397//4563 375//507
f 2450//2854 637//4787 645//791
f 693//882 2534//2972 2418//2956
f 2553//2987 697//898 694//2988
f 684//4576 2599//4574 2534//5058
f 2553//3018 2581//3017 719//932
f 739//4573 2685//4578 2599//4574
f 2604//3043 742//990 719//932
f 755//4577 2686//4580 2685//4578
f 2689//3160 757//989 742//990
f 755//4577 766//4581 2701//4579
f 2689//3160 770//1001 757//989
f 766//4581 779//4584 2719//4582
f 2713//3183 781//1009 770//1001
f 790//4583 799//4587 2731//4586
f 2713//3183 2734//3214 791//1031
f 2734//3214 2746//3223 809//1043
f 799//4587 810//1856 2747//3891
f 2746//3223 2758//3240 822//1061
f 2401//4588 2766//4590 914//4589
f 932//1207 2780//3263 915//1208
f 2784//3265 936//4592 914//4589
f 932//1207 955//1246 2814//3282
f 2784//3265 2801//4964 964//4591
f 2819//4594 990//1284 964//4595
f 2817//4824 1088//1307 2874//3357
f 1008//1715 2874//3357 1088//1307
f 13//22 2921//3363 1096//1397
f 2926//3362 3105//1700 1434//1314
f 1549//1855 2747//3891 810//1856
f 1550//1854 3394//3890 1549//1855
f 1550//1854 1564//4597 3407//3904
f 2758//3240 3410//3907 1565//1874
f 1564//4597 3424//3924 3407//3904
f 3410//3907 3438//3939 1595//1917
f 1608//1937 1610//4670 3440//4598
f 3438//3963 1623//3962 1595//1951
f 470//619 912//4817 456//612
f 461//607 467//615 451//599
f 2399//2799 2765//3258 2400//2806
f 2402//2812 2767//3251 2410//2813
f 2413//2818 2777//3262 2414//2808
f 1547//1859 818//4801 817//1054
f 820//1047 1551//1060 1542//1053
f 2748//3233 2756//4963 3396//3893
f 2761//3243 3404//3901 2753//3230
f 2763//3245 3398//3241 2751//3232
f 175//299 267//4745 553//729
f 299//4599 577//4782 553//753
f 667//4603 669//956 321//430
f 676//872 577//871 339//476
f 363//4606 722//943 676//942
f 378//4604 669//956 735//957
f 381//542 735//957 738//961
f 743//4619 722//943 383//4605
f 396//4610 753//4609 743//4619
f 402//545 738//961 758//991
f 765//5059 753//4609 410//4611
f 758//991 772//1002 413//559
f 410//4611 777//4612 765//5059
f 772//1002 783//1017 413//559
f 788//5060 777//4612 430//4614
f 797//4616 788//5060 430//4614
f 783//1017 792//1035 434//591
f 446//595 434//591 792//1035
f 446//595 813//1049 448//593
f 817//4622 797//4616 456//4618
f 917//4621 1552//1858 817//4622
f 813//1049 1544//1864 911//1201
f 925//1224 1544//1864 1569//1867
f 917//4621 1582//1899 1552//1858
f 1799//1827 1633//1826 1033//1348
f 4026//2030 1596//1919 979//1241
f 1013//1181 1516//1825 1299//1153
f 1304//1154 1799//1827 907//4620
f 2203//2501 2172//2500 2430//4626
f 2208//2581 2582//4629 2540//4939
f 2606//3039 2603//3038 2253//4634
f 2540//4630 2606//3039 2226//2584
f 2619//3058 2596//3029 2273//4636
f 2314//2733 2330//3087 2477//2867
f 2603//3038 2687//4639 2270//4638
f 2692//3161 2619//3058 2273//4636
f 2687//4639 2697//5061 2346//4640
f 2707//3174 2692//3161 2349//2749
f 2369//2779 2715//3185 2707//3174
f 2346//4640 2697//5061 2712//4641
f 2712//4641 2720//4643 2367//4642
f 2725//3196 2715//3185 2369//2779
f 2720//4643 2729//4645 2376//4644
f 2729//4645 2733//4647 2388//4646
f 2740//3219 2725//3196 2381//2794
f 2733//4647 2748//3233 2402//4648
f 2404//2803 2760//3242 2406//3227
f 3395//3895 3401//3894 2774//4649
f 2415//2817 3405//3903 2760//3242
f 2415//2817 3415//3911 3405//3903
f 3401//3894 3429//3930 2774//4649
f 3429//4653 3449//4663 2835//3350
f 3465//5027 3415//3911 2841//3338
f 2841//3347 2846//3346 3465//3977
f 2846//3346 3467//3976 3465//3977
f 2854//3985 3467//3976 2846//3346
f 2920//3449 44//108 3550//4061
f 3564//4147 2947//3451 2960//4970
f 2920//3449 3550//4061 3576//4148
f 3634//4156 3564//4147 2960//4970
f 2402//4648 2748//3233 3395//3895
f 2851//3349 2911//3410 2908//3441
f 2835//3350 115//4664 4053//4654
f 3488//4006 112//4689 106//4655
f 1577//1891 101//4871 4056//2029
f 1578//1896 1693//1965 1630//1978
f 1118//1424 1119//1416 98//4660
f 3472//4656 106//4655 4042//4662
f 2835//3350 3449//4663 4042//4662
f 3445//3967 4041//5062 104//3995
f 103//4665 4041//5062 3445//3967
f 4040//4666 103//4665 3458//3966
f 2913//3351 4050//4657 96//4667
f 2823//3336 2901//4678 95//4668
f 4049//3413 2822//4965 2898//3385
f 2876//3391 2818//3305 2873//3304
f 1610//4670 94//5063 4040//4666
f 1604//1929 4052//4685 4038//2048
f 969//1287 1120//1290 99//1418
f 3454//3955 4058//4702 4035//4023
f 2912//3353 96//4667 84//4672
f 2909//3506 83//5064 85//4674
f 83//5064 2909//3506 82//4676
f 2901//4678 81//5065 102//4677
f 81//5065 2901//4678 4054//4696
f 79//4681 94//5063 1610//4670
f 1713//1939 4048//4659 79//4681
f 1612//1931 1604//1929 1708//2099
f 1604//1929 109//2049 1708//2099
f 1708//2099 4030//4682 4029//4683
f 1115//1414 1103//1403 1117//1394
f 1100//1324 1101//1229 941//1228
f 88//4694 3455//3958 89//4687
f 3453//3957 4043//4021 3455//3958
f 87//4005 4025//4688 3488//4006
f 3482//3971 3464//4008 3483//4028
f 4024//4690 105//5066 3478//4165
f 3478//4165 3445//3967 111//3996
f 3453//3957 76//4691 97//4020
f 3454//3955 86//4024 3453//3957
f 4032//5067 2900//3335 4023//4692
f 2896//3317 80//4706 75//4693
f 1709//4684 4022//5068 1708//2099
f 1708//2099 4022//5068 4047//5069
f 1707//2045 4027//4873 4021//5070
f 75//4693 74//5071 990//1284
f 1111//1407 4019//1409 1110//1243
f 1109//4837 4018//1406 1108//1405
f 88//4694 73//5072 3475//4164
f 4017//4704 2909//3506 4033//4673
f 2909//3506 2912//3353 4033//4673
f 2900//3335 4032//5067 4016//4695
f 2823//3336 4039//4669 4015//5073
f 2897//3406 2823//3336 4057//4679
f 2823//3336 4015//5073 4057//4679
f 1713//1939 1708//2099 4014//2041
f 1708//2099 4047//5069 4014//2041
f 1118//1424 71//1423 984//1421
f 1120//1290 92//4839 4012//1419
f 990//1284 74//5071 4011//4698
f 4011//4698 4013//4838 1120//1290
f 91//4671 4010//1417 969//1287
f 984//1421 4037//1420 1108//1405
f 4044//4830 942//1234 1018//1334
f 3475//4164 73//5072 69//4700
f 3488//4006 3475//4164 4034//4004
f 3454//3955 4007//4703 68//4701
f 3478//4165 105//5066 4007//4703
f 2909//3506 67//4705 2910//4675
f 2897//3406 66//5074 80//4706
f 66//5074 2897//3406 4006//4707
f 1701//2044 1618//1944 1710//1956
f 4005//2032 4020//4872 1707//2045
f 1707//2045 4021//5070 4046//4708
f 4046//4708 4004//5075 1604//1929
f 1604//1929 4004//5075 72//2046
f 1692//1883 1694//1882 4051//1962
f 1098//1330 1105//1235 4044//4830
